Data from Parasolid IGES Translator 28.1.247, Copyright(c) 2006 Siemens S      1
PLM Software. All Rights Reserved.                                      S      2
1H,,1H;,6HNoname,12H250-1402.igs,27HBy Siemens PLM Incorporated,27HXPlusG      1
 GENERIC/IGES 28.1.247,32,38, 6,308,15,6HNoname,1.000,2,2HMM,1,1.000,15HG      2
20260904.202834,1.0e-05,0.00,6HNoname,6HNoname,11,0,15H20260904.202834; G      3
     110       1       0       1       0       0       0       000010001D      1
     110       1       0       2       0       0       0               0D      2
     110       3       0       1       0       0       0       000010001D      3
     110       1       0       2       0       0       0               0D      4
     120       5       0       1       0       0       0       000010001D      5
     120       1       0       1       0       0       0               0D      6
     126       6       0       1       0       0       0       000010501D      7
     126       1       0       2       0       0       0               0D      8
     126       8       0       1       0       0       0       000010501D      9
     126       1       0       2       0       0       0               0D     10
     126      10       0       1       0       0       0       000010501D     11
     126       1       0       2       0       0       0               0D     12
     126      12       0       1       0       0       0       000010501D     13
     126       1       0       2       0       0       0               0D     14
     102      14       0       1       0       0       0       000010501D     15
     102       1       0       1       0       0       0               0D     16
     124      15       0       1       0       0       0       000010001D     17
     124       1       0       3       0       0       0               0D     18
     100      18       0       1       0       0      17       000010001D     19
     100       1       0       1       0       0       0               0D     20
     110      19       0       1       0       0       0       000010001D     21
     110       1       0       2       0       0       0               0D     22
     124      21       0       1       0       0       0       000010001D     23
     124       1       0       3       0       0       0               0D     24
     100      24       0       1       0       0      23       000010001D     25
     100       1       0       1       0       0       0               0D     26
     110      25       0       1       0       0       0       000010001D     27
     110       1       0       2       0       0       0               0D     28
     102      27       0       1       0       0       0       000010001D     29
     102       1       0       1       0       0       0               0D     30
     142      28       0       1       0       0       0       000010001D     31
     142       1       0       1       0       0       0               0D     32
     144      29       0       1       0       0       0       000000001D     33
     144       1       0       1       0       0       0               0D     34
     110      30       0       1       0       0       0       000010001D     35
     110       1       0       2       0       0       0               0D     36
     110      32       0       1       0       0       0       000010001D     37
     110       1       0       2       0       0       0               0D     38
     120      34       0       1       0       0       0       000010001D     39
     120       1       0       1       0       0       0               0D     40
     126      35       0       1       0       0       0       000010501D     41
     126       1       0       2       0       0       0               0D     42
     126      37       0       1       0       0       0       000010501D     43
     126       1       0       2       0       0       0               0D     44
     126      39       0       1       0       0       0       000010501D     45
     126       1       0       2       0       0       0               0D     46
     126      41       0       1       0       0       0       000010501D     47
     126       1       0       2       0       0       0               0D     48
     102      43       0       1       0       0       0       000010501D     49
     102       1       0       1       0       0       0               0D     50
     124      44       0       1       0       0       0       000010001D     51
     124       1       0       3       0       0       0               0D     52
     100      47       0       1       0       0      51       000010001D     53
     100       1       0       1       0       0       0               0D     54
     110      48       0       1       0       0       0       000010001D     55
     110       1       0       2       0       0       0               0D     56
     124      50       0       1       0       0       0       000010001D     57
     124       1       0       3       0       0       0               0D     58
     100      53       0       1       0       0      57       000010001D     59
     100       1       0       1       0       0       0               0D     60
     110      54       0       1       0       0       0       000010001D     61
     110       1       0       2       0       0       0               0D     62
     102      56       0       1       0       0       0       000010001D     63
     102       1       0       1       0       0       0               0D     64
     142      57       0       1       0       0       0       000010001D     65
     142       1       0       1       0       0       0               0D     66
     144      58       0       1       0       0       0       000000001D     67
     144       1       0       1       0       0       0               0D     68
     110      59       0       1       0       0       0       000010001D     69
     110       1       0       2       0       0       0               0D     70
     110      61       0       1       0       0       0       000010001D     71
     110       1       0       2       0       0       0               0D     72
     120      63       0       1       0       0       0       000010001D     73
     120       1       0       1       0       0       0               0D     74
     126      64       0       1       0       0       0       000010501D     75
     126       1       0       5       0       0       0               0D     76
     126      69       0       1       0       0       0       000010501D     77
     126       1       0       3       0       0       0               0D     78
     126      72       0       1       0       0       0       000010501D     79
     126       1       0       6       0       0       0               0D     80
     126      78       0       1       0       0       0       000010501D     81
     126       1       0       5       0       0       0               0D     82
     126      83       0       1       0       0       0       000010501D     83
     126       1       0       3       0       0       0               0D     84
     126      86       0       1       0       0       0       000010501D     85
     126       1       0       6       0       0       0               0D     86
     102      92       0       1       0       0       0       000010501D     87
     102       1       0       1       0       0       0               0D     88
     124      93       0       1       0       0       0       000010001D     89
     124       1       0       4       0       0       0               0D     90
     104      97       0       1       0       0      89       000010001D     91
     104       1       0       3       1       0       0               0D     92
     110     100       0       1       0       0       0       000010001D     93
     110       1       0       2       0       0       0               0D     94
     124     102       0       1       0       0       0       000010001D     95
     124       1       0       3       0       0       0               0D     96
     104     105       0       1       0       0      95       000010001D     97
     104       1       0       3       1       0       0               0D     98
     124     108       0       1       0       0       0       000010001D     99
     124       1       0       3       0       0       0               0D    100
     104     111       0       1       0       0      99       000010001D    101
     104       1       0       3       1       0       0               0D    102
     110     114       0       1       0       0       0       000010001D    103
     110       1       0       1       0       0       0               0D    104
     124     115       0       1       0       0       0       000010001D    105
     124       1       0       3       0       0       0               0D    106
     104     118       0       1       0       0     105       000010001D    107
     104       1       0       3       1       0       0               0D    108
     102     121       0       1       0       0       0       000010001D    109
     102       1       0       1       0       0       0               0D    110
     142     122       0       1       0       0       0       000010001D    111
     142       1       0       1       0       0       0               0D    112
     144     123       0       1       0       0       0       000000001D    113
     144       1       0       1       0       0       0               0D    114
     110     124       0       1       0       0       0       000010001D    115
     110       1       0       2       0       0       0               0D    116
     122     126       0       1       0       0       0       000010001D    117
     122       1       0       1       0       0       0               0D    118
     126     127       0       1       0       0       0       000010501D    119
     126       1       0       4       0       0       0               0D    120
     126     131       0       1       0       0       0       000010501D    121
     126       1       0       2       0       0       0               0D    122
     126     133       0       1       0       0       0       000010501D    123
     126       1       0       2       0       0       0               0D    124
     126     135       0       1       0       0       0       000010501D    125
     126       1       0       2       0       0       0               0D    126
     126     137       0       1       0       0       0       000010501D    127
     126       1       0       2       0       0       0               0D    128
     126     139       0       1       0       0       0       000010501D    129
     126       1       0       2       0       0       0               0D    130
     126     141       0       1       0       0       0       000010501D    131
     126       1       0       4       0       0       0               0D    132
     126     145       0       1       0       0       0       000010501D    133
     126       1       0      20       0       0       0               0D    134
     126     165       0       1       0       0       0       000010501D    135
     126       1       0       4       0       0       0               0D    136
     126     169       0       1       0       0       0       000010501D    137
     126       1       0       3       0       0       0               0D    138
     126     172       0       1       0       0       0       000010501D    139
     126       1       0       4       0       0       0               0D    140
     126     176       0       1       0       0       0       000010501D    141
     126       1       0      20       0       0       0               0D    142
     102     196       0       1       0       0       0       000010501D    143
     102       1       0       1       0       0       0               0D    144
     110     197       0       1       0       0       0       000010001D    145
     110       1       0       2       0       0       0               0D    146
     110     199       0       1       0       0       0       000010001D    147
     110       1       0       2       0       0       0               0D    148
     110     201       0       1       0       0       0       000010001D    149
     110       1       0       2       0       0       0               0D    150
     110     203       0       1       0       0       0       000010001D    151
     110       1       0       2       0       0       0               0D    152
     110     205       0       1       0       0       0       000010001D    153
     110       1       0       2       0       0       0               0D    154
     110     207       0       1       0       0       0       000010001D    155
     110       1       0       2       0       0       0               0D    156
     110     209       0       1       0       0       0       000010001D    157
     110       1       0       2       0       0       0               0D    158
     124     211       0       1       0       0       0       000010001D    159
     124       1       0       2       0       0       0               0D    160
     100     213       0       1       0       0     159       000010001D    161
     100       1       0       1       0       0       0               0D    162
     110     214       0       1       0       0       0       000010001D    163
     110       1       0       2       0       0       0               0D    164
     110     216       0       1       0       0       0       000010001D    165
     110       1       0       2       0       0       0               0D    166
     110     218       0       1       0       0       0       000010001D    167
     110       1       0       2       0       0       0               0D    168
     124     220       0       1       0       0       0       000010001D    169
     124       1       0       2       0       0       0               0D    170
     100     222       0       1       0       0     169       000010001D    171
     100       1       0       1       0       0       0               0D    172
     102     223       0       1       0       0       0       000010001D    173
     102       1       0       1       0       0       0               0D    174
     142     224       0       1       0       0       0       000010001D    175
     142       1       0       1       0       0       0               0D    176
     144     225       0       1       0       0       0       000000001D    177
     144       1       0       1       0       0       0               0D    178
     110     226       0       1       0       0       0       000010001D    179
     110       1       0       2       0       0       0               0D    180
     110     228       0       1       0       0       0       000010001D    181
     110       1       0       2       0       0       0               0D    182
     120     230       0       1       0       0       0       000010001D    183
     120       1       0       1       0       0       0               0D    184
     126     231       0       1       0       0       0       000010501D    185
     126       1       0       6       0       0       0               0D    186
     126     237       0       1       0       0       0       000010501D    187
     126       1       0       5       0       0       0               0D    188
     126     242       0       1       0       0       0       000010501D    189
     126       1       0       3       0       0       0               0D    190
     126     245       0       1       0       0       0       000010501D    191
     126       1       0       4       0       0       0               0D    192
     126     249       0       1       0       0       0       000010501D    193
     126       1       0       3       0       0       0               0D    194
     102     252       0       1       0       0       0       000010501D    195
     102       1       0       1       0       0       0               0D    196
     124     253       0       1       0       0       0       000010001D    197
     124       1       0       3       0       0       0               0D    198
     104     256       0       1       0       0     197       000010001D    199
     104       1       0       3       1       0       0               0D    200
     124     259       0       1       0       0       0       000010001D    201
     124       1       0       3       0       0       0               0D    202
     104     262       0       1       0       0     201       000010001D    203
     104       1       0       3       1       0       0               0D    204
     110     265       0       1       0       0       0       000010001D    205
     110       1       0       1       0       0       0               0D    206
     124     266       0       1       0       0       0       000010001D    207
     124       1       0       1       0       0       0               0D    208
     100     267       0       1       0       0     207       000010001D    209
     100       1       0       1       0       0       0               0D    210
     110     268       0       1       0       0       0       000010001D    211
     110       1       0       2       0       0       0               0D    212
     102     270       0       1       0       0       0       000010001D    213
     102       1       0       1       0       0       0               0D    214
     142     271       0       1       0       0       0       000010001D    215
     142       1       0       1       0       0       0               0D    216
     144     272       0       1       0       0       0       000000001D    217
     144       1       0       1       0       0       0               0D    218
     110     273       0       1       0       0       0       000010001D    219
     110       1       0       1       0       0       0               0D    220
     110     274       0       1       0       0       0       000010001D    221
     110       1       0       2       0       0       0               0D    222
     120     276       0       1       0       0       0       000010001D    223
     120       1       0       1       0       0       0               0D    224
     126     277       0       1       0       0       0       000010501D    225
     126       1       0       4       0       0       0               0D    226
     126     281       0       1       0       0       0       000010501D    227
     126       1       0       3       0       0       0               0D    228
     126     284       0       1       0       0       0       000010501D    229
     126       1       0       5       0       0       0               0D    230
     126     289       0       1       0       0       0       000010501D    231
     126       1       0       4       0       0       0               0D    232
     126     293       0       1       0       0       0       000010501D    233
     126       1       0       5       0       0       0               0D    234
     102     298       0       1       0       0       0       000010501D    235
     102       1       0       1       0       0       0               0D    236
     124     299       0       1       0       0       0       000010001D    237
     124       1       0       3       0       0       0               0D    238
     100     302       0       1       0       0     237       000010001D    239
     100       1       0       1       0       0       0               0D    240
     124     303       0       1       0       0       0       000010001D    241
     124       1       0       3       0       0       0               0D    242
     100     306       0       1       0       0     241       000010001D    243
     100       1       0       1       0       0       0               0D    244
     124     307       0       1       0       0       0       000010001D    245
     124       1       0       4       0       0       0               0D    246
     104     311       0       1       0       0     245       000010001D    247
     104       1       0       3       1       0       0               0D    248
     124     314       0       1       0       0       0       000010001D    249
     124       1       0       2       0       0       0               0D    250
     100     316       0       1       0       0     249       000010001D    251
     100       1       0       1       0       0       0               0D    252
     124     317       0       1       0       0       0       000010001D    253
     124       1       0       4       0       0       0               0D    254
     104     321       0       1       0       0     253       000010001D    255
     104       1       0       3       1       0       0               0D    256
     102     324       0       1       0       0       0       000010001D    257
     102       1       0       1       0       0       0               0D    258
     142     325       0       1       0       0       0       000010001D    259
     142       1       0       1       0       0       0               0D    260
     144     326       0       1       0       0       0       000000001D    261
     144       1       0       1       0       0       0               0D    262
     110     327       0       1       0       0       0       000010001D    263
     110       1       0       1       0       0       0               0D    264
     122     328       0       1       0       0       0       000010001D    265
     122       1       0       1       0       0       0               0D    266
     126     329       0       1       0       0       0       000010501D    267
     126       1       0       4       0       0       0               0D    268
     126     333       0       1       0       0       0       000010501D    269
     126       1       0       4       0       0       0               0D    270
     126     337       0       1       0       0       0       000010501D    271
     126       1       0       3       0       0       0               0D    272
     126     340       0       1       0       0       0       000010501D    273
     126       1       0       2       0       0       0               0D    274
     126     342       0       1       0       0       0       000010501D    275
     126       1       0       3       0       0       0               0D    276
     102     345       0       1       0       0       0       000010501D    277
     102       1       0       1       0       0       0               0D    278
     124     346       0       1       0       0       0       000010001D    279
     124       1       0       3       0       0       0               0D    280
     104     349       0       1       0       0     279       000010001D    281
     104       1       0       3       1       0       0               0D    282
     110     352       0       1       0       0       0       000010001D    283
     110       1       0       2       0       0       0               0D    284
     110     354       0       1       0       0       0       000010001D    285
     110       1       0       1       0       0       0               0D    286
     110     355       0       1       0       0       0       000010001D    287
     110       1       0       1       0       0       0               0D    288
     110     356       0       1       0       0       0       000010001D    289
     110       1       0       1       0       0       0               0D    290
     102     357       0       1       0       0       0       000010001D    291
     102       1       0       1       0       0       0               0D    292
     142     358       0       1       0       0       0       000010001D    293
     142       1       0       1       0       0       0               0D    294
     144     359       0       1       0       0       0       000000001D    295
     144       1       0       1       0       0       0               0D    296
     110     360       0       1       0       0       0       000010001D    297
     110       1       0       1       0       0       0               0D    298
     122     361       0       1       0       0       0       000010001D    299
     122       1       0       1       0       0       0               0D    300
     126     362       0       1       0       0       0       000010501D    301
     126       1       0       3       0       0       0               0D    302
     126     365       0       1       0       0       0       000010501D    303
     126       1       0       4       0       0       0               0D    304
     126     369       0       1       0       0       0       000010501D    305
     126       1       0       5       0       0       0               0D    306
     126     374       0       1       0       0       0       000010501D    307
     126       1       0       3       0       0       0               0D    308
     126     377       0       1       0       0       0       000010501D    309
     126       1       0       2       0       0       0               0D    310
     102     379       0       1       0       0       0       000010501D    311
     102       1       0       1       0       0       0               0D    312
     110     380       0       1       0       0       0       000010001D    313
     110       1       0       1       0       0       0               0D    314
     110     381       0       1       0       0       0       000010001D    315
     110       1       0       2       0       0       0               0D    316
     124     383       0       1       0       0       0       000010001D    317
     124       1       0       2       0       0       0               0D    318
     104     385       0       1       0       0     317       000010001D    319
     104       1       0       3       1       0       0               0D    320
     110     388       0       1       0       0       0       000010001D    321
     110       1       0       1       0       0       0               0D    322
     110     389       0       1       0       0       0       000010001D    323
     110       1       0       1       0       0       0               0D    324
     102     390       0       1       0       0       0       000010001D    325
     102       1       0       1       0       0       0               0D    326
     142     391       0       1       0       0       0       000010001D    327
     142       1       0       1       0       0       0               0D    328
     144     392       0       1       0       0       0       000000001D    329
     144       1       0       1       0       0       0               0D    330
     110     393       0       1       0       0       0       000010001D    331
     110       1       0       2       0       0       0               0D    332
     122     395       0       1       0       0       0       000010001D    333
     122       1       0       1       0       0       0               0D    334
     126     396       0       1       0       0       0       000010501D    335
     126       1       0       3       0       0       0               0D    336
     126     399       0       1       0       0       0       000010501D    337
     126       1       0       4       0       0       0               0D    338
     126     403       0       1       0       0       0       000010501D    339
     126       1       0       2       0       0       0               0D    340
     126     405       0       1       0       0       0       000010501D    341
     126       1       0       3       0       0       0               0D    342
     126     408       0       1       0       0       0       000010501D    343
     126       1       0       3       0       0       0               0D    344
     126     411       0       1       0       0       0       000010501D    345
     126       1       0       2       0       0       0               0D    346
     102     413       0       1       0       0       0       000010501D    347
     102       1       0       1       0       0       0               0D    348
     110     414       0       1       0       0       0       000010001D    349
     110       1       0       1       0       0       0               0D    350
     110     415       0       1       0       0       0       000010001D    351
     110       1       0       2       0       0       0               0D    352
     110     417       0       1       0       0       0       000010001D    353
     110       1       0       2       0       0       0               0D    354
     110     419       0       1       0       0       0       000010001D    355
     110       1       0       2       0       0       0               0D    356
     110     421       0       1       0       0       0       000010001D    357
     110       1       0       1       0       0       0               0D    358
     110     422       0       1       0       0       0       000010001D    359
     110       1       0       1       0       0       0               0D    360
     102     423       0       1       0       0       0       000010001D    361
     102       1       0       1       0       0       0               0D    362
     142     424       0       1       0       0       0       000010001D    363
     142       1       0       1       0       0       0               0D    364
     144     425       0       1       0       0       0       000000001D    365
     144       1       0       1       0       0       0               0D    366
     110     426       0       1       0       0       0       000010001D    367
     110       1       0       2       0       0       0               0D    368
     122     428       0       1       0       0       0       000010001D    369
     122       1       0       1       0       0       0               0D    370
     126     429       0       1       0       0       0       000010501D    371
     126       1       0       2       0       0       0               0D    372
     126     431       0       1       0       0       0       000010501D    373
     126       1       0       4       0       0       0               0D    374
     126     435       0       1       0       0       0       000010501D    375
     126       1       0       3       0       0       0               0D    376
     126     438       0       1       0       0       0       000010501D    377
     126       1       0       2       0       0       0               0D    378
     126     440       0       1       0       0       0       000010501D    379
     126       1       0       3       0       0       0               0D    380
     126     443       0       1       0       0       0       000010501D    381
     126       1       0       3       0       0       0               0D    382
     102     446       0       1       0       0       0       000010501D    383
     102       1       0       1       0       0       0               0D    384
     110     447       0       1       0       0       0       000010001D    385
     110       1       0       2       0       0       0               0D    386
     110     449       0       1       0       0       0       000010001D    387
     110       1       0       2       0       0       0               0D    388
     110     451       0       1       0       0       0       000010001D    389
     110       1       0       1       0       0       0               0D    390
     110     452       0       1       0       0       0       000010001D    391
     110       1       0       1       0       0       0               0D    392
     110     453       0       1       0       0       0       000010001D    393
     110       1       0       1       0       0       0               0D    394
     110     454       0       1       0       0       0       000010001D    395
     110       1       0       2       0       0       0               0D    396
     102     456       0       1       0       0       0       000010001D    397
     102       1       0       1       0       0       0               0D    398
     142     457       0       1       0       0       0       000010001D    399
     142       1       0       1       0       0       0               0D    400
     144     458       0       1       0       0       0       000000001D    401
     144       1       0       1       0       0       0               0D    402
     110     459       0       1       0       0       0       000010001D    403
     110       1       0       2       0       0       0               0D    404
     110     461       0       1       0       0       0       000010001D    405
     110       1       0       2       0       0       0               0D    406
     120     463       0       1       0       0       0       000010001D    407
     120       1       0       1       0       0       0               0D    408
     126     464       0       1       0       0       0       000010501D    409
     126       1       0       5       0       0       0               0D    410
     126     469       0       1       0       0       0       000010501D    411
     126       1       0       3       0       0       0               0D    412
     126     472       0       1       0       0       0       000010501D    413
     126       1       0       4       0       0       0               0D    414
     126     476       0       1       0       0       0       000010501D    415
     126       1       0       3       0       0       0               0D    416
     126     479       0       1       0       0       0       000010501D    417
     126       1       0       6       0       0       0               0D    418
     102     485       0       1       0       0       0       000010501D    419
     102       1       0       1       0       0       0               0D    420
     124     486       0       1       0       0       0       000010001D    421
     124       1       0       4       0       0       0               0D    422
     104     490       0       1       0       0     421       000010001D    423
     104       1       0       3       1       0       0               0D    424
     110     493       0       1       0       0       0       000010001D    425
     110       1       0       2       0       0       0               0D    426
     124     495       0       1       0       0       0       000010001D    427
     124       1       0       1       0       0       0               0D    428
     100     496       0       1       0       0     427       000010001D    429
     100       1       0       1       0       0       0               0D    430
     110     497       0       1       0       0       0       000010001D    431
     110       1       0       1       0       0       0               0D    432
     124     498       0       1       0       0       0       000010001D    433
     124       1       0       3       0       0       0               0D    434
     104     501       0       1       0       0     433       000010001D    435
     104       1       0       3       1       0       0               0D    436
     102     504       0       1       0       0       0       000010001D    437
     102       1       0       1       0       0       0               0D    438
     142     505       0       1       0       0       0       000010001D    439
     142       1       0       1       0       0       0               0D    440
     144     506       0       1       0       0       0       000000001D    441
     144       1       0       1       0       0       0               0D    442
     110     507       0       1       0       0       0       000010001D    443
     110       1       0       1       0       0       0               0D    444
     110     508       0       1       0       0       0       000010001D    445
     110       1       0       2       0       0       0               0D    446
     120     510       0       1       0       0       0       000010001D    447
     120       1       0       1       0       0       0               0D    448
     126     511       0       1       0       0       0       000010501D    449
     126       1       0       4       0       0       0               0D    450
     126     515       0       1       0       0       0       000010501D    451
     126       1       0       3       0       0       0               0D    452
     126     518       0       1       0       0       0       000010501D    453
     126       1       0       5       0       0       0               0D    454
     126     523       0       1       0       0       0       000010501D    455
     126       1       0       4       0       0       0               0D    456
     126     527       0       1       0       0       0       000010501D    457
     126       1       0       5       0       0       0               0D    458
     102     532       0       1       0       0       0       000010501D    459
     102       1       0       1       0       0       0               0D    460
     124     533       0       1       0       0       0       000010001D    461
     124       1       0       3       0       0       0               0D    462
     100     536       0       1       0       0     461       000010001D    463
     100       1       0       1       0       0       0               0D    464
     124     537       0       1       0       0       0       000010001D    465
     124       1       0       3       0       0       0               0D    466
     100     540       0       1       0       0     465       000010001D    467
     100       1       0       1       0       0       0               0D    468
     124     541       0       1       0       0       0       000010001D    469
     124       1       0       4       0       0       0               0D    470
     104     545       0       1       0       0     469       000010001D    471
     104       1       0       3       1       0       0               0D    472
     124     548       0       1       0       0       0       000010001D    473
     124       1       0       2       0       0       0               0D    474
     100     550       0       1       0       0     473       000010001D    475
     100       1       0       1       0       0       0               0D    476
     124     551       0       1       0       0       0       000010001D    477
     124       1       0       4       0       0       0               0D    478
     104     555       0       1       0       0     477       000010001D    479
     104       1       0       3       1       0       0               0D    480
     102     558       0       1       0       0       0       000010001D    481
     102       1       0       1       0       0       0               0D    482
     142     559       0       1       0       0       0       000010001D    483
     142       1       0       1       0       0       0               0D    484
     144     560       0       1       0       0       0       000000001D    485
     144       1       0       1       0       0       0               0D    486
     110     561       0       1       0       0       0       000010001D    487
     110       1       0       1       0       0       0               0D    488
     122     562       0       1       0       0       0       000010001D    489
     122       1       0       1       0       0       0               0D    490
     126     563       0       1       0       0       0       000010501D    491
     126       1       0       4       0       0       0               0D    492
     126     567       0       1       0       0       0       000010501D    493
     126       1       0       4       0       0       0               0D    494
     126     571       0       1       0       0       0       000010501D    495
     126       1       0       3       0       0       0               0D    496
     126     574       0       1       0       0       0       000010501D    497
     126       1       0       2       0       0       0               0D    498
     126     576       0       1       0       0       0       000010501D    499
     126       1       0       3       0       0       0               0D    500
     102     579       0       1       0       0       0       000010501D    501
     102       1       0       1       0       0       0               0D    502
     124     580       0       1       0       0       0       000010001D    503
     124       1       0       3       0       0       0               0D    504
     104     583       0       1       0       0     503       000010001D    505
     104       1       0       3       1       0       0               0D    506
     110     586       0       1       0       0       0       000010001D    507
     110       1       0       2       0       0       0               0D    508
     110     588       0       1       0       0       0       000010001D    509
     110       1       0       1       0       0       0               0D    510
     110     589       0       1       0       0       0       000010001D    511
     110       1       0       1       0       0       0               0D    512
     110     590       0       1       0       0       0       000010001D    513
     110       1       0       1       0       0       0               0D    514
     102     591       0       1       0       0       0       000010001D    515
     102       1       0       1       0       0       0               0D    516
     142     592       0       1       0       0       0       000010001D    517
     142       1       0       1       0       0       0               0D    518
     144     593       0       1       0       0       0       000000001D    519
     144       1       0       1       0       0       0               0D    520
     110     594       0       1       0       0       0       000010001D    521
     110       1       0       1       0       0       0               0D    522
     122     595       0       1       0       0       0       000010001D    523
     122       1       0       1       0       0       0               0D    524
     126     596       0       1       0       0       0       000010501D    525
     126       1       0       3       0       0       0               0D    526
     126     599       0       1       0       0       0       000010501D    527
     126       1       0       4       0       0       0               0D    528
     126     603       0       1       0       0       0       000010501D    529
     126       1       0       5       0       0       0               0D    530
     126     608       0       1       0       0       0       000010501D    531
     126       1       0       3       0       0       0               0D    532
     126     611       0       1       0       0       0       000010501D    533
     126       1       0       2       0       0       0               0D    534
     102     613       0       1       0       0       0       000010501D    535
     102       1       0       1       0       0       0               0D    536
     110     614       0       1       0       0       0       000010001D    537
     110       1       0       1       0       0       0               0D    538
     110     615       0       1       0       0       0       000010001D    539
     110       1       0       2       0       0       0               0D    540
     124     617       0       1       0       0       0       000010001D    541
     124       1       0       2       0       0       0               0D    542
     104     619       0       1       0       0     541       000010001D    543
     104       1       0       3       1       0       0               0D    544
     110     622       0       1       0       0       0       000010001D    545
     110       1       0       1       0       0       0               0D    546
     110     623       0       1       0       0       0       000010001D    547
     110       1       0       1       0       0       0               0D    548
     102     624       0       1       0       0       0       000010001D    549
     102       1       0       1       0       0       0               0D    550
     142     625       0       1       0       0       0       000010001D    551
     142       1       0       1       0       0       0               0D    552
     144     626       0       1       0       0       0       000000001D    553
     144       1       0       1       0       0       0               0D    554
     110     627       0       1       0       0       0       000010001D    555
     110       1       0       2       0       0       0               0D    556
     122     629       0       1       0       0       0       000010001D    557
     122       1       0       1       0       0       0               0D    558
     126     630       0       1       0       0       0       000010501D    559
     126       1       0       3       0       0       0               0D    560
     126     633       0       1       0       0       0       000010501D    561
     126       1       0       4       0       0       0               0D    562
     126     637       0       1       0       0       0       000010501D    563
     126       1       0       2       0       0       0               0D    564
     126     639       0       1       0       0       0       000010501D    565
     126       1       0       3       0       0       0               0D    566
     126     642       0       1       0       0       0       000010501D    567
     126       1       0       3       0       0       0               0D    568
     126     645       0       1       0       0       0       000010501D    569
     126       1       0       2       0       0       0               0D    570
     102     647       0       1       0       0       0       000010501D    571
     102       1       0       1       0       0       0               0D    572
     110     648       0       1       0       0       0       000010001D    573
     110       1       0       1       0       0       0               0D    574
     110     649       0       1       0       0       0       000010001D    575
     110       1       0       2       0       0       0               0D    576
     110     651       0       1       0       0       0       000010001D    577
     110       1       0       2       0       0       0               0D    578
     110     653       0       1       0       0       0       000010001D    579
     110       1       0       2       0       0       0               0D    580
     110     655       0       1       0       0       0       000010001D    581
     110       1       0       1       0       0       0               0D    582
     110     656       0       1       0       0       0       000010001D    583
     110       1       0       1       0       0       0               0D    584
     102     657       0       1       0       0       0       000010001D    585
     102       1       0       1       0       0       0               0D    586
     142     658       0       1       0       0       0       000010001D    587
     142       1       0       1       0       0       0               0D    588
     144     659       0       1       0       0       0       000000001D    589
     144       1       0       1       0       0       0               0D    590
     110     660       0       1       0       0       0       000010001D    591
     110       1       0       2       0       0       0               0D    592
     122     662       0       1       0       0       0       000010001D    593
     122       1       0       1       0       0       0               0D    594
     126     663       0       1       0       0       0       000010501D    595
     126       1       0       2       0       0       0               0D    596
     126     665       0       1       0       0       0       000010501D    597
     126       1       0       4       0       0       0               0D    598
     126     669       0       1       0       0       0       000010501D    599
     126       1       0       3       0       0       0               0D    600
     126     672       0       1       0       0       0       000010501D    601
     126       1       0       2       0       0       0               0D    602
     126     674       0       1       0       0       0       000010501D    603
     126       1       0       3       0       0       0               0D    604
     126     677       0       1       0       0       0       000010501D    605
     126       1       0       3       0       0       0               0D    606
     102     680       0       1       0       0       0       000010501D    607
     102       1       0       1       0       0       0               0D    608
     110     681       0       1       0       0       0       000010001D    609
     110       1       0       2       0       0       0               0D    610
     110     683       0       1       0       0       0       000010001D    611
     110       1       0       2       0       0       0               0D    612
     110     685       0       1       0       0       0       000010001D    613
     110       1       0       1       0       0       0               0D    614
     110     686       0       1       0       0       0       000010001D    615
     110       1       0       1       0       0       0               0D    616
     110     687       0       1       0       0       0       000010001D    617
     110       1       0       1       0       0       0               0D    618
     110     688       0       1       0       0       0       000010001D    619
     110       1       0       2       0       0       0               0D    620
     102     690       0       1       0       0       0       000010001D    621
     102       1       0       1       0       0       0               0D    622
     142     691       0       1       0       0       0       000010001D    623
     142       1       0       1       0       0       0               0D    624
     144     692       0       1       0       0       0       000000001D    625
     144       1       0       1       0       0       0               0D    626
     110     693       0       1       0       0       0       000010001D    627
     110       1       0       1       0       0       0               0D    628
     122     694       0       1       0       0       0       000010001D    629
     122       1       0       1       0       0       0               0D    630
     126     695       0       1       0       0       0       000010501D    631
     126       1       0       4       0       0       0               0D    632
     126     699       0       1       0       0       0       000010501D    633
     126       1       0       2       0       0       0               0D    634
     126     701       0       1       0       0       0       000010501D    635
     126       1       0       2       0       0       0               0D    636
     126     703       0       1       0       0       0       000010501D    637
     126       1       0       3       0       0       0               0D    638
     102     706       0       1       0       0       0       000010501D    639
     102       1       0       1       0       0       0               0D    640
     110     707       0       1       0       0       0       000010001D    641
     110       1       0       1       0       0       0               0D    642
     110     708       0       1       0       0       0       000010001D    643
     110       1       0       1       0       0       0               0D    644
     110     709       0       1       0       0       0       000010001D    645
     110       1       0       1       0       0       0               0D    646
     110     710       0       1       0       0       0       000010001D    647
     110       1       0       1       0       0       0               0D    648
     102     711       0       1       0       0       0       000010001D    649
     102       1       0       1       0       0       0               0D    650
     142     712       0       1       0       0       0       000010001D    651
     142       1       0       1       0       0       0               0D    652
     144     713       0       1       0       0       0       000000001D    653
     144       1       0       1       0       0       0               0D    654
     110     714       0       1       0       0       0       000010001D    655
     110       1       0       1       0       0       0               0D    656
     110     715       0       1       0       0       0       000010001D    657
     110       1       0       1       0       0       0               0D    658
     120     716       0       1       0       0       0       000010001D    659
     120       1       0       1       0       0       0               0D    660
     126     717       0       1       0       0       0       000010501D    661
     126       1       0       7       0       0       0               0D    662
     126     724       0       1       0       0       0       000010501D    663
     126       1       0       3       0       0       0               0D    664
     126     727       0       1       0       0       0       000010501D    665
     126       1       0       3       0       0       0               0D    666
     126     730       0       1       0       0       0       000010501D    667
     126       1       0       3       0       0       0               0D    668
     102     733       0       1       0       0       0       000010501D    669
     102       1       0       1       0       0       0               0D    670
     124     734       0       1       0       0       0       000010001D    671
     124       1       0       2       0       0       0               0D    672
     104     736       0       1       0       0     671       000010001D    673
     104       1       0       2       1       0       0               0D    674
     110     738       0       1       0       0       0       000010001D    675
     110       1       0       1       0       0       0               0D    676
     124     739       0       1       0       0       0       000010001D    677
     124       1       0       1       0       0       0               0D    678
     100     740       0       1       0       0     677       000010001D    679
     100       1       0       1       0       0       0               0D    680
     110     741       0       1       0       0       0       000010001D    681
     110       1       0       1       0       0       0               0D    682
     102     742       0       1       0       0       0       000010001D    683
     102       1       0       1       0       0       0               0D    684
     142     743       0       1       0       0       0       000010001D    685
     142       1       0       1       0       0       0               0D    686
     144     744       0       1       0       0       0       000000001D    687
     144       1       0       1       0       0       0               0D    688
     110     745       0       1       0       0       0       000010001D    689
     110       1       0       1       0       0       0               0D    690
     122     746       0       1       0       0       0       000010001D    691
     122       1       0       1       0       0       0               0D    692
     126     747       0       1       0       0       0       000010501D    693
     126       1       0       2       0       0       0               0D    694
     126     749       0       1       0       0       0       000010501D    695
     126       1       0       2       0       0       0               0D    696
     126     751       0       1       0       0       0       000010501D    697
     126       1       0       2       0       0       0               0D    698
     126     753       0       1       0       0       0       000010501D    699
     126       1       0       3       0       0       0               0D    700
     102     756       0       1       0       0       0       000010501D    701
     102       1       0       1       0       0       0               0D    702
     110     757       0       1       0       0       0       000010001D    703
     110       1       0       1       0       0       0               0D    704
     110     758       0       1       0       0       0       000010001D    705
     110       1       0       1       0       0       0               0D    706
     110     759       0       1       0       0       0       000010001D    707
     110       1       0       1       0       0       0               0D    708
     110     760       0       1       0       0       0       000010001D    709
     110       1       0       1       0       0       0               0D    710
     102     761       0       1       0       0       0       000010001D    711
     102       1       0       1       0       0       0               0D    712
     142     762       0       1       0       0       0       000010001D    713
     142       1       0       1       0       0       0               0D    714
     144     763       0       1       0       0       0       000000001D    715
     144       1       0       1       0       0       0               0D    716
     110     764       0       1       0       0       0       000010001D    717
     110       1       0       1       0       0       0               0D    718
     122     765       0       1       0       0       0       000010001D    719
     122       1       0       1       0       0       0               0D    720
     126     766       0       1       0       0       0       000010501D    721
     126       1       0       4       0       0       0               0D    722
     126     770       0       1       0       0       0       000010501D    723
     126       1       0       2       0       0       0               0D    724
     126     772       0       1       0       0       0       000010501D    725
     126       1       0       2       0       0       0               0D    726
     126     774       0       1       0       0       0       000010501D    727
     126       1       0       3       0       0       0               0D    728
     102     777       0       1       0       0       0       000010501D    729
     102       1       0       1       0       0       0               0D    730
     110     778       0       1       0       0       0       000010001D    731
     110       1       0       1       0       0       0               0D    732
     110     779       0       1       0       0       0       000010001D    733
     110       1       0       1       0       0       0               0D    734
     110     780       0       1       0       0       0       000010001D    735
     110       1       0       1       0       0       0               0D    736
     110     781       0       1       0       0       0       000010001D    737
     110       1       0       1       0       0       0               0D    738
     102     782       0       1       0       0       0       000010001D    739
     102       1       0       1       0       0       0               0D    740
     142     783       0       1       0       0       0       000010001D    741
     142       1       0       1       0       0       0               0D    742
     144     784       0       1       0       0       0       000000001D    743
     144       1       0       1       0       0       0               0D    744
     110     785       0       1       0       0       0       000010001D    745
     110       1       0       1       0       0       0               0D    746
     110     786       0       1       0       0       0       000010001D    747
     110       1       0       1       0       0       0               0D    748
     120     787       0       1       0       0       0       000010001D    749
     120       1       0       1       0       0       0               0D    750
     126     788       0       1       0       0       0       000010501D    751
     126       1       0       7       0       0       0               0D    752
     126     795       0       1       0       0       0       000010501D    753
     126       1       0       3       0       0       0               0D    754
     126     798       0       1       0       0       0       000010501D    755
     126       1       0       3       0       0       0               0D    756
     126     801       0       1       0       0       0       000010501D    757
     126       1       0       3       0       0       0               0D    758
     102     804       0       1       0       0       0       000010501D    759
     102       1       0       1       0       0       0               0D    760
     124     805       0       1       0       0       0       000010001D    761
     124       1       0       2       0       0       0               0D    762
     104     807       0       1       0       0     761       000010001D    763
     104       1       0       2       1       0       0               0D    764
     110     809       0       1       0       0       0       000010001D    765
     110       1       0       1       0       0       0               0D    766
     124     810       0       1       0       0       0       000010001D    767
     124       1       0       1       0       0       0               0D    768
     100     811       0       1       0       0     767       000010001D    769
     100       1       0       1       0       0       0               0D    770
     110     812       0       1       0       0       0       000010001D    771
     110       1       0       1       0       0       0               0D    772
     102     813       0       1       0       0       0       000010001D    773
     102       1       0       1       0       0       0               0D    774
     142     814       0       1       0       0       0       000010001D    775
     142       1       0       1       0       0       0               0D    776
     144     815       0       1       0       0       0       000000001D    777
     144       1       0       1       0       0       0               0D    778
     110     816       0       1       0       0       0       000010001D    779
     110       1       0       1       0       0       0               0D    780
     122     817       0       1       0       0       0       000010001D    781
     122       1       0       1       0       0       0               0D    782
     126     818       0       1       0       0       0       000010501D    783
     126       1       0       2       0       0       0               0D    784
     126     820       0       1       0       0       0       000010501D    785
     126       1       0       2       0       0       0               0D    786
     126     822       0       1       0       0       0       000010501D    787
     126       1       0       2       0       0       0               0D    788
     126     824       0       1       0       0       0       000010501D    789
     126       1       0       3       0       0       0               0D    790
     102     827       0       1       0       0       0       000010501D    791
     102       1       0       1       0       0       0               0D    792
     110     828       0       1       0       0       0       000010001D    793
     110       1       0       1       0       0       0               0D    794
     110     829       0       1       0       0       0       000010001D    795
     110       1       0       1       0       0       0               0D    796
     110     830       0       1       0       0       0       000010001D    797
     110       1       0       1       0       0       0               0D    798
     110     831       0       1       0       0       0       000010001D    799
     110       1       0       1       0       0       0               0D    800
     102     832       0       1       0       0       0       000010001D    801
     102       1       0       1       0       0       0               0D    802
     142     833       0       1       0       0       0       000010001D    803
     142       1       0       1       0       0       0               0D    804
     144     834       0       1       0       0       0       000000001D    805
     144       1       0       1       0       0       0               0D    806
     110     835       0       1       0       0       0       000010001D    807
     110       1       0       1       0       0       0               0D    808
     122     836       0       1       0       0       0       000010001D    809
     122       1       0       1       0       0       0               0D    810
     126     837       0       1       0       0       0       000010501D    811
     126       1       0       3       0       0       0               0D    812
     126     840       0       1       0       0       0       000010501D    813
     126       1       0      20       0       0       0               0D    814
     126     860       0       1       0       0       0       000010501D    815
     126       1       0       3       0       0       0               0D    816
     126     863       0       1       0       0       0       000010501D    817
     126       1       0       3       0       0       0               0D    818
     126     866       0       1       0       0       0       000010501D    819
     126       1       0       3       0       0       0               0D    820
     126     869       0       1       0       0       0       000010501D    821
     126       1       0      20       0       0       0               0D    822
     126     889       0       1       0       0       0       000010501D    823
     126       1       0       3       0       0       0               0D    824
     126     892       0       1       0       0       0       000010501D    825
     126       1       0       2       0       0       0               0D    826
     126     894       0       1       0       0       0       000010501D    827
     126       1       0       2       0       0       0               0D    828
     126     896       0       1       0       0       0       000010501D    829
     126       1       0       2       0       0       0               0D    830
     126     898       0       1       0       0       0       000010501D    831
     126       1       0       2       0       0       0               0D    832
     126     900       0       1       0       0       0       000010501D    833
     126       1       0       2       0       0       0               0D    834
     102     902       0       1       0       0       0       000010501D    835
     102       1       0       1       0       0       0               0D    836
     110     903       0       1       0       0       0       000010001D    837
     110       1       0       1       0       0       0               0D    838
     124     904       0       1       0       0       0       000010001D    839
     124       1       0       1       0       0       0               0D    840
     100     905       0       1       0       0     839       000010001D    841
     100       1       0       1       0       0       0               0D    842
     110     906       0       1       0       0       0       000010001D    843
     110       1       0       1       0       0       0               0D    844
     110     907       0       1       0       0       0       000010001D    845
     110       1       0       1       0       0       0               0D    846
     110     908       0       1       0       0       0       000010001D    847
     110       1       0       1       0       0       0               0D    848
     124     909       0       1       0       0       0       000010001D    849
     124       1       0       1       0       0       0               0D    850
     100     910       0       1       0       0     849       000010001D    851
     100       1       0       1       0       0       0               0D    852
     110     911       0       1       0       0       0       000010001D    853
     110       1       0       1       0       0       0               0D    854
     110     912       0       1       0       0       0       000010001D    855
     110       1       0       1       0       0       0               0D    856
     110     913       0       1       0       0       0       000010001D    857
     110       1       0       1       0       0       0               0D    858
     110     914       0       1       0       0       0       000010001D    859
     110       1       0       1       0       0       0               0D    860
     110     915       0       1       0       0       0       000010001D    861
     110       1       0       1       0       0       0               0D    862
     110     916       0       1       0       0       0       000010001D    863
     110       1       0       1       0       0       0               0D    864
     102     917       0       1       0       0       0       000010001D    865
     102       1       0       1       0       0       0               0D    866
     142     918       0       1       0       0       0       000010001D    867
     142       1       0       1       0       0       0               0D    868
     126     919       0       1       0       0       0       000010501D    869
     126       1       0       4       0       0       0               0D    870
     126     923       0       1       0       0       0       000010501D    871
     126       1       0       3       0       0       0               0D    872
     126     926       0       1       0       0       0       000010501D    873
     126       1       0       4       0       0       0               0D    874
     126     930       0       1       0       0       0       000010501D    875
     126       1       0       3       0       0       0               0D    876
     102     933       0       1       0       0       0       000010501D    877
     102       1       0       1       0       0       0               0D    878
     110     934       0       1       0       0       0       000010001D    879
     110       1       0       1       0       0       0               0D    880
     110     935       0       1       0       0       0       000010001D    881
     110       1       0       1       0       0       0               0D    882
     110     936       0       1       0       0       0       000010001D    883
     110       1       0       1       0       0       0               0D    884
     110     937       0       1       0       0       0       000010001D    885
     110       1       0       1       0       0       0               0D    886
     102     938       0       1       0       0       0       000010001D    887
     102       1       0       1       0       0       0               0D    888
     142     939       0       1       0       0       0       000010001D    889
     142       1       0       1       0       0       0               0D    890
     126     940       0       1       0       0       0       000010501D    891
     126       1       0       4       0       0       0               0D    892
     126     944       0       1       0       0       0       000010501D    893
     126       1       0       3       0       0       0               0D    894
     126     947       0       1       0       0       0       000010501D    895
     126       1       0       4       0       0       0               0D    896
     126     951       0       1       0       0       0       000010501D    897
     126       1       0       3       0       0       0               0D    898
     102     954       0       1       0       0       0       000010501D    899
     102       1       0       1       0       0       0               0D    900
     110     955       0       1       0       0       0       000010001D    901
     110       1       0       1       0       0       0               0D    902
     110     956       0       1       0       0       0       000010001D    903
     110       1       0       1       0       0       0               0D    904
     110     957       0       1       0       0       0       000010001D    905
     110       1       0       1       0       0       0               0D    906
     110     958       0       1       0       0       0       000010001D    907
     110       1       0       1       0       0       0               0D    908
     102     959       0       1       0       0       0       000010001D    909
     102       1       0       1       0       0       0               0D    910
     142     960       0       1       0       0       0       000010001D    911
     142       1       0       1       0       0       0               0D    912
     144     961       0       1       0       0       0       000000001D    913
     144       1       0       1       0       0       0               0D    914
     110     962       0       1       0       0       0       000010001D    915
     110       1       0       2       0       0       0               0D    916
     110     964       0       1       0       0       0       000010001D    917
     110       1       0       2       0       0       0               0D    918
     120     966       0       1       0       0       0       000010001D    919
     120       1       0       1       0       0       0               0D    920
     126     967       0       1       0       0       0       000010501D    921
     126       1       0       2       0       0       0               0D    922
     126     969       0       1       0       0       0       000010501D    923
     126       1       0       4       0       0       0               0D    924
     126     973       0       1       0       0       0       000010501D    925
     126       1       0       2       0       0       0               0D    926
     126     975       0       1       0       0       0       000010501D    927
     126       1       0       4       0       0       0               0D    928
     102     979       0       1       0       0       0       000010501D    929
     102       1       0       1       0       0       0               0D    930
     110     980       0       1       0       0       0       000010001D    931
     110       1       0       2       0       0       0               0D    932
     124     982       0       1       0       0       0       000010001D    933
     124       1       0       3       0       0       0               0D    934
     100     985       0       1       0       0     933       000010001D    935
     100       1       0       1       0       0       0               0D    936
     110     986       0       1       0       0       0       000010001D    937
     110       1       0       2       0       0       0               0D    938
     124     988       0       1       0       0       0       000010001D    939
     124       1       0       3       0       0       0               0D    940
     100     991       0       1       0       0     939       000010001D    941
     100       1       0       1       0       0       0               0D    942
     102     992       0       1       0       0       0       000010001D    943
     102       1       0       1       0       0       0               0D    944
     142     993       0       1       0       0       0       000010001D    945
     142       1       0       1       0       0       0               0D    946
     144     994       0       1       0       0       0       000000001D    947
     144       1       0       1       0       0       0               0D    948
     110     995       0       1       0       0       0       000010001D    949
     110       1       0       1       0       0       0               0D    950
     122     996       0       1       0       0       0       000010001D    951
     122       1       0       1       0       0       0               0D    952
     126     997       0       1       0       0       0       000010501D    953
     126       1       0       3       0       0       0               0D    954
     126    1000       0       1       0       0       0       000010501D    955
     126       1       0      19       0       0       0               0D    956
     126    1019       0       1       0       0       0       000010501D    957
     126       1       0       3       0       0       0               0D    958
     126    1022       0       1       0       0       0       000010501D    959
     126       1       0       2       0       0       0               0D    960
     102    1024       0       1       0       0       0       000010501D    961
     102       1       0       1       0       0       0               0D    962
     110    1025       0       1       0       0       0       000010001D    963
     110       1       0       1       0       0       0               0D    964
     124    1026       0       1       0       0       0       000010001D    965
     124       1       0       1       0       0       0               0D    966
     100    1027       0       1       0       0     965       000010001D    967
     100       1       0       1       0       0       0               0D    968
     110    1028       0       1       0       0       0       000010001D    969
     110       1       0       1       0       0       0               0D    970
     110    1029       0       1       0       0       0       000010001D    971
     110       1       0       1       0       0       0               0D    972
     102    1030       0       1       0       0       0       000010001D    973
     102       1       0       1       0       0       0               0D    974
     142    1031       0       1       0       0       0       000010001D    975
     142       1       0       1       0       0       0               0D    976
     144    1032       0       1       0       0       0       000000001D    977
     144       1       0       1       0       0       0               0D    978
     110    1033       0       1       0       0       0       000010001D    979
     110       1       0       2       0       0       0               0D    980
     110    1035       0       1       0       0       0       000010001D    981
     110       1       0       2       0       0       0               0D    982
     120    1037       0       1       0       0       0       000010001D    983
     120       1       0       1       0       0       0               0D    984
     126    1038       0       1       0       0       0       000010501D    985
     126       1       0       2       0       0       0               0D    986
     126    1040       0       1       0       0       0       000010501D    987
     126       1       0       4       0       0       0               0D    988
     126    1044       0       1       0       0       0       000010501D    989
     126       1       0       2       0       0       0               0D    990
     126    1046       0       1       0       0       0       000010501D    991
     126       1       0       4       0       0       0               0D    992
     102    1050       0       1       0       0       0       000010501D    993
     102       1       0       1       0       0       0               0D    994
     110    1051       0       1       0       0       0       000010001D    995
     110       1       0       2       0       0       0               0D    996
     124    1053       0       1       0       0       0       000010001D    997
     124       1       0       3       0       0       0               0D    998
     100    1056       0       1       0       0     997       000010001D    999
     100       1       0       1       0       0       0               0D   1000
     110    1057       0       1       0       0       0       000010001D   1001
     110       1       0       2       0       0       0               0D   1002
     124    1059       0       1       0       0       0       000010001D   1003
     124       1       0       3       0       0       0               0D   1004
     100    1062       0       1       0       0    1003       000010001D   1005
     100       1       0       1       0       0       0               0D   1006
     102    1063       0       1       0       0       0       000010001D   1007
     102       1       0       1       0       0       0               0D   1008
     142    1064       0       1       0       0       0       000010001D   1009
     142       1       0       1       0       0       0               0D   1010
     144    1065       0       1       0       0       0       000000001D   1011
     144       1       0       1       0       0       0               0D   1012
     110    1066       0       1       0       0       0       000010001D   1013
     110       1       0       1       0       0       0               0D   1014
     122    1067       0       1       0       0       0       000010001D   1015
     122       1       0       1       0       0       0               0D   1016
     126    1068       0       1       0       0       0       000010501D   1017
     126       1       0       3       0       0       0               0D   1018
     126    1071       0       1       0       0       0       000010501D   1019
     126       1       0      19       0       0       0               0D   1020
     126    1090       0       1       0       0       0       000010501D   1021
     126       1       0       3       0       0       0               0D   1022
     126    1093       0       1       0       0       0       000010501D   1023
     126       1       0       2       0       0       0               0D   1024
     102    1095       0       1       0       0       0       000010501D   1025
     102       1       0       1       0       0       0               0D   1026
     110    1096       0       1       0       0       0       000010001D   1027
     110       1       0       1       0       0       0               0D   1028
     124    1097       0       1       0       0       0       000010001D   1029
     124       1       0       1       0       0       0               0D   1030
     100    1098       0       1       0       0    1029       000010001D   1031
     100       1       0       1       0       0       0               0D   1032
     110    1099       0       1       0       0       0       000010001D   1033
     110       1       0       1       0       0       0               0D   1034
     110    1100       0       1       0       0       0       000010001D   1035
     110       1       0       1       0       0       0               0D   1036
     102    1101       0       1       0       0       0       000010001D   1037
     102       1       0       1       0       0       0               0D   1038
     142    1102       0       1       0       0       0       000010001D   1039
     142       1       0       1       0       0       0               0D   1040
     144    1103       0       1       0       0       0       000000001D   1041
     144       1       0       1       0       0       0               0D   1042
     110    1104       0       1       0       0       0       000010001D   1043
     110       1       0       1       0       0       0               0D   1044
     110    1105       0       1       0       0       0       000010001D   1045
     110       1       0       1       0       0       0               0D   1046
     120    1106       0       1       0       0       0       000010001D   1047
     120       1       0       1       0       0       0               0D   1048
     126    1107       0       1       0       0       0       000010501D   1049
     126       1       0       3       0       0       0               0D   1050
     126    1110       0       1       0       0       0       000010501D   1051
     126       1       0       3       0       0       0               0D   1052
     126    1113       0       1       0       0       0       000010501D   1053
     126       1       0       3       0       0       0               0D   1054
     126    1116       0       1       0       0       0       000010501D   1055
     126       1       0       2       0       0       0               0D   1056
     102    1118       0       1       0       0       0       000010501D   1057
     102       1       0       1       0       0       0               0D   1058
     124    1119       0       1       0       0       0       000010001D   1059
     124       1       0       1       0       0       0               0D   1060
     100    1120       0       1       0       0    1059       000010001D   1061
     100       1       0       1       0       0       0               0D   1062
     110    1121       0       1       0       0       0       000010001D   1063
     110       1       0       1       0       0       0               0D   1064
     124    1122       0       1       0       0       0       000010001D   1065
     124       1       0       1       0       0       0               0D   1066
     100    1123       0       1       0       0    1065       000010001D   1067
     100       1       0       1       0       0       0               0D   1068
     110    1124       0       1       0       0       0       000010001D   1069
     110       1       0       1       0       0       0               0D   1070
     102    1125       0       1       0       0       0       000010001D   1071
     102       1       0       1       0       0       0               0D   1072
     142    1126       0       1       0       0       0       000010001D   1073
     142       1       0       1       0       0       0               0D   1074
     144    1127       0       1       0       0       0       000000001D   1075
     144       1       0       1       0       0       0               0D   1076
     110    1128       0       1       0       0       0       000010001D   1077
     110       1       0       1       0       0       0               0D   1078
     110    1129       0       1       0       0       0       000010001D   1079
     110       1       0       1       0       0       0               0D   1080
     120    1130       0       1       0       0       0       000010001D   1081
     120       1       0       1       0       0       0               0D   1082
     126    1131       0       1       0       0       0       000010501D   1083
     126       1       0       4       0       0       0               0D   1084
     126    1135       0       1       0       0       0       000010501D   1085
     126       1       0       2       0       0       0               0D   1086
     126    1137       0       1       0       0       0       000010501D   1087
     126       1       0       4       0       0       0               0D   1088
     126    1141       0       1       0       0       0       000010501D   1089
     126       1       0       2       0       0       0               0D   1090
     102    1143       0       1       0       0       0       000010501D   1091
     102       1       0       1       0       0       0               0D   1092
     124    1144       0       1       0       0       0       000010001D   1093
     124       1       0       1       0       0       0               0D   1094
     100    1145       0       1       0       0    1093       000010001D   1095
     100       1       0       1       0       0       0               0D   1096
     110    1146       0       1       0       0       0       000010001D   1097
     110       1       0       1       0       0       0               0D   1098
     124    1147       0       1       0       0       0       000010001D   1099
     124       1       0       1       0       0       0               0D   1100
     100    1148       0       1       0       0    1099       000010001D   1101
     100       1       0       1       0       0       0               0D   1102
     110    1149       0       1       0       0       0       000010001D   1103
     110       1       0       1       0       0       0               0D   1104
     102    1150       0       1       0       0       0       000010001D   1105
     102       1       0       1       0       0       0               0D   1106
     142    1151       0       1       0       0       0       000010001D   1107
     142       1       0       1       0       0       0               0D   1108
     144    1152       0       1       0       0       0       000000001D   1109
     144       1       0       1       0       0       0               0D   1110
     110    1153       0       1       0       0       0       000010001D   1111
     110       1       0       1       0       0       0               0D   1112
     110    1154       0       1       0       0       0       000010001D   1113
     110       1       0       1       0       0       0               0D   1114
     120    1155       0       1       0       0       0       000010001D   1115
     120       1       0       1       0       0       0               0D   1116
     126    1156       0       1       0       0       0       000010501D   1117
     126       1       0       3       0       0       0               0D   1118
     126    1159       0       1       0       0       0       000010501D   1119
     126       1       0       3       0       0       0               0D   1120
     126    1162       0       1       0       0       0       000010501D   1121
     126       1       0       3       0       0       0               0D   1122
     126    1165       0       1       0       0       0       000010501D   1123
     126       1       0       2       0       0       0               0D   1124
     102    1167       0       1       0       0       0       000010501D   1125
     102       1       0       1       0       0       0               0D   1126
     124    1168       0       1       0       0       0       000010001D   1127
     124       1       0       1       0       0       0               0D   1128
     100    1169       0       1       0       0    1127       000010001D   1129
     100       1       0       1       0       0       0               0D   1130
     110    1170       0       1       0       0       0       000010001D   1131
     110       1       0       1       0       0       0               0D   1132
     124    1171       0       1       0       0       0       000010001D   1133
     124       1       0       1       0       0       0               0D   1134
     100    1172       0       1       0       0    1133       000010001D   1135
     100       1       0       1       0       0       0               0D   1136
     110    1173       0       1       0       0       0       000010001D   1137
     110       1       0       1       0       0       0               0D   1138
     102    1174       0       1       0       0       0       000010001D   1139
     102       1       0       1       0       0       0               0D   1140
     142    1175       0       1       0       0       0       000010001D   1141
     142       1       0       1       0       0       0               0D   1142
     144    1176       0       1       0       0       0       000000001D   1143
     144       1       0       1       0       0       0               0D   1144
     110    1177       0       1       0       0       0       000010001D   1145
     110       1       0       1       0       0       0               0D   1146
     110    1178       0       1       0       0       0       000010001D   1147
     110       1       0       1       0       0       0               0D   1148
     120    1179       0       1       0       0       0       000010001D   1149
     120       1       0       1       0       0       0               0D   1150
     126    1180       0       1       0       0       0       000010501D   1151
     126       1       0       4       0       0       0               0D   1152
     126    1184       0       1       0       0       0       000010501D   1153
     126       1       0       2       0       0       0               0D   1154
     126    1186       0       1       0       0       0       000010501D   1155
     126       1       0       4       0       0       0               0D   1156
     126    1190       0       1       0       0       0       000010501D   1157
     126       1       0       2       0       0       0               0D   1158
     102    1192       0       1       0       0       0       000010501D   1159
     102       1       0       1       0       0       0               0D   1160
     124    1193       0       1       0       0       0       000010001D   1161
     124       1       0       1       0       0       0               0D   1162
     100    1194       0       1       0       0    1161       000010001D   1163
     100       1       0       1       0       0       0               0D   1164
     110    1195       0       1       0       0       0       000010001D   1165
     110       1       0       1       0       0       0               0D   1166
     124    1196       0       1       0       0       0       000010001D   1167
     124       1       0       1       0       0       0               0D   1168
     100    1197       0       1       0       0    1167       000010001D   1169
     100       1       0       1       0       0       0               0D   1170
     110    1198       0       1       0       0       0       000010001D   1171
     110       1       0       1       0       0       0               0D   1172
     102    1199       0       1       0       0       0       000010001D   1173
     102       1       0       1       0       0       0               0D   1174
     142    1200       0       1       0       0       0       000010001D   1175
     142       1       0       1       0       0       0               0D   1176
     144    1201       0       1       0       0       0       000000001D   1177
     144       1       0       1       0       0       0               0D   1178
     110    1202       0       1       0       0       0       000010001D   1179
     110       1       0       1       0       0       0               0D   1180
     122    1203       0       1       0       0       0       000010001D   1181
     122       1       0       1       0       0       0               0D   1182
     126    1204       0       1       0       0       0       000010501D   1183
     126       1       0       2       0       0       0               0D   1184
     126    1206       0       1       0       0       0       000010501D   1185
     126       1       0       2       0       0       0               0D   1186
     126    1208       0       1       0       0       0       000010501D   1187
     126       1       0       3       0       0       0               0D   1188
     126    1211       0       1       0       0       0       000010501D   1189
     126       1       0       2       0       0       0               0D   1190
     126    1213       0       1       0       0       0       000010501D   1191
     126       1       0       3       0       0       0               0D   1192
     126    1216       0       1       0       0       0       000010501D   1193
     126       1       0       2       0       0       0               0D   1194
     126    1218       0       1       0       0       0       000010501D   1195
     126       1       0       3       0       0       0               0D   1196
     126    1221       0       1       0       0       0       000010501D   1197
     126       1       0       3       0       0       0               0D   1198
     126    1224       0       1       0       0       0       000010501D   1199
     126       1       0       3       0       0       0               0D   1200
     126    1227       0       1       0       0       0       000010501D   1201
     126       1       0       3       0       0       0               0D   1202
     126    1230       0       1       0       0       0       000010501D   1203
     126       1       0       3       0       0       0               0D   1204
     126    1233       0       1       0       0       0       000010501D   1205
     126       1       0       3       0       0       0               0D   1206
     126    1236       0       1       0       0       0       000010501D   1207
     126       1       0       3       0       0       0               0D   1208
     126    1239       0       1       0       0       0       000010501D   1209
     126       1       0       3       0       0       0               0D   1210
     126    1242       0       1       0       0       0       000010501D   1211
     126       1       0       2       0       0       0               0D   1212
     126    1244       0       1       0       0       0       000010501D   1213
     126       1       0       3       0       0       0               0D   1214
     126    1247       0       1       0       0       0       000010501D   1215
     126       1       0       2       0       0       0               0D   1216
     126    1249       0       1       0       0       0       000010501D   1217
     126       1       0       2       0       0       0               0D   1218
     126    1251       0       1       0       0       0       000010501D   1219
     126       1       0       2       0       0       0               0D   1220
     126    1253       0       1       0       0       0       000010501D   1221
     126       1       0       2       0       0       0               0D   1222
     102    1255       0       1       0       0       0       000010501D   1223
     102       1       0       2       0       0       0               0D   1224
     110    1257       0       1       0       0       0       000010001D   1225
     110       1       0       1       0       0       0               0D   1226
     110    1258       0       1       0       0       0       000010001D   1227
     110       1       0       1       0       0       0               0D   1228
     110    1259       0       1       0       0       0       000010001D   1229
     110       1       0       1       0       0       0               0D   1230
     110    1260       0       1       0       0       0       000010001D   1231
     110       1       0       1       0       0       0               0D   1232
     110    1261       0       1       0       0       0       000010001D   1233
     110       1       0       1       0       0       0               0D   1234
     110    1262       0       1       0       0       0       000010001D   1235
     110       1       0       1       0       0       0               0D   1236
     110    1263       0       1       0       0       0       000010001D   1237
     110       1       0       1       0       0       0               0D   1238
     110    1264       0       1       0       0       0       000010001D   1239
     110       1       0       1       0       0       0               0D   1240
     110    1265       0       1       0       0       0       000010001D   1241
     110       1       0       1       0       0       0               0D   1242
     110    1266       0       1       0       0       0       000010001D   1243
     110       1       0       1       0       0       0               0D   1244
     110    1267       0       1       0       0       0       000010001D   1245
     110       1       0       1       0       0       0               0D   1246
     110    1268       0       1       0       0       0       000010001D   1247
     110       1       0       1       0       0       0               0D   1248
     110    1269       0       1       0       0       0       000010001D   1249
     110       1       0       1       0       0       0               0D   1250
     110    1270       0       1       0       0       0       000010001D   1251
     110       1       0       1       0       0       0               0D   1252
     110    1271       0       1       0       0       0       000010001D   1253
     110       1       0       1       0       0       0               0D   1254
     110    1272       0       1       0       0       0       000010001D   1255
     110       1       0       1       0       0       0               0D   1256
     110    1273       0       1       0       0       0       000010001D   1257
     110       1       0       1       0       0       0               0D   1258
     110    1274       0       1       0       0       0       000010001D   1259
     110       1       0       1       0       0       0               0D   1260
     110    1275       0       1       0       0       0       000010001D   1261
     110       1       0       1       0       0       0               0D   1262
     110    1276       0       1       0       0       0       000010001D   1263
     110       1       0       1       0       0       0               0D   1264
     102    1277       0       1       0       0       0       000010001D   1265
     102       1       0       2       0       0       0               0D   1266
     142    1279       0       1       0       0       0       000010001D   1267
     142       1       0       1       0       0       0               0D   1268
     126    1280       0       1       0       0       0       000010501D   1269
     126       1       0       3       0       0       0               0D   1270
     126    1283       0       1       0       0       0       000010501D   1271
     126       1       0       3       0       0       0               0D   1272
     126    1286       0       1       0       0       0       000010501D   1273
     126       1       0       3       0       0       0               0D   1274
     126    1289       0       1       0       0       0       000010501D   1275
     126       1       0       3       0       0       0               0D   1276
     102    1292       0       1       0       0       0       000010501D   1277
     102       1       0       1       0       0       0               0D   1278
     110    1293       0       1       0       0       0       000010001D   1279
     110       1       0       1       0       0       0               0D   1280
     110    1294       0       1       0       0       0       000010001D   1281
     110       1       0       1       0       0       0               0D   1282
     110    1295       0       1       0       0       0       000010001D   1283
     110       1       0       1       0       0       0               0D   1284
     110    1296       0       1       0       0       0       000010001D   1285
     110       1       0       1       0       0       0               0D   1286
     102    1297       0       1       0       0       0       000010001D   1287
     102       1       0       1       0       0       0               0D   1288
     142    1298       0       1       0       0       0       000010001D   1289
     142       1       0       1       0       0       0               0D   1290
     126    1299       0       1       0       0       0       000010501D   1291
     126       1       0       3       0       0       0               0D   1292
     126    1302       0       1       0       0       0       000010501D   1293
     126       1       0       3       0       0       0               0D   1294
     126    1305       0       1       0       0       0       000010501D   1295
     126       1       0       3       0       0       0               0D   1296
     126    1308       0       1       0       0       0       000010501D   1297
     126       1       0       3       0       0       0               0D   1298
     102    1311       0       1       0       0       0       000010501D   1299
     102       1       0       1       0       0       0               0D   1300
     110    1312       0       1       0       0       0       000010001D   1301
     110       1       0       1       0       0       0               0D   1302
     110    1313       0       1       0       0       0       000010001D   1303
     110       1       0       1       0       0       0               0D   1304
     110    1314       0       1       0       0       0       000010001D   1305
     110       1       0       1       0       0       0               0D   1306
     110    1315       0       1       0       0       0       000010001D   1307
     110       1       0       1       0       0       0               0D   1308
     102    1316       0       1       0       0       0       000010001D   1309
     102       1       0       1       0       0       0               0D   1310
     142    1317       0       1       0       0       0       000010001D   1311
     142       1       0       1       0       0       0               0D   1312
     144    1318       0       1       0       0       0       000000001D   1313
     144       1       0       1       0       0       0               0D   1314
     110    1319       0       1       0       0       0       000010001D   1315
     110       1       0       1       0       0       0               0D   1316
     122    1320       0       1       0       0       0       000010001D   1317
     122       1       0       1       0       0       0               0D   1318
     126    1321       0       1       0       0       0       000010501D   1319
     126       1       0       2       0       0       0               0D   1320
     126    1323       0       1       0       0       0       000010501D   1321
     126       1       0       2       0       0       0               0D   1322
     126    1325       0       1       0       0       0       000010501D   1323
     126       1       0       2       0       0       0               0D   1324
     126    1327       0       1       0       0       0       000010501D   1325
     126       1       0       2       0       0       0               0D   1326
     102    1329       0       1       0       0       0       000010501D   1327
     102       1       0       1       0       0       0               0D   1328
     110    1330       0       1       0       0       0       000010001D   1329
     110       1       0       1       0       0       0               0D   1330
     110    1331       0       1       0       0       0       000010001D   1331
     110       1       0       1       0       0       0               0D   1332
     110    1332       0       1       0       0       0       000010001D   1333
     110       1       0       1       0       0       0               0D   1334
     110    1333       0       1       0       0       0       000010001D   1335
     110       1       0       1       0       0       0               0D   1336
     102    1334       0       1       0       0       0       000010001D   1337
     102       1       0       1       0       0       0               0D   1338
     142    1335       0       1       0       0       0       000010001D   1339
     142       1       0       1       0       0       0               0D   1340
     144    1336       0       1       0       0       0       000000001D   1341
     144       1       0       1       0       0       0               0D   1342
     110    1337       0       1       0       0       0       000010001D   1343
     110       1       0       1       0       0       0               0D   1344
     110    1338       0       1       0       0       0       000010001D   1345
     110       1       0       1       0       0       0               0D   1346
     120    1339       0       1       0       0       0       000010001D   1347
     120       1       0       1       0       0       0               0D   1348
     126    1340       0       1       0       0       0       000010501D   1349
     126       1       0       4       0       0       0               0D   1350
     126    1344       0       1       0       0       0       000010501D   1351
     126       1       0       3       0       0       0               0D   1352
     126    1347       0       1       0       0       0       000010501D   1353
     126       1       0       4       0       0       0               0D   1354
     126    1351       0       1       0       0       0       000010501D   1355
     126       1       0       3       0       0       0               0D   1356
     102    1354       0       1       0       0       0       000010501D   1357
     102       1       0       1       0       0       0               0D   1358
     124    1355       0       1       0       0       0       000010001D   1359
     124       1       0       1       0       0       0               0D   1360
     100    1356       0       1       0       0    1359       000010001D   1361
     100       1       0       1       0       0       0               0D   1362
     110    1357       0       1       0       0       0       000010001D   1363
     110       1       0       1       0       0       0               0D   1364
     124    1358       0       1       0       0       0       000010001D   1365
     124       1       0       1       0       0       0               0D   1366
     100    1359       0       1       0       0    1365       000010001D   1367
     100       1       0       1       0       0       0               0D   1368
     110    1360       0       1       0       0       0       000010001D   1369
     110       1       0       1       0       0       0               0D   1370
     102    1361       0       1       0       0       0       000010001D   1371
     102       1       0       1       0       0       0               0D   1372
     142    1362       0       1       0       0       0       000010001D   1373
     142       1       0       1       0       0       0               0D   1374
     144    1363       0       1       0       0       0       000000001D   1375
     144       1       0       1       0       0       0               0D   1376
     110    1364       0       1       0       0       0       000010001D   1377
     110       1       0       1       0       0       0               0D   1378
     122    1365       0       1       0       0       0       000010001D   1379
     122       1       0       1       0       0       0               0D   1380
     126    1366       0       1       0       0       0       000010501D   1381
     126       1       0       2       0       0       0               0D   1382
     126    1368       0       1       0       0       0       000010501D   1383
     126       1       0       2       0       0       0               0D   1384
     126    1370       0       1       0       0       0       000010501D   1385
     126       1       0       2       0       0       0               0D   1386
     126    1372       0       1       0       0       0       000010501D   1387
     126       1       0       2       0       0       0               0D   1388
     102    1374       0       1       0       0       0       000010501D   1389
     102       1       0       1       0       0       0               0D   1390
     110    1375       0       1       0       0       0       000010001D   1391
     110       1       0       1       0       0       0               0D   1392
     110    1376       0       1       0       0       0       000010001D   1393
     110       1       0       1       0       0       0               0D   1394
     110    1377       0       1       0       0       0       000010001D   1395
     110       1       0       1       0       0       0               0D   1396
     110    1378       0       1       0       0       0       000010001D   1397
     110       1       0       1       0       0       0               0D   1398
     102    1379       0       1       0       0       0       000010001D   1399
     102       1       0       1       0       0       0               0D   1400
     142    1380       0       1       0       0       0       000010001D   1401
     142       1       0       1       0       0       0               0D   1402
     144    1381       0       1       0       0       0       000000001D   1403
     144       1       0       1       0       0       0               0D   1404
     110    1382       0       1       0       0       0       000010001D   1405
     110       1       0       1       0       0       0               0D   1406
     110    1383       0       1       0       0       0       000010001D   1407
     110       1       0       1       0       0       0               0D   1408
     120    1384       0       1       0       0       0       000010001D   1409
     120       1       0       1       0       0       0               0D   1410
     126    1385       0       1       0       0       0       000010501D   1411
     126       1       0       4       0       0       0               0D   1412
     126    1389       0       1       0       0       0       000010501D   1413
     126       1       0       3       0       0       0               0D   1414
     126    1392       0       1       0       0       0       000010501D   1415
     126       1       0       4       0       0       0               0D   1416
     126    1396       0       1       0       0       0       000010501D   1417
     126       1       0       3       0       0       0               0D   1418
     102    1399       0       1       0       0       0       000010501D   1419
     102       1       0       1       0       0       0               0D   1420
     124    1400       0       1       0       0       0       000010001D   1421
     124       1       0       1       0       0       0               0D   1422
     100    1401       0       1       0       0    1421       000010001D   1423
     100       1       0       1       0       0       0               0D   1424
     110    1402       0       1       0       0       0       000010001D   1425
     110       1       0       1       0       0       0               0D   1426
     124    1403       0       1       0       0       0       000010001D   1427
     124       1       0       1       0       0       0               0D   1428
     100    1404       0       1       0       0    1427       000010001D   1429
     100       1       0       1       0       0       0               0D   1430
     110    1405       0       1       0       0       0       000010001D   1431
     110       1       0       1       0       0       0               0D   1432
     102    1406       0       1       0       0       0       000010001D   1433
     102       1       0       1       0       0       0               0D   1434
     142    1407       0       1       0       0       0       000010001D   1435
     142       1       0       1       0       0       0               0D   1436
     144    1408       0       1       0       0       0       000000001D   1437
     144       1       0       1       0       0       0               0D   1438
     110    1409       0       1       0       0       0       000010001D   1439
     110       1       0       1       0       0       0               0D   1440
     122    1410       0       1       0       0       0       000010001D   1441
     122       1       0       1       0       0       0               0D   1442
     126    1411       0       1       0       0       0       000010501D   1443
     126       1       0       3       0       0       0               0D   1444
     126    1414       0       1       0       0       0       000010501D   1445
     126       1       0       3       0       0       0               0D   1446
     126    1417       0       1       0       0       0       000010501D   1447
     126       1       0       2       0       0       0               0D   1448
     126    1419       0       1       0       0       0       000010501D   1449
     126       1       0       3       0       0       0               0D   1450
     126    1422       0       1       0       0       0       000010501D   1451
     126       1       0       3       0       0       0               0D   1452
     126    1425       0       1       0       0       0       000010501D   1453
     126       1       0       3       0       0       0               0D   1454
     126    1428       0       1       0       0       0       000010501D   1455
     126       1       0       2       0       0       0               0D   1456
     126    1430       0       1       0       0       0       000010501D   1457
     126       1       0       2       0       0       0               0D   1458
     126    1432       0       1       0       0       0       000010501D   1459
     126       1       0       2       0       0       0               0D   1460
     126    1434       0       1       0       0       0       000010501D   1461
     126       1       0       2       0       0       0               0D   1462
     126    1436       0       1       0       0       0       000010501D   1463
     126       1       0       2       0       0       0               0D   1464
     126    1438       0       1       0       0       0       000010501D   1465
     126       1       0       3       0       0       0               0D   1466
     102    1441       0       1       0       0       0       000010501D   1467
     102       1       0       2       0       0       0               0D   1468
     110    1443       0       1       0       0       0       000010001D   1469
     110       1       0       1       0       0       0               0D   1470
     110    1444       0       1       0       0       0       000010001D   1471
     110       1       0       1       0       0       0               0D   1472
     110    1445       0       1       0       0       0       000010001D   1473
     110       1       0       1       0       0       0               0D   1474
     110    1446       0       1       0       0       0       000010001D   1475
     110       1       0       1       0       0       0               0D   1476
     110    1447       0       1       0       0       0       000010001D   1477
     110       1       0       1       0       0       0               0D   1478
     110    1448       0       1       0       0       0       000010001D   1479
     110       1       0       1       0       0       0               0D   1480
     110    1449       0       1       0       0       0       000010001D   1481
     110       1       0       1       0       0       0               0D   1482
     110    1450       0       1       0       0       0       000010001D   1483
     110       1       0       1       0       0       0               0D   1484
     110    1451       0       1       0       0       0       000010001D   1485
     110       1       0       1       0       0       0               0D   1486
     110    1452       0       1       0       0       0       000010001D   1487
     110       1       0       1       0       0       0               0D   1488
     110    1453       0       1       0       0       0       000010001D   1489
     110       1       0       1       0       0       0               0D   1490
     110    1454       0       1       0       0       0       000010001D   1491
     110       1       0       1       0       0       0               0D   1492
     102    1455       0       1       0       0       0       000010001D   1493
     102       1       0       2       0       0       0               0D   1494
     142    1457       0       1       0       0       0       000010001D   1495
     142       1       0       1       0       0       0               0D   1496
     144    1458       0       1       0       0       0       000000001D   1497
     144       1       0       1       0       0       0               0D   1498
     110    1459       0       1       0       0       0       000010001D   1499
     110       1       0       1       0       0       0               0D   1500
     122    1460       0       1       0       0       0       000010001D   1501
     122       1       0       1       0       0       0               0D   1502
     126    1461       0       1       0       0       0       000010501D   1503
     126       1       0       3       0       0       0               0D   1504
     126    1464       0       1       0       0       0       000010501D   1505
     126       1       0       2       0       0       0               0D   1506
     126    1466       0       1       0       0       0       000010501D   1507
     126       1       0       2       0       0       0               0D   1508
     126    1468       0       1       0       0       0       000010501D   1509
     126       1       0       2       0       0       0               0D   1510
     126    1470       0       1       0       0       0       000010501D   1511
     126       1       0       3       0       0       0               0D   1512
     126    1473       0       1       0       0       0       000010501D   1513
     126       1       0       2       0       0       0               0D   1514
     126    1475       0       1       0       0       0       000010501D   1515
     126       1       0       2       0       0       0               0D   1516
     126    1477       0       1       0       0       0       000010501D   1517
     126       1       0       3       0       0       0               0D   1518
     126    1480       0       1       0       0       0       000010501D   1519
     126       1       0       2       0       0       0               0D   1520
     126    1482       0       1       0       0       0       000010501D   1521
     126       1       0       2       0       0       0               0D   1522
     126    1484       0       1       0       0       0       000010501D   1523
     126       1       0       2       0       0       0               0D   1524
     126    1486       0       1       0       0       0       000010501D   1525
     126       1       0       2       0       0       0               0D   1526
     102    1488       0       1       0       0       0       000010501D   1527
     102       1       0       2       0       0       0               0D   1528
     110    1490       0       1       0       0       0       000010001D   1529
     110       1       0       1       0       0       0               0D   1530
     110    1491       0       1       0       0       0       000010001D   1531
     110       1       0       1       0       0       0               0D   1532
     110    1492       0       1       0       0       0       000010001D   1533
     110       1       0       1       0       0       0               0D   1534
     110    1493       0       1       0       0       0       000010001D   1535
     110       1       0       1       0       0       0               0D   1536
     110    1494       0       1       0       0       0       000010001D   1537
     110       1       0       1       0       0       0               0D   1538
     110    1495       0       1       0       0       0       000010001D   1539
     110       1       0       1       0       0       0               0D   1540
     110    1496       0       1       0       0       0       000010001D   1541
     110       1       0       1       0       0       0               0D   1542
     110    1497       0       1       0       0       0       000010001D   1543
     110       1       0       1       0       0       0               0D   1544
     110    1498       0       1       0       0       0       000010001D   1545
     110       1       0       1       0       0       0               0D   1546
     110    1499       0       1       0       0       0       000010001D   1547
     110       1       0       1       0       0       0               0D   1548
     110    1500       0       1       0       0       0       000010001D   1549
     110       1       0       1       0       0       0               0D   1550
     110    1501       0       1       0       0       0       000010001D   1551
     110       1       0       1       0       0       0               0D   1552
     102    1502       0       1       0       0       0       000010001D   1553
     102       1       0       2       0       0       0               0D   1554
     142    1504       0       1       0       0       0       000010001D   1555
     142       1       0       1       0       0       0               0D   1556
     144    1505       0       1       0       0       0       000000001D   1557
     144       1       0       1       0       0       0               0D   1558
     110    1506       0       1       0       0       0       000010001D   1559
     110       1       0       2       0       0       0               0D   1560
     110    1508       0       1       0       0       0       000010001D   1561
     110       1       0       2       0       0       0               0D   1562
     120    1510       0       1       0       0       0       000010001D   1563
     120       1       0       1       0       0       0               0D   1564
     126    1511       0       1       0       0       0       000010501D   1565
     126       1       0       4       0       0       0               0D   1566
     126    1515       0       1       0       0       0       000010501D   1567
     126       1       0       3       0       0       0               0D   1568
     126    1518       0       1       0       0       0       000010501D   1569
     126       1       0       4       0       0       0               0D   1570
     126    1522       0       1       0       0       0       000010501D   1571
     126       1       0       3       0       0       0               0D   1572
     102    1525       0       1       0       0       0       000010501D   1573
     102       1       0       1       0       0       0               0D   1574
     124    1526       0       1       0       0       0       000010001D   1575
     124       1       0       2       0       0       0               0D   1576
     100    1528       0       1       0       0    1575       000010001D   1577
     100       1       0       2       0       0       0               0D   1578
     110    1530       0       1       0       0       0       000010001D   1579
     110       1       0       2       0       0       0               0D   1580
     124    1532       0       1       0       0       0       000010001D   1581
     124       1       0       1       0       0       0               0D   1582
     100    1533       0       1       0       0    1581       000010001D   1583
     100       1       0       1       0       0       0               0D   1584
     110    1534       0       1       0       0       0       000010001D   1585
     110       1       0       1       0       0       0               0D   1586
     102    1535       0       1       0       0       0       000010001D   1587
     102       1       0       1       0       0       0               0D   1588
     142    1536       0       1       0       0       0       000010001D   1589
     142       1       0       1       0       0       0               0D   1590
     144    1537       0       1       0       0       0       000000001D   1591
     144       1       0       1       0       0       0               0D   1592
     110    1538       0       1       0       0       0       000010001D   1593
     110       1       0       2       0       0       0               0D   1594
     110    1540       0       1       0       0       0       000010001D   1595
     110       1       0       1       0       0       0               0D   1596
     120    1541       0       1       0       0       0       000010001D   1597
     120       1       0       1       0       0       0               0D   1598
     126    1542       0       1       0       0       0       000010501D   1599
     126       1       0       4       0       0       0               0D   1600
     126    1546       0       1       0       0       0       000010501D   1601
     126       1       0       3       0       0       0               0D   1602
     126    1549       0       1       0       0       0       000010501D   1603
     126       1       0       4       0       0       0               0D   1604
     126    1553       0       1       0       0       0       000010501D   1605
     126       1       0       3       0       0       0               0D   1606
     102    1556       0       1       0       0       0       000010501D   1607
     102       1       0       1       0       0       0               0D   1608
     124    1557       0       1       0       0       0       000010001D   1609
     124       1       0       1       0       0       0               0D   1610
     100    1558       0       1       0       0    1609       000010001D   1611
     100       1       0       1       0       0       0               0D   1612
     110    1559       0       1       0       0       0       000010001D   1613
     110       1       0       2       0       0       0               0D   1614
     124    1561       0       1       0       0       0       000010001D   1615
     124       1       0       1       0       0       0               0D   1616
     100    1562       0       1       0       0    1615       000010001D   1617
     100       1       0       1       0       0       0               0D   1618
     110    1563       0       1       0       0       0       000010001D   1619
     110       1       0       1       0       0       0               0D   1620
     102    1564       0       1       0       0       0       000010001D   1621
     102       1       0       1       0       0       0               0D   1622
     142    1565       0       1       0       0       0       000010001D   1623
     142       1       0       1       0       0       0               0D   1624
     144    1566       0       1       0       0       0       000000001D   1625
     144       1       0       1       0       0       0               0D   1626
     110    1567       0       1       0       0       0       000010001D   1627
     110       1       0       1       0       0       0               0D   1628
     122    1568       0       1       0       0       0       000010001D   1629
     122       1       0       1       0       0       0               0D   1630
     126    1569       0       1       0       0       0       000010501D   1631
     126       1       0       2       0       0       0               0D   1632
     126    1571       0       1       0       0       0       000010501D   1633
     126       1       0       2       0       0       0               0D   1634
     126    1573       0       1       0       0       0       000010501D   1635
     126       1       0       2       0       0       0               0D   1636
     126    1575       0       1       0       0       0       000010501D   1637
     126       1       0       2       0       0       0               0D   1638
     102    1577       0       1       0       0       0       000010501D   1639
     102       1       0       1       0       0       0               0D   1640
     110    1578       0       1       0       0       0       000010001D   1641
     110       1       0       1       0       0       0               0D   1642
     110    1579       0       1       0       0       0       000010001D   1643
     110       1       0       1       0       0       0               0D   1644
     110    1580       0       1       0       0       0       000010001D   1645
     110       1       0       1       0       0       0               0D   1646
     110    1581       0       1       0       0       0       000010001D   1647
     110       1       0       2       0       0       0               0D   1648
     102    1583       0       1       0       0       0       000010001D   1649
     102       1       0       1       0       0       0               0D   1650
     142    1584       0       1       0       0       0       000010001D   1651
     142       1       0       1       0       0       0               0D   1652
     144    1585       0       1       0       0       0       000000001D   1653
     144       1       0       1       0       0       0               0D   1654
     110    1586       0       1       0       0       0       000010001D   1655
     110       1       0       1       0       0       0               0D   1656
     122    1587       0       1       0       0       0       000010001D   1657
     122       1       0       1       0       0       0               0D   1658
     126    1588       0       1       0       0       0       000010501D   1659
     126       1       0       3       0       0       0               0D   1660
     126    1591       0       1       0       0       0       000010501D   1661
     126       1       0       2       0       0       0               0D   1662
     126    1593       0       1       0       0       0       000010501D   1663
     126       1       0       2       0       0       0               0D   1664
     126    1595       0       1       0       0       0       000010501D   1665
     126       1       0       7       0       0       0               0D   1666
     126    1602       0       1       0       0       0       000010501D   1667
     126       1       0       2       0       0       0               0D   1668
     126    1604       0       1       0       0       0       000010501D   1669
     126       1       0       7       0       0       0               0D   1670
     126    1611       0       1       0       0       0       000010501D   1671
     126       1       0       3       0       0       0               0D   1672
     126    1614       0       1       0       0       0       000010501D   1673
     126       1       0       7       0       0       0               0D   1674
     126    1621       0       1       0       0       0       000010501D   1675
     126       1       0       2       0       0       0               0D   1676
     126    1623       0       1       0       0       0       000010501D   1677
     126       1       0       3       0       0       0               0D   1678
     126    1626       0       1       0       0       0       000010501D   1679
     126       1       0       7       0       0       0               0D   1680
     126    1633       0       1       0       0       0       000010501D   1681
     126       1       0       3       0       0       0               0D   1682
     126    1636       0       1       0       0       0       000010501D   1683
     126       1       0       7       0       0       0               0D   1684
     126    1643       0       1       0       0       0       000010501D   1685
     126       1       0       3       0       0       0               0D   1686
     126    1646       0       1       0       0       0       000010501D   1687
     126       1       0       7       0       0       0               0D   1688
     126    1653       0       1       0       0       0       000010501D   1689
     126       1       0       3       0       0       0               0D   1690
     126    1656       0       1       0       0       0       000010501D   1691
     126       1       0       7       0       0       0               0D   1692
     126    1663       0       1       0       0       0       000010501D   1693
     126       1       0       2       0       0       0               0D   1694
     126    1665       0       1       0       0       0       000010501D   1695
     126       1       0       3       0       0       0               0D   1696
     102    1668       0       1       0       0       0       000010501D   1697
     102       1       0       2       0       0       0               0D   1698
     110    1670       0       1       0       0       0       000010001D   1699
     110       1       0       1       0       0       0               0D   1700
     110    1671       0       1       0       0       0       000010001D   1701
     110       1       0       1       0       0       0               0D   1702
     110    1672       0       1       0       0       0       000010001D   1703
     110       1       0       1       0       0       0               0D   1704
     124    1673       0       1       0       0       0       000010001D   1705
     124       1       0       1       0       0       0               0D   1706
     100    1674       0       1       0       0    1705       000010001D   1707
     100       1       0       1       0       0       0               0D   1708
     110    1675       0       1       0       0       0       000010001D   1709
     110       1       0       1       0       0       0               0D   1710
     124    1676       0       1       0       0       0       000010001D   1711
     124       1       0       1       0       0       0               0D   1712
     100    1677       0       1       0       0    1711       000010001D   1713
     100       1       0       1       0       0       0               0D   1714
     110    1678       0       1       0       0       0       000010001D   1715
     110       1       0       1       0       0       0               0D   1716
     124    1679       0       1       0       0       0       000010001D   1717
     124       1       0       1       0       0       0               0D   1718
     100    1680       0       1       0       0    1717       000010001D   1719
     100       1       0       1       0       0       0               0D   1720
     110    1681       0       1       0       0       0       000010001D   1721
     110       1       0       1       0       0       0               0D   1722
     110    1682       0       1       0       0       0       000010001D   1723
     110       1       0       1       0       0       0               0D   1724
     124    1683       0       1       0       0       0       000010001D   1725
     124       1       0       1       0       0       0               0D   1726
     100    1684       0       1       0       0    1725       000010001D   1727
     100       1       0       1       0       0       0               0D   1728
     110    1685       0       1       0       0       0       000010001D   1729
     110       1       0       1       0       0       0               0D   1730
     124    1686       0       1       0       0       0       000010001D   1731
     124       1       0       1       0       0       0               0D   1732
     100    1687       0       1       0       0    1731       000010001D   1733
     100       1       0       1       0       0       0               0D   1734
     110    1688       0       1       0       0       0       000010001D   1735
     110       1       0       2       0       0       0               0D   1736
     124    1690       0       1       0       0       0       000010001D   1737
     124       1       0       2       0       0       0               0D   1738
     100    1692       0       1       0       0    1737       000010001D   1739
     100       1       0       2       0       0       0               0D   1740
     110    1694       0       1       0       0       0       000010001D   1741
     110       1       0       1       0       0       0               0D   1742
     124    1695       0       1       0       0       0       000010001D   1743
     124       1       0       1       0       0       0               0D   1744
     100    1696       0       1       0       0    1743       000010001D   1745
     100       1       0       1       0       0       0               0D   1746
     110    1697       0       1       0       0       0       000010001D   1747
     110       1       0       1       0       0       0               0D   1748
     110    1698       0       1       0       0       0       000010001D   1749
     110       1       0       1       0       0       0               0D   1750
     102    1699       0       1       0       0       0       000010001D   1751
     102       1       0       2       0       0       0               0D   1752
     142    1701       0       1       0       0       0       000010001D   1753
     142       1       0       1       0       0       0               0D   1754
     144    1702       0       1       0       0       0       000000001D   1755
     144       1       0       1       0       0       0               0D   1756
     110    1703       0       1       0       0       0       000010001D   1757
     110       1       0       1       0       0       0               0D   1758
     122    1704       0       1       0       0       0       000010001D   1759
     122       1       0       1       0       0       0               0D   1760
     126    1705       0       1       0       0       0       000010501D   1761
     126       1       0       2       0       0       0               0D   1762
     126    1707       0       1       0       0       0       000010501D   1763
     126       1       0       2       0       0       0               0D   1764
     126    1709       0       1       0       0       0       000010501D   1765
     126       1       0       2       0       0       0               0D   1766
     126    1711       0       1       0       0       0       000010501D   1767
     126       1       0       2       0       0       0               0D   1768
     102    1713       0       1       0       0       0       000010501D   1769
     102       1       0       1       0       0       0               0D   1770
     110    1714       0       1       0       0       0       000010001D   1771
     110       1       0       1       0       0       0               0D   1772
     110    1715       0       1       0       0       0       000010001D   1773
     110       1       0       1       0       0       0               0D   1774
     110    1716       0       1       0       0       0       000010001D   1775
     110       1       0       1       0       0       0               0D   1776
     110    1717       0       1       0       0       0       000010001D   1777
     110       1       0       1       0       0       0               0D   1778
     102    1718       0       1       0       0       0       000010001D   1779
     102       1       0       1       0       0       0               0D   1780
     142    1719       0       1       0       0       0       000010001D   1781
     142       1       0       1       0       0       0               0D   1782
     144    1720       0       1       0       0       0       000000001D   1783
     144       1       0       1       0       0       0               0D   1784
     110    1721       0       1       0       0       0       000010001D   1785
     110       1       0       1       0       0       0               0D   1786
     110    1722       0       1       0       0       0       000010001D   1787
     110       1       0       1       0       0       0               0D   1788
     120    1723       0       1       0       0       0       000010001D   1789
     120       1       0       1       0       0       0               0D   1790
     126    1724       0       1       0       0       0       000010501D   1791
     126       1       0       4       0       0       0               0D   1792
     126    1728       0       1       0       0       0       000010501D   1793
     126       1       0       2       0       0       0               0D   1794
     126    1730       0       1       0       0       0       000010501D   1795
     126       1       0       4       0       0       0               0D   1796
     126    1734       0       1       0       0       0       000010501D   1797
     126       1       0       2       0       0       0               0D   1798
     102    1736       0       1       0       0       0       000010501D   1799
     102       1       0       1       0       0       0               0D   1800
     124    1737       0       1       0       0       0       000010001D   1801
     124       1       0       1       0       0       0               0D   1802
     100    1738       0       1       0       0    1801       000010001D   1803
     100       1       0       1       0       0       0               0D   1804
     110    1739       0       1       0       0       0       000010001D   1805
     110       1       0       1       0       0       0               0D   1806
     124    1740       0       1       0       0       0       000010001D   1807
     124       1       0       1       0       0       0               0D   1808
     100    1741       0       1       0       0    1807       000010001D   1809
     100       1       0       1       0       0       0               0D   1810
     110    1742       0       1       0       0       0       000010001D   1811
     110       1       0       1       0       0       0               0D   1812
     102    1743       0       1       0       0       0       000010001D   1813
     102       1       0       1       0       0       0               0D   1814
     142    1744       0       1       0       0       0       000010001D   1815
     142       1       0       1       0       0       0               0D   1816
     144    1745       0       1       0       0       0       000000001D   1817
     144       1       0       1       0       0       0               0D   1818
     110    1746       0       1       0       0       0       000010001D   1819
     110       1       0       1       0       0       0               0D   1820
     122    1747       0       1       0       0       0       000010001D   1821
     122       1       0       1       0       0       0               0D   1822
     126    1748       0       1       0       0       0       000010501D   1823
     126       1       0       2       0       0       0               0D   1824
     126    1750       0       1       0       0       0       000010501D   1825
     126       1       0       2       0       0       0               0D   1826
     126    1752       0       1       0       0       0       000010501D   1827
     126       1       0       2       0       0       0               0D   1828
     126    1754       0       1       0       0       0       000010501D   1829
     126       1       0       6       0       0       0               0D   1830
     126    1760       0       1       0       0       0       000010501D   1831
     126       1       0       2       0       0       0               0D   1832
     102    1762       0       1       0       0       0       000010501D   1833
     102       1       0       1       0       0       0               0D   1834
     110    1763       0       1       0       0       0       000010001D   1835
     110       1       0       1       0       0       0               0D   1836
     110    1764       0       1       0       0       0       000010001D   1837
     110       1       0       1       0       0       0               0D   1838
     110    1765       0       1       0       0       0       000010001D   1839
     110       1       0       1       0       0       0               0D   1840
     124    1766       0       1       0       0       0       000010001D   1841
     124       1       0       1       0       0       0               0D   1842
     100    1767       0       1       0       0    1841       000010001D   1843
     100       1       0       1       0       0       0               0D   1844
     110    1768       0       1       0       0       0       000010001D   1845
     110       1       0       1       0       0       0               0D   1846
     102    1769       0       1       0       0       0       000010001D   1847
     102       1       0       1       0       0       0               0D   1848
     142    1770       0       1       0       0       0       000010001D   1849
     142       1       0       1       0       0       0               0D   1850
     144    1771       0       1       0       0       0       000000001D   1851
     144       1       0       1       0       0       0               0D   1852
     110    1772       0       1       0       0       0       000010001D   1853
     110       1       0       1       0       0       0               0D   1854
     122    1773       0       1       0       0       0       000010001D   1855
     122       1       0       1       0       0       0               0D   1856
     126    1774       0       1       0       0       0       000010501D   1857
     126       1       0       2       0       0       0               0D   1858
     126    1776       0       1       0       0       0       000010501D   1859
     126       1       0       2       0       0       0               0D   1860
     126    1778       0       1       0       0       0       000010501D   1861
     126       1       0       2       0       0       0               0D   1862
     126    1780       0       1       0       0       0       000010501D   1863
     126       1       0       2       0       0       0               0D   1864
     102    1782       0       1       0       0       0       000010501D   1865
     102       1       0       1       0       0       0               0D   1866
     110    1783       0       1       0       0       0       000010001D   1867
     110       1       0       1       0       0       0               0D   1868
     110    1784       0       1       0       0       0       000010001D   1869
     110       1       0       1       0       0       0               0D   1870
     110    1785       0       1       0       0       0       000010001D   1871
     110       1       0       1       0       0       0               0D   1872
     110    1786       0       1       0       0       0       000010001D   1873
     110       1       0       1       0       0       0               0D   1874
     102    1787       0       1       0       0       0       000010001D   1875
     102       1       0       1       0       0       0               0D   1876
     142    1788       0       1       0       0       0       000010001D   1877
     142       1       0       1       0       0       0               0D   1878
     144    1789       0       1       0       0       0       000000001D   1879
     144       1       0       1       0       0       0               0D   1880
     110    1790       0       1       0       0       0       000010001D   1881
     110       1       0       1       0       0       0               0D   1882
     122    1791       0       1       0       0       0       000010001D   1883
     122       1       0       1       0       0       0               0D   1884
     126    1792       0       1       0       0       0       000010501D   1885
     126       1       0       2       0       0       0               0D   1886
     126    1794       0       1       0       0       0       000010501D   1887
     126       1       0       2       0       0       0               0D   1888
     126    1796       0       1       0       0       0       000010501D   1889
     126       1       0       6       0       0       0               0D   1890
     126    1802       0       1       0       0       0       000010501D   1891
     126       1       0       2       0       0       0               0D   1892
     126    1804       0       1       0       0       0       000010501D   1893
     126       1       0       2       0       0       0               0D   1894
     102    1806       0       1       0       0       0       000010501D   1895
     102       1       0       1       0       0       0               0D   1896
     110    1807       0       1       0       0       0       000010001D   1897
     110       1       0       1       0       0       0               0D   1898
     110    1808       0       1       0       0       0       000010001D   1899
     110       1       0       1       0       0       0               0D   1900
     124    1809       0       1       0       0       0       000010001D   1901
     124       1       0       1       0       0       0               0D   1902
     100    1810       0       1       0       0    1901       000010001D   1903
     100       1       0       1       0       0       0               0D   1904
     110    1811       0       1       0       0       0       000010001D   1905
     110       1       0       1       0       0       0               0D   1906
     110    1812       0       1       0       0       0       000010001D   1907
     110       1       0       1       0       0       0               0D   1908
     102    1813       0       1       0       0       0       000010001D   1909
     102       1       0       1       0       0       0               0D   1910
     142    1814       0       1       0       0       0       000010001D   1911
     142       1       0       1       0       0       0               0D   1912
     144    1815       0       1       0       0       0       000000001D   1913
     144       1       0       1       0       0       0               0D   1914
     110    1816       0       1       0       0       0       000010001D   1915
     110       1       0       1       0       0       0               0D   1916
     122    1817       0       1       0       0       0       000010001D   1917
     122       1       0       1       0       0       0               0D   1918
     126    1818       0       1       0       0       0       000010501D   1919
     126       1       0       2       0       0       0               0D   1920
     126    1820       0       1       0       0       0       000010501D   1921
     126       1       0       2       0       0       0               0D   1922
     126    1822       0       1       0       0       0       000010501D   1923
     126       1       0       2       0       0       0               0D   1924
     126    1824       0       1       0       0       0       000010501D   1925
     126       1       0       2       0       0       0               0D   1926
     102    1826       0       1       0       0       0       000010501D   1927
     102       1       0       1       0       0       0               0D   1928
     110    1827       0       1       0       0       0       000010001D   1929
     110       1       0       1       0       0       0               0D   1930
     110    1828       0       1       0       0       0       000010001D   1931
     110       1       0       1       0       0       0               0D   1932
     110    1829       0       1       0       0       0       000010001D   1933
     110       1       0       1       0       0       0               0D   1934
     110    1830       0       1       0       0       0       000010001D   1935
     110       1       0       1       0       0       0               0D   1936
     102    1831       0       1       0       0       0       000010001D   1937
     102       1       0       1       0       0       0               0D   1938
     142    1832       0       1       0       0       0       000010001D   1939
     142       1       0       1       0       0       0               0D   1940
     144    1833       0       1       0       0       0       000000001D   1941
     144       1       0       1       0       0       0               0D   1942
     110    1834       0       1       0       0       0       000010001D   1943
     110       1       0       1       0       0       0               0D   1944
     110    1835       0       1       0       0       0       000010001D   1945
     110       1       0       1       0       0       0               0D   1946
     120    1836       0       1       0       0       0       000010001D   1947
     120       1       0       1       0       0       0               0D   1948
     126    1837       0       1       0       0       0       000010501D   1949
     126       1       0       4       0       0       0               0D   1950
     126    1841       0       1       0       0       0       000010501D   1951
     126       1       0       2       0       0       0               0D   1952
     126    1843       0       1       0       0       0       000010501D   1953
     126       1       0       4       0       0       0               0D   1954
     126    1847       0       1       0       0       0       000010501D   1955
     126       1       0       2       0       0       0               0D   1956
     102    1849       0       1       0       0       0       000010501D   1957
     102       1       0       1       0       0       0               0D   1958
     124    1850       0       1       0       0       0       000010001D   1959
     124       1       0       1       0       0       0               0D   1960
     100    1851       0       1       0       0    1959       000010001D   1961
     100       1       0       1       0       0       0               0D   1962
     110    1852       0       1       0       0       0       000010001D   1963
     110       1       0       1       0       0       0               0D   1964
     124    1853       0       1       0       0       0       000010001D   1965
     124       1       0       1       0       0       0               0D   1966
     100    1854       0       1       0       0    1965       000010001D   1967
     100       1       0       1       0       0       0               0D   1968
     110    1855       0       1       0       0       0       000010001D   1969
     110       1       0       1       0       0       0               0D   1970
     102    1856       0       1       0       0       0       000010001D   1971
     102       1       0       1       0       0       0               0D   1972
     142    1857       0       1       0       0       0       000010001D   1973
     142       1       0       1       0       0       0               0D   1974
     144    1858       0       1       0       0       0       000000001D   1975
     144       1       0       1       0       0       0               0D   1976
     110    1859       0       1       0       0       0       000010001D   1977
     110       1       0       1       0       0       0               0D   1978
     122    1860       0       1       0       0       0       000010001D   1979
     122       1       0       1       0       0       0               0D   1980
     126    1861       0       1       0       0       0       000010501D   1981
     126       1       0       2       0       0       0               0D   1982
     126    1863       0       1       0       0       0       000010501D   1983
     126       1       0       2       0       0       0               0D   1984
     126    1865       0       1       0       0       0       000010501D   1985
     126       1       0       2       0       0       0               0D   1986
     126    1867       0       1       0       0       0       000010501D   1987
     126       1       0       2       0       0       0               0D   1988
     102    1869       0       1       0       0       0       000010501D   1989
     102       1       0       1       0       0       0               0D   1990
     110    1870       0       1       0       0       0       000010001D   1991
     110       1       0       1       0       0       0               0D   1992
     110    1871       0       1       0       0       0       000010001D   1993
     110       1       0       1       0       0       0               0D   1994
     110    1872       0       1       0       0       0       000010001D   1995
     110       1       0       1       0       0       0               0D   1996
     110    1873       0       1       0       0       0       000010001D   1997
     110       1       0       1       0       0       0               0D   1998
     102    1874       0       1       0       0       0       000010001D   1999
     102       1       0       1       0       0       0               0D   2000
     142    1875       0       1       0       0       0       000010001D   2001
     142       1       0       1       0       0       0               0D   2002
     144    1876       0       1       0       0       0       000000001D   2003
     144       1       0       1       0       0       0               0D   2004
     110    1877       0       1       0       0       0       000010001D   2005
     110       1       0       1       0       0       0               0D   2006
     122    1878       0       1       0       0       0       000010001D   2007
     122       1       0       1       0       0       0               0D   2008
     126    1879       0       1       0       0       0       000010501D   2009
     126       1       0       2       0       0       0               0D   2010
     126    1881       0       1       0       0       0       000010501D   2011
     126       1       0       2       0       0       0               0D   2012
     126    1883       0       1       0       0       0       000010501D   2013
     126       1       0       2       0       0       0               0D   2014
     126    1885       0       1       0       0       0       000010501D   2015
     126       1       0       2       0       0       0               0D   2016
     102    1887       0       1       0       0       0       000010501D   2017
     102       1       0       1       0       0       0               0D   2018
     110    1888       0       1       0       0       0       000010001D   2019
     110       1       0       1       0       0       0               0D   2020
     110    1889       0       1       0       0       0       000010001D   2021
     110       1       0       1       0       0       0               0D   2022
     110    1890       0       1       0       0       0       000010001D   2023
     110       1       0       1       0       0       0               0D   2024
     110    1891       0       1       0       0       0       000010001D   2025
     110       1       0       1       0       0       0               0D   2026
     102    1892       0       1       0       0       0       000010001D   2027
     102       1       0       1       0       0       0               0D   2028
     142    1893       0       1       0       0       0       000010001D   2029
     142       1       0       1       0       0       0               0D   2030
     144    1894       0       1       0       0       0       000000001D   2031
     144       1       0       1       0       0       0               0D   2032
     110    1895       0       1       0       0       0       000010001D   2033
     110       1       0       1       0       0       0               0D   2034
     110    1896       0       1       0       0       0       000010001D   2035
     110       1       0       1       0       0       0               0D   2036
     120    1897       0       1       0       0       0       000010001D   2037
     120       1       0       1       0       0       0               0D   2038
     126    1898       0       1       0       0       0       000010501D   2039
     126       1       0       4       0       0       0               0D   2040
     126    1902       0       1       0       0       0       000010501D   2041
     126       1       0       2       0       0       0               0D   2042
     126    1904       0       1       0       0       0       000010501D   2043
     126       1       0       4       0       0       0               0D   2044
     126    1908       0       1       0       0       0       000010501D   2045
     126       1       0       2       0       0       0               0D   2046
     102    1910       0       1       0       0       0       000010501D   2047
     102       1       0       1       0       0       0               0D   2048
     124    1911       0       1       0       0       0       000010001D   2049
     124       1       0       1       0       0       0               0D   2050
     100    1912       0       1       0       0    2049       000010001D   2051
     100       1       0       1       0       0       0               0D   2052
     110    1913       0       1       0       0       0       000010001D   2053
     110       1       0       1       0       0       0               0D   2054
     124    1914       0       1       0       0       0       000010001D   2055
     124       1       0       1       0       0       0               0D   2056
     100    1915       0       1       0       0    2055       000010001D   2057
     100       1       0       1       0       0       0               0D   2058
     110    1916       0       1       0       0       0       000010001D   2059
     110       1       0       1       0       0       0               0D   2060
     102    1917       0       1       0       0       0       000010001D   2061
     102       1       0       1       0       0       0               0D   2062
     142    1918       0       1       0       0       0       000010001D   2063
     142       1       0       1       0       0       0               0D   2064
     144    1919       0       1       0       0       0       000000001D   2065
     144       1       0       1       0       0       0               0D   2066
     110    1920       0       1       0       0       0       000010001D   2067
     110       1       0       1       0       0       0               0D   2068
     122    1921       0       1       0       0       0       000010001D   2069
     122       1       0       1       0       0       0               0D   2070
     126    1922       0       1       0       0       0       000010501D   2071
     126       1       0       2       0       0       0               0D   2072
     126    1924       0       1       0       0       0       000010501D   2073
     126       1       0       2       0       0       0               0D   2074
     126    1926       0       1       0       0       0       000010501D   2075
     126       1       0       2       0       0       0               0D   2076
     126    1928       0       1       0       0       0       000010501D   2077
     126       1       0       6       0       0       0               0D   2078
     126    1934       0       1       0       0       0       000010501D   2079
     126       1       0       2       0       0       0               0D   2080
     102    1936       0       1       0       0       0       000010501D   2081
     102       1       0       1       0       0       0               0D   2082
     110    1937       0       1       0       0       0       000010001D   2083
     110       1       0       1       0       0       0               0D   2084
     110    1938       0       1       0       0       0       000010001D   2085
     110       1       0       1       0       0       0               0D   2086
     110    1939       0       1       0       0       0       000010001D   2087
     110       1       0       1       0       0       0               0D   2088
     124    1940       0       1       0       0       0       000010001D   2089
     124       1       0       1       0       0       0               0D   2090
     100    1941       0       1       0       0    2089       000010001D   2091
     100       1       0       1       0       0       0               0D   2092
     110    1942       0       1       0       0       0       000010001D   2093
     110       1       0       1       0       0       0               0D   2094
     102    1943       0       1       0       0       0       000010001D   2095
     102       1       0       1       0       0       0               0D   2096
     142    1944       0       1       0       0       0       000010001D   2097
     142       1       0       1       0       0       0               0D   2098
     144    1945       0       1       0       0       0       000000001D   2099
     144       1       0       1       0       0       0               0D   2100
     110    1946       0       1       0       0       0       000010001D   2101
     110       1       0       1       0       0       0               0D   2102
     122    1947       0       1       0       0       0       000010001D   2103
     122       1       0       1       0       0       0               0D   2104
     126    1948       0       1       0       0       0       000010501D   2105
     126       1       0       2       0       0       0               0D   2106
     126    1950       0       1       0       0       0       000010501D   2107
     126       1       0       2       0       0       0               0D   2108
     126    1952       0       1       0       0       0       000010501D   2109
     126       1       0       2       0       0       0               0D   2110
     126    1954       0       1       0       0       0       000010501D   2111
     126       1       0       6       0       0       0               0D   2112
     126    1960       0       1       0       0       0       000010501D   2113
     126       1       0       2       0       0       0               0D   2114
     102    1962       0       1       0       0       0       000010501D   2115
     102       1       0       1       0       0       0               0D   2116
     110    1963       0       1       0       0       0       000010001D   2117
     110       1       0       1       0       0       0               0D   2118
     110    1964       0       1       0       0       0       000010001D   2119
     110       1       0       1       0       0       0               0D   2120
     110    1965       0       1       0       0       0       000010001D   2121
     110       1       0       1       0       0       0               0D   2122
     124    1966       0       1       0       0       0       000010001D   2123
     124       1       0       1       0       0       0               0D   2124
     100    1967       0       1       0       0    2123       000010001D   2125
     100       1       0       1       0       0       0               0D   2126
     110    1968       0       1       0       0       0       000010001D   2127
     110       1       0       1       0       0       0               0D   2128
     102    1969       0       1       0       0       0       000010001D   2129
     102       1       0       1       0       0       0               0D   2130
     142    1970       0       1       0       0       0       000010001D   2131
     142       1       0       1       0       0       0               0D   2132
     144    1971       0       1       0       0       0       000000001D   2133
     144       1       0       1       0       0       0               0D   2134
     110    1972       0       1       0       0       0       000010001D   2135
     110       1       0       1       0       0       0               0D   2136
     122    1973       0       1       0       0       0       000010001D   2137
     122       1       0       1       0       0       0               0D   2138
     126    1974       0       1       0       0       0       000010501D   2139
     126       1       0       2       0       0       0               0D   2140
     126    1976       0       1       0       0       0       000010501D   2141
     126       1       0       2       0       0       0               0D   2142
     126    1978       0       1       0       0       0       000010501D   2143
     126       1       0       2       0       0       0               0D   2144
     126    1980       0       1       0       0       0       000010501D   2145
     126       1       0       2       0       0       0               0D   2146
     102    1982       0       1       0       0       0       000010501D   2147
     102       1       0       1       0       0       0               0D   2148
     110    1983       0       1       0       0       0       000010001D   2149
     110       1       0       1       0       0       0               0D   2150
     110    1984       0       1       0       0       0       000010001D   2151
     110       1       0       1       0       0       0               0D   2152
     110    1985       0       1       0       0       0       000010001D   2153
     110       1       0       1       0       0       0               0D   2154
     110    1986       0       1       0       0       0       000010001D   2155
     110       1       0       1       0       0       0               0D   2156
     102    1987       0       1       0       0       0       000010001D   2157
     102       1       0       1       0       0       0               0D   2158
     142    1988       0       1       0       0       0       000010001D   2159
     142       1       0       1       0       0       0               0D   2160
     144    1989       0       1       0       0       0       000000001D   2161
     144       1       0       1       0       0       0               0D   2162
     110    1990       0       1       0       0       0       000010001D   2163
     110       1       0       1       0       0       0               0D   2164
     122    1991       0       1       0       0       0       000010001D   2165
     122       1       0       1       0       0       0               0D   2166
     126    1992       0       1       0       0       0       000010501D   2167
     126       1       0       2       0       0       0               0D   2168
     126    1994       0       1       0       0       0       000010501D   2169
     126       1       0       2       0       0       0               0D   2170
     126    1996       0       1       0       0       0       000010501D   2171
     126       1       0       2       0       0       0               0D   2172
     126    1998       0       1       0       0       0       000010501D   2173
     126       1       0       2       0       0       0               0D   2174
     102    2000       0       1       0       0       0       000010501D   2175
     102       1       0       1       0       0       0               0D   2176
     110    2001       0       1       0       0       0       000010001D   2177
     110       1       0       1       0       0       0               0D   2178
     110    2002       0       1       0       0       0       000010001D   2179
     110       1       0       1       0       0       0               0D   2180
     110    2003       0       1       0       0       0       000010001D   2181
     110       1       0       1       0       0       0               0D   2182
     110    2004       0       1       0       0       0       000010001D   2183
     110       1       0       1       0       0       0               0D   2184
     102    2005       0       1       0       0       0       000010001D   2185
     102       1       0       1       0       0       0               0D   2186
     142    2006       0       1       0       0       0       000010001D   2187
     142       1       0       1       0       0       0               0D   2188
     144    2007       0       1       0       0       0       000000001D   2189
     144       1       0       1       0       0       0               0D   2190
     110    2008       0       1       0       0       0       000010001D   2191
     110       1       0       1       0       0       0               0D   2192
     122    2009       0       1       0       0       0       000010001D   2193
     122       1       0       1       0       0       0               0D   2194
     126    2010       0       1       0       0       0       000010501D   2195
     126       1       0       2       0       0       0               0D   2196
     126    2012       0       1       0       0       0       000010501D   2197
     126       1       0       2       0       0       0               0D   2198
     126    2014       0       1       0       0       0       000010501D   2199
     126       1       0       6       0       0       0               0D   2200
     126    2020       0       1       0       0       0       000010501D   2201
     126       1       0       2       0       0       0               0D   2202
     126    2022       0       1       0       0       0       000010501D   2203
     126       1       0       2       0       0       0               0D   2204
     102    2024       0       1       0       0       0       000010501D   2205
     102       1       0       1       0       0       0               0D   2206
     110    2025       0       1       0       0       0       000010001D   2207
     110       1       0       1       0       0       0               0D   2208
     110    2026       0       1       0       0       0       000010001D   2209
     110       1       0       1       0       0       0               0D   2210
     124    2027       0       1       0       0       0       000010001D   2211
     124       1       0       1       0       0       0               0D   2212
     100    2028       0       1       0       0    2211       000010001D   2213
     100       1       0       1       0       0       0               0D   2214
     110    2029       0       1       0       0       0       000010001D   2215
     110       1       0       1       0       0       0               0D   2216
     110    2030       0       1       0       0       0       000010001D   2217
     110       1       0       1       0       0       0               0D   2218
     102    2031       0       1       0       0       0       000010001D   2219
     102       1       0       1       0       0       0               0D   2220
     142    2032       0       1       0       0       0       000010001D   2221
     142       1       0       1       0       0       0               0D   2222
     144    2033       0       1       0       0       0       000000001D   2223
     144       1       0       1       0       0       0               0D   2224
     110    2034       0       1       0       0       0       000010001D   2225
     110       1       0       1       0       0       0               0D   2226
     122    2035       0       1       0       0       0       000010001D   2227
     122       1       0       1       0       0       0               0D   2228
     126    2036       0       1       0       0       0       000010501D   2229
     126       1       0       2       0       0       0               0D   2230
     126    2038       0       1       0       0       0       000010501D   2231
     126       1       0       2       0       0       0               0D   2232
     126    2040       0       1       0       0       0       000010501D   2233
     126       1       0       2       0       0       0               0D   2234
     126    2042       0       1       0       0       0       000010501D   2235
     126       1       0       2       0       0       0               0D   2236
     126    2044       0       1       0       0       0       000010501D   2237
     126       1       0       6       0       0       0               0D   2238
     102    2050       0       1       0       0       0       000010501D   2239
     102       1       0       1       0       0       0               0D   2240
     110    2051       0       1       0       0       0       000010001D   2241
     110       1       0       1       0       0       0               0D   2242
     110    2052       0       1       0       0       0       000010001D   2243
     110       1       0       1       0       0       0               0D   2244
     110    2053       0       1       0       0       0       000010001D   2245
     110       1       0       1       0       0       0               0D   2246
     110    2054       0       1       0       0       0       000010001D   2247
     110       1       0       1       0       0       0               0D   2248
     124    2055       0       1       0       0       0       000010001D   2249
     124       1       0       1       0       0       0               0D   2250
     100    2056       0       1       0       0    2249       000010001D   2251
     100       1       0       1       0       0       0               0D   2252
     102    2057       0       1       0       0       0       000010001D   2253
     102       1       0       1       0       0       0               0D   2254
     142    2058       0       1       0       0       0       000010001D   2255
     142       1       0       1       0       0       0               0D   2256
     144    2059       0       1       0       0       0       000000001D   2257
     144       1       0       1       0       0       0               0D   2258
     110    2060       0       1       0       0       0       000010001D   2259
     110       1       0       1       0       0       0               0D   2260
     110    2061       0       1       0       0       0       000010001D   2261
     110       1       0       1       0       0       0               0D   2262
     120    2062       0       1       0       0       0       000010001D   2263
     120       1       0       1       0       0       0               0D   2264
     126    2063       0       1       0       0       0       000010501D   2265
     126       1       0       4       0       0       0               0D   2266
     126    2067       0       1       0       0       0       000010501D   2267
     126       1       0       2       0       0       0               0D   2268
     126    2069       0       1       0       0       0       000010501D   2269
     126       1       0       4       0       0       0               0D   2270
     126    2073       0       1       0       0       0       000010501D   2271
     126       1       0       2       0       0       0               0D   2272
     102    2075       0       1       0       0       0       000010501D   2273
     102       1       0       1       0       0       0               0D   2274
     124    2076       0       1       0       0       0       000010001D   2275
     124       1       0       1       0       0       0               0D   2276
     100    2077       0       1       0       0    2275       000010001D   2277
     100       1       0       1       0       0       0               0D   2278
     110    2078       0       1       0       0       0       000010001D   2279
     110       1       0       1       0       0       0               0D   2280
     124    2079       0       1       0       0       0       000010001D   2281
     124       1       0       1       0       0       0               0D   2282
     100    2080       0       1       0       0    2281       000010001D   2283
     100       1       0       1       0       0       0               0D   2284
     110    2081       0       1       0       0       0       000010001D   2285
     110       1       0       1       0       0       0               0D   2286
     102    2082       0       1       0       0       0       000010001D   2287
     102       1       0       1       0       0       0               0D   2288
     142    2083       0       1       0       0       0       000010001D   2289
     142       1       0       1       0       0       0               0D   2290
     144    2084       0       1       0       0       0       000000001D   2291
     144       1       0       1       0       0       0               0D   2292
     110    2085       0       1       0       0       0       000010001D   2293
     110       1       0       1       0       0       0               0D   2294
     122    2086       0       1       0       0       0       000010001D   2295
     122       1       0       1       0       0       0               0D   2296
     126    2087       0       1       0       0       0       000010501D   2297
     126       1       0       2       0       0       0               0D   2298
     126    2089       0       1       0       0       0       000010501D   2299
     126       1       0       2       0       0       0               0D   2300
     126    2091       0       1       0       0       0       000010501D   2301
     126       1       0       2       0       0       0               0D   2302
     126    2093       0       1       0       0       0       000010501D   2303
     126       1       0       2       0       0       0               0D   2304
     102    2095       0       1       0       0       0       000010501D   2305
     102       1       0       1       0       0       0               0D   2306
     110    2096       0       1       0       0       0       000010001D   2307
     110       1       0       1       0       0       0               0D   2308
     110    2097       0       1       0       0       0       000010001D   2309
     110       1       0       1       0       0       0               0D   2310
     110    2098       0       1       0       0       0       000010001D   2311
     110       1       0       1       0       0       0               0D   2312
     110    2099       0       1       0       0       0       000010001D   2313
     110       1       0       1       0       0       0               0D   2314
     102    2100       0       1       0       0       0       000010001D   2315
     102       1       0       1       0       0       0               0D   2316
     142    2101       0       1       0       0       0       000010001D   2317
     142       1       0       1       0       0       0               0D   2318
     144    2102       0       1       0       0       0       000000001D   2319
     144       1       0       1       0       0       0               0D   2320
     110    2103       0       1       0       0       0       000010001D   2321
     110       1       0       1       0       0       0               0D   2322
     122    2104       0       1       0       0       0       000010001D   2323
     122       1       0       1       0       0       0               0D   2324
     126    2105       0       1       0       0       0       000010501D   2325
     126       1       0       2       0       0       0               0D   2326
     126    2107       0       1       0       0       0       000010501D   2327
     126       1       0       2       0       0       0               0D   2328
     126    2109       0       1       0       0       0       000010501D   2329
     126       1       0       2       0       0       0               0D   2330
     126    2111       0       1       0       0       0       000010501D   2331
     126       1       0       2       0       0       0               0D   2332
     126    2113       0       1       0       0       0       000010501D   2333
     126       1       0       6       0       0       0               0D   2334
     102    2119       0       1       0       0       0       000010501D   2335
     102       1       0       1       0       0       0               0D   2336
     110    2120       0       1       0       0       0       000010001D   2337
     110       1       0       1       0       0       0               0D   2338
     110    2121       0       1       0       0       0       000010001D   2339
     110       1       0       1       0       0       0               0D   2340
     110    2122       0       1       0       0       0       000010001D   2341
     110       1       0       1       0       0       0               0D   2342
     110    2123       0       1       0       0       0       000010001D   2343
     110       1       0       1       0       0       0               0D   2344
     124    2124       0       1       0       0       0       000010001D   2345
     124       1       0       1       0       0       0               0D   2346
     100    2125       0       1       0       0    2345       000010001D   2347
     100       1       0       1       0       0       0               0D   2348
     102    2126       0       1       0       0       0       000010001D   2349
     102       1       0       1       0       0       0               0D   2350
     142    2127       0       1       0       0       0       000010001D   2351
     142       1       0       1       0       0       0               0D   2352
     144    2128       0       1       0       0       0       000000001D   2353
     144       1       0       1       0       0       0               0D   2354
     110    2129       0       1       0       0       0       000010001D   2355
     110       1       0       1       0       0       0               0D   2356
     122    2130       0       1       0       0       0       000010001D   2357
     122       1       0       1       0       0       0               0D   2358
     126    2131       0       1       0       0       0       000010501D   2359
     126       1       0       2       0       0       0               0D   2360
     126    2133       0       1       0       0       0       000010501D   2361
     126       1       0       2       0       0       0               0D   2362
     126    2135       0       1       0       0       0       000010501D   2363
     126       1       0       2       0       0       0               0D   2364
     126    2137       0       1       0       0       0       000010501D   2365
     126       1       0       6       0       0       0               0D   2366
     126    2143       0       1       0       0       0       000010501D   2367
     126       1       0       2       0       0       0               0D   2368
     102    2145       0       1       0       0       0       000010501D   2369
     102       1       0       1       0       0       0               0D   2370
     110    2146       0       1       0       0       0       000010001D   2371
     110       1       0       1       0       0       0               0D   2372
     110    2147       0       1       0       0       0       000010001D   2373
     110       1       0       1       0       0       0               0D   2374
     110    2148       0       1       0       0       0       000010001D   2375
     110       1       0       1       0       0       0               0D   2376
     124    2149       0       1       0       0       0       000010001D   2377
     124       1       0       1       0       0       0               0D   2378
     100    2150       0       1       0       0    2377       000010001D   2379
     100       1       0       1       0       0       0               0D   2380
     110    2151       0       1       0       0       0       000010001D   2381
     110       1       0       1       0       0       0               0D   2382
     102    2152       0       1       0       0       0       000010001D   2383
     102       1       0       1       0       0       0               0D   2384
     142    2153       0       1       0       0       0       000010001D   2385
     142       1       0       1       0       0       0               0D   2386
     144    2154       0       1       0       0       0       000000001D   2387
     144       1       0       1       0       0       0               0D   2388
     110    2155       0       1       0       0       0       000010001D   2389
     110       1       0       1       0       0       0               0D   2390
     110    2156       0       1       0       0       0       000010001D   2391
     110       1       0       1       0       0       0               0D   2392
     120    2157       0       1       0       0       0       000010001D   2393
     120       1       0       1       0       0       0               0D   2394
     126    2158       0       1       0       0       0       000010501D   2395
     126       1       0       4       0       0       0               0D   2396
     126    2162       0       1       0       0       0       000010501D   2397
     126       1       0       2       0       0       0               0D   2398
     126    2164       0       1       0       0       0       000010501D   2399
     126       1       0       4       0       0       0               0D   2400
     126    2168       0       1       0       0       0       000010501D   2401
     126       1       0       2       0       0       0               0D   2402
     102    2170       0       1       0       0       0       000010501D   2403
     102       1       0       1       0       0       0               0D   2404
     124    2171       0       1       0       0       0       000010001D   2405
     124       1       0       1       0       0       0               0D   2406
     100    2172       0       1       0       0    2405       000010001D   2407
     100       1       0       1       0       0       0               0D   2408
     110    2173       0       1       0       0       0       000010001D   2409
     110       1       0       1       0       0       0               0D   2410
     124    2174       0       1       0       0       0       000010001D   2411
     124       1       0       1       0       0       0               0D   2412
     100    2175       0       1       0       0    2411       000010001D   2413
     100       1       0       1       0       0       0               0D   2414
     110    2176       0       1       0       0       0       000010001D   2415
     110       1       0       1       0       0       0               0D   2416
     102    2177       0       1       0       0       0       000010001D   2417
     102       1       0       1       0       0       0               0D   2418
     142    2178       0       1       0       0       0       000010001D   2419
     142       1       0       1       0       0       0               0D   2420
     144    2179       0       1       0       0       0       000000001D   2421
     144       1       0       1       0       0       0               0D   2422
     110    2180       0       1       0       0       0       000010001D   2423
     110       1       0       1       0       0       0               0D   2424
     122    2181       0       1       0       0       0       000010001D   2425
     122       1       0       1       0       0       0               0D   2426
     126    2182       0       1       0       0       0       000010501D   2427
     126       1       0       2       0       0       0               0D   2428
     126    2184       0       1       0       0       0       000010501D   2429
     126       1       0       2       0       0       0               0D   2430
     126    2186       0       1       0       0       0       000010501D   2431
     126       1       0       2       0       0       0               0D   2432
     126    2188       0       1       0       0       0       000010501D   2433
     126       1       0       2       0       0       0               0D   2434
     102    2190       0       1       0       0       0       000010501D   2435
     102       1       0       1       0       0       0               0D   2436
     110    2191       0       1       0       0       0       000010001D   2437
     110       1       0       1       0       0       0               0D   2438
     110    2192       0       1       0       0       0       000010001D   2439
     110       1       0       1       0       0       0               0D   2440
     110    2193       0       1       0       0       0       000010001D   2441
     110       1       0       1       0       0       0               0D   2442
     110    2194       0       1       0       0       0       000010001D   2443
     110       1       0       1       0       0       0               0D   2444
     102    2195       0       1       0       0       0       000010001D   2445
     102       1       0       1       0       0       0               0D   2446
     142    2196       0       1       0       0       0       000010001D   2447
     142       1       0       1       0       0       0               0D   2448
     144    2197       0       1       0       0       0       000000001D   2449
     144       1       0       1       0       0       0               0D   2450
     110    2198       0       1       0       0       0       000010001D   2451
     110       1       0       1       0       0       0               0D   2452
     122    2199       0       1       0       0       0       000010001D   2453
     122       1       0       1       0       0       0               0D   2454
     126    2200       0       1       0       0       0       000010501D   2455
     126       1       0       2       0       0       0               0D   2456
     126    2202       0       1       0       0       0       000010501D   2457
     126       1       0       2       0       0       0               0D   2458
     126    2204       0       1       0       0       0       000010501D   2459
     126       1       0       2       0       0       0               0D   2460
     126    2206       0       1       0       0       0       000010501D   2461
     126       1       0       2       0       0       0               0D   2462
     102    2208       0       1       0       0       0       000010501D   2463
     102       1       0       1       0       0       0               0D   2464
     110    2209       0       1       0       0       0       000010001D   2465
     110       1       0       1       0       0       0               0D   2466
     110    2210       0       1       0       0       0       000010001D   2467
     110       1       0       1       0       0       0               0D   2468
     110    2211       0       1       0       0       0       000010001D   2469
     110       1       0       1       0       0       0               0D   2470
     110    2212       0       1       0       0       0       000010001D   2471
     110       1       0       1       0       0       0               0D   2472
     102    2213       0       1       0       0       0       000010001D   2473
     102       1       0       1       0       0       0               0D   2474
     142    2214       0       1       0       0       0       000010001D   2475
     142       1       0       1       0       0       0               0D   2476
     144    2215       0       1       0       0       0       000000001D   2477
     144       1       0       1       0       0       0               0D   2478
     110    2216       0       1       0       0       0       000010001D   2479
     110       1       0       1       0       0       0               0D   2480
     122    2217       0       1       0       0       0       000010001D   2481
     122       1       0       1       0       0       0               0D   2482
     126    2218       0       1       0       0       0       000010501D   2483
     126       1       0       2       0       0       0               0D   2484
     126    2220       0       1       0       0       0       000010501D   2485
     126       1       0       2       0       0       0               0D   2486
     126    2222       0       1       0       0       0       000010501D   2487
     126       1       0       2       0       0       0               0D   2488
     126    2224       0       1       0       0       0       000010501D   2489
     126       1       0       2       0       0       0               0D   2490
     102    2226       0       1       0       0       0       000010501D   2491
     102       1       0       1       0       0       0               0D   2492
     110    2227       0       1       0       0       0       000010001D   2493
     110       1       0       1       0       0       0               0D   2494
     110    2228       0       1       0       0       0       000010001D   2495
     110       1       0       1       0       0       0               0D   2496
     110    2229       0       1       0       0       0       000010001D   2497
     110       1       0       1       0       0       0               0D   2498
     110    2230       0       1       0       0       0       000010001D   2499
     110       1       0       1       0       0       0               0D   2500
     102    2231       0       1       0       0       0       000010001D   2501
     102       1       0       1       0       0       0               0D   2502
     142    2232       0       1       0       0       0       000010001D   2503
     142       1       0       1       0       0       0               0D   2504
     144    2233       0       1       0       0       0       000000001D   2505
     144       1       0       1       0       0       0               0D   2506
     110    2234       0       1       0       0       0       000010001D   2507
     110       1       0       1       0       0       0               0D   2508
     122    2235       0       1       0       0       0       000010001D   2509
     122       1       0       1       0       0       0               0D   2510
     126    2236       0       1       0       0       0       000010501D   2511
     126       1       0       2       0       0       0               0D   2512
     126    2238       0       1       0       0       0       000010501D   2513
     126       1       0       2       0       0       0               0D   2514
     126    2240       0       1       0       0       0       000010501D   2515
     126       1       0       2       0       0       0               0D   2516
     126    2242       0       1       0       0       0       000010501D   2517
     126       1       0       2       0       0       0               0D   2518
     102    2244       0       1       0       0       0       000010501D   2519
     102       1       0       1       0       0       0               0D   2520
     110    2245       0       1       0       0       0       000010001D   2521
     110       1       0       1       0       0       0               0D   2522
     110    2246       0       1       0       0       0       000010001D   2523
     110       1       0       1       0       0       0               0D   2524
     110    2247       0       1       0       0       0       000010001D   2525
     110       1       0       1       0       0       0               0D   2526
     110    2248       0       1       0       0       0       000010001D   2527
     110       1       0       1       0       0       0               0D   2528
     102    2249       0       1       0       0       0       000010001D   2529
     102       1       0       1       0       0       0               0D   2530
     142    2250       0       1       0       0       0       000010001D   2531
     142       1       0       1       0       0       0               0D   2532
     144    2251       0       1       0       0       0       000000001D   2533
     144       1       0       1       0       0       0               0D   2534
     110    2252       0       1       0       0       0       000010001D   2535
     110       1       0       1       0       0       0               0D   2536
     110    2253       0       1       0       0       0       000010001D   2537
     110       1       0       1       0       0       0               0D   2538
     120    2254       0       1       0       0       0       000010001D   2539
     120       1       0       1       0       0       0               0D   2540
     126    2255       0       1       0       0       0       000010501D   2541
     126       1       0       4       0       0       0               0D   2542
     126    2259       0       1       0       0       0       000010501D   2543
     126       1       0       2       0       0       0               0D   2544
     126    2261       0       1       0       0       0       000010501D   2545
     126       1       0       4       0       0       0               0D   2546
     126    2265       0       1       0       0       0       000010501D   2547
     126       1       0       2       0       0       0               0D   2548
     102    2267       0       1       0       0       0       000010501D   2549
     102       1       0       1       0       0       0               0D   2550
     124    2268       0       1       0       0       0       000010001D   2551
     124       1       0       1       0       0       0               0D   2552
     100    2269       0       1       0       0    2551       000010001D   2553
     100       1       0       1       0       0       0               0D   2554
     110    2270       0       1       0       0       0       000010001D   2555
     110       1       0       1       0       0       0               0D   2556
     124    2271       0       1       0       0       0       000010001D   2557
     124       1       0       1       0       0       0               0D   2558
     100    2272       0       1       0       0    2557       000010001D   2559
     100       1       0       1       0       0       0               0D   2560
     110    2273       0       1       0       0       0       000010001D   2561
     110       1       0       1       0       0       0               0D   2562
     102    2274       0       1       0       0       0       000010001D   2563
     102       1       0       1       0       0       0               0D   2564
     142    2275       0       1       0       0       0       000010001D   2565
     142       1       0       1       0       0       0               0D   2566
     144    2276       0       1       0       0       0       000000001D   2567
     144       1       0       1       0       0       0               0D   2568
     110    2277       0       1       0       0       0       000010001D   2569
     110       1       0       1       0       0       0               0D   2570
     122    2278       0       1       0       0       0       000010001D   2571
     122       1       0       1       0       0       0               0D   2572
     126    2279       0       1       0       0       0       000010501D   2573
     126       1       0       2       0       0       0               0D   2574
     126    2281       0       1       0       0       0       000010501D   2575
     126       1       0       7       0       0       0               0D   2576
     126    2288       0       1       0       0       0       000010501D   2577
     126       1       0       3       0       0       0               0D   2578
     126    2291       0       1       0       0       0       000010501D   2579
     126       1       0       7       0       0       0               0D   2580
     126    2298       0       1       0       0       0       000010501D   2581
     126       1       0       2       0       0       0               0D   2582
     126    2300       0       1       0       0       0       000010501D   2583
     126       1       0       6       0       0       0               0D   2584
     126    2306       0       1       0       0       0       000010501D   2585
     126       1       0       2       0       0       0               0D   2586
     126    2308       0       1       0       0       0       000010501D   2587
     126       1       0       2       0       0       0               0D   2588
     126    2310       0       1       0       0       0       000010501D   2589
     126       1       0       3       0       0       0               0D   2590
     126    2313       0       1       0       0       0       000010501D   2591
     126       1       0       2       0       0       0               0D   2592
     126    2315       0       1       0       0       0       000010501D   2593
     126       1       0       2       0       0       0               0D   2594
     126    2317       0       1       0       0       0       000010501D   2595
     126       1       0       6       0       0       0               0D   2596
     126    2323       0       1       0       0       0       000010501D   2597
     126       1       0       3       0       0       0               0D   2598
     126    2326       0       1       0       0       0       000010501D   2599
     126       1       0       7       0       0       0               0D   2600
     126    2333       0       1       0       0       0       000010501D   2601
     126       1       0       3       0       0       0               0D   2602
     126    2336       0       1       0       0       0       000010501D   2603
     126       1       0       7       0       0       0               0D   2604
     126    2343       0       1       0       0       0       000010501D   2605
     126       1       0       3       0       0       0               0D   2606
     126    2346       0       1       0       0       0       000010501D   2607
     126       1       0       7       0       0       0               0D   2608
     126    2353       0       1       0       0       0       000010501D   2609
     126       1       0       3       0       0       0               0D   2610
     102    2356       0       1       0       0       0       000010501D   2611
     102       1       0       2       0       0       0               0D   2612
     110    2358       0       1       0       0       0       000010001D   2613
     110       1       0       1       0       0       0               0D   2614
     124    2359       0       1       0       0       0       000010001D   2615
     124       1       0       1       0       0       0               0D   2616
     100    2360       0       1       0       0    2615       000010001D   2617
     100       1       0       1       0       0       0               0D   2618
     110    2361       0       1       0       0       0       000010001D   2619
     110       1       0       1       0       0       0               0D   2620
     124    2362       0       1       0       0       0       000010001D   2621
     124       1       0       1       0       0       0               0D   2622
     100    2363       0       1       0       0    2621       000010001D   2623
     100       1       0       1       0       0       0               0D   2624
     110    2364       0       1       0       0       0       000010001D   2625
     110       1       0       1       0       0       0               0D   2626
     124    2365       0       1       0       0       0       000010001D   2627
     124       1       0       1       0       0       0               0D   2628
     100    2366       0       1       0       0    2627       000010001D   2629
     100       1       0       1       0       0       0               0D   2630
     110    2367       0       1       0       0       0       000010001D   2631
     110       1       0       1       0       0       0               0D   2632
     110    2368       0       1       0       0       0       000010001D   2633
     110       1       0       1       0       0       0               0D   2634
     110    2369       0       1       0       0       0       000010001D   2635
     110       1       0       1       0       0       0               0D   2636
     110    2370       0       1       0       0       0       000010001D   2637
     110       1       0       1       0       0       0               0D   2638
     110    2371       0       1       0       0       0       000010001D   2639
     110       1       0       1       0       0       0               0D   2640
     124    2372       0       1       0       0       0       000010001D   2641
     124       1       0       1       0       0       0               0D   2642
     100    2373       0       1       0       0    2641       000010001D   2643
     100       1       0       1       0       0       0               0D   2644
     110    2374       0       1       0       0       0       000010001D   2645
     110       1       0       1       0       0       0               0D   2646
     124    2375       0       1       0       0       0       000010001D   2647
     124       1       0       1       0       0       0               0D   2648
     100    2376       0       1       0       0    2647       000010001D   2649
     100       1       0       1       0       0       0               0D   2650
     110    2377       0       1       0       0       0       000010001D   2651
     110       1       0       2       0       0       0               0D   2652
     124    2379       0       1       0       0       0       000010001D   2653
     124       1       0       1       0       0       0               0D   2654
     100    2380       0       1       0       0    2653       000010001D   2655
     100       1       0       1       0       0       0               0D   2656
     110    2381       0       1       0       0       0       000010001D   2657
     110       1       0       1       0       0       0               0D   2658
     124    2382       0       1       0       0       0       000010001D   2659
     124       1       0       1       0       0       0               0D   2660
     100    2383       0       1       0       0    2659       000010001D   2661
     100       1       0       1       0       0       0               0D   2662
     110    2384       0       1       0       0       0       000010001D   2663
     110       1       0       1       0       0       0               0D   2664
     102    2385       0       1       0       0       0       000010001D   2665
     102       1       0       2       0       0       0               0D   2666
     142    2387       0       1       0       0       0       000010001D   2667
     142       1       0       1       0       0       0               0D   2668
     144    2388       0       1       0       0       0       000000001D   2669
     144       1       0       1       0       0       0               0D   2670
     110    2389       0       1       0       0       0       000010001D   2671
     110       1       0       2       0       0       0               0D   2672
     122    2391       0       1       0       0       0       000010001D   2673
     122       1       0       1       0       0       0               0D   2674
     126    2392       0       1       0       0       0       000010501D   2675
     126       1       0       3       0       0       0               0D   2676
     126    2395       0       1       0       0       0       000010501D   2677
     126       1       0       2       0       0       0               0D   2678
     126    2397       0       1       0       0       0       000010501D   2679
     126       1       0       3       0       0       0               0D   2680
     126    2400       0       1       0       0       0       000010501D   2681
     126       1       0      11       0       0       0               0D   2682
     126    2411       0       1       0       0       0       000010501D   2683
     126       1       0      11       0       0       0               0D   2684
     102    2422       0       1       0       0       0       000010501D   2685
     102       1       0       1       0       0       0               0D   2686
     110    2423       0       1       0       0       0       000010001D   2687
     110       1       0       2       0       0       0               0D   2688
     110    2425       0       1       0       0       0       000010001D   2689
     110       1       0       1       0       0       0               0D   2690
     110    2426       0       1       0       0       0       000010001D   2691
     110       1       0       2       0       0       0               0D   2692
     124    2428       0       1       0       0       0       000010001D   2693
     124       1       0       3       0       0       0               0D   2694
     100    2431       0       1       0       0    2693       000010001D   2695
     100       1       0       1       0       0       0               0D   2696
     124    2432       0       1       0       0       0       000010001D   2697
     124       1       0       3       0       0       0               0D   2698
     100    2435       0       1       0       0    2697       000010001D   2699
     100       1       0       1       0       0       0               0D   2700
     102    2436       0       1       0       0       0       000010001D   2701
     102       1       0       1       0       0       0               0D   2702
     142    2437       0       1       0       0       0       000010001D   2703
     142       1       0       1       0       0       0               0D   2704
     144    2438       0       1       0       0       0       000000001D   2705
     144       1       0       1       0       0       0               0D   2706
     110    2439       0       1       0       0       0       000010001D   2707
     110       1       0       2       0       0       0               0D   2708
     122    2441       0       1       0       0       0       000010001D   2709
     122       1       0       1       0       0       0               0D   2710
     126    2442       0       1       0       0       0       000010501D   2711
     126       1       0       3       0       0       0               0D   2712
     126    2445       0       1       0       0       0       000010501D   2713
     126       1       0       2       0       0       0               0D   2714
     126    2447       0       1       0       0       0       000010501D   2715
     126       1       0       3       0       0       0               0D   2716
     126    2450       0       1       0       0       0       000010501D   2717
     126       1       0      11       0       0       0               0D   2718
     126    2461       0       1       0       0       0       000010501D   2719
     126       1       0      11       0       0       0               0D   2720
     102    2472       0       1       0       0       0       000010501D   2721
     102       1       0       1       0       0       0               0D   2722
     110    2473       0       1       0       0       0       000010001D   2723
     110       1       0       2       0       0       0               0D   2724
     110    2475       0       1       0       0       0       000010001D   2725
     110       1       0       1       0       0       0               0D   2726
     110    2476       0       1       0       0       0       000010001D   2727
     110       1       0       2       0       0       0               0D   2728
     124    2478       0       1       0       0       0       000010001D   2729
     124       1       0       3       0       0       0               0D   2730
     100    2481       0       1       0       0    2729       000010001D   2731
     100       1       0       1       0       0       0               0D   2732
     124    2482       0       1       0       0       0       000010001D   2733
     124       1       0       3       0       0       0               0D   2734
     100    2485       0       1       0       0    2733       000010001D   2735
     100       1       0       1       0       0       0               0D   2736
     102    2486       0       1       0       0       0       000010001D   2737
     102       1       0       1       0       0       0               0D   2738
     142    2487       0       1       0       0       0       000010001D   2739
     142       1       0       1       0       0       0               0D   2740
     144    2488       0       1       0       0       0       000000001D   2741
     144       1       0       1       0       0       0               0D   2742
     110    2489       0       1       0       0       0       000010001D   2743
     110       1       0       1       0       0       0               0D   2744
     122    2490       0       1       0       0       0       000010001D   2745
     122       1       0       1       0       0       0               0D   2746
     126    2491       0       1       0       0       0       000010501D   2747
     126       1       0       2       0       0       0               0D   2748
     126    2493       0       1       0       0       0       000010501D   2749
     126       1       0       2       0       0       0               0D   2750
     126    2495       0       1       0       0       0       000010501D   2751
     126       1       0       2       0       0       0               0D   2752
     126    2497       0       1       0       0       0       000010501D   2753
     126       1       0       2       0       0       0               0D   2754
     102    2499       0       1       0       0       0       000010501D   2755
     102       1       0       1       0       0       0               0D   2756
     110    2500       0       1       0       0       0       000010001D   2757
     110       1       0       1       0       0       0               0D   2758
     110    2501       0       1       0       0       0       000010001D   2759
     110       1       0       1       0       0       0               0D   2760
     110    2502       0       1       0       0       0       000010001D   2761
     110       1       0       1       0       0       0               0D   2762
     110    2503       0       1       0       0       0       000010001D   2763
     110       1       0       1       0       0       0               0D   2764
     102    2504       0       1       0       0       0       000010001D   2765
     102       1       0       1       0       0       0               0D   2766
     142    2505       0       1       0       0       0       000010001D   2767
     142       1       0       1       0       0       0               0D   2768
     144    2506       0       1       0       0       0       000000001D   2769
     144       1       0       1       0       0       0               0D   2770
     110    2507       0       1       0       0       0       000010001D   2771
     110       1       0       1       0       0       0               0D   2772
     122    2508       0       1       0       0       0       000010001D   2773
     122       1       0       1       0       0       0               0D   2774
     126    2509       0       1       0       0       0       000010501D   2775
     126       1       0       2       0       0       0               0D   2776
     126    2511       0       1       0       0       0       000010501D   2777
     126       1       0       2       0       0       0               0D   2778
     126    2513       0       1       0       0       0       000010501D   2779
     126       1       0       2       0       0       0               0D   2780
     126    2515       0       1       0       0       0       000010501D   2781
     126       1       0       2       0       0       0               0D   2782
     102    2517       0       1       0       0       0       000010501D   2783
     102       1       0       1       0       0       0               0D   2784
     110    2518       0       1       0       0       0       000010001D   2785
     110       1       0       1       0       0       0               0D   2786
     110    2519       0       1       0       0       0       000010001D   2787
     110       1       0       1       0       0       0               0D   2788
     110    2520       0       1       0       0       0       000010001D   2789
     110       1       0       1       0       0       0               0D   2790
     110    2521       0       1       0       0       0       000010001D   2791
     110       1       0       1       0       0       0               0D   2792
     102    2522       0       1       0       0       0       000010001D   2793
     102       1       0       1       0       0       0               0D   2794
     142    2523       0       1       0       0       0       000010001D   2795
     142       1       0       1       0       0       0               0D   2796
     144    2524       0       1       0       0       0       000000001D   2797
     144       1       0       1       0       0       0               0D   2798
     110    2525       0       1       0       0       0       000010001D   2799
     110       1       0       1       0       0       0               0D   2800
     122    2526       0       1       0       0       0       000010001D   2801
     122       1       0       1       0       0       0               0D   2802
     126    2527       0       1       0       0       0       000010501D   2803
     126       1       0       2       0       0       0               0D   2804
     126    2529       0       1       0       0       0       000010501D   2805
     126       1       0       2       0       0       0               0D   2806
     126    2531       0       1       0       0       0       000010501D   2807
     126       1       0       2       0       0       0               0D   2808
     126    2533       0       1       0       0       0       000010501D   2809
     126       1       0       2       0       0       0               0D   2810
     102    2535       0       1       0       0       0       000010501D   2811
     102       1       0       1       0       0       0               0D   2812
     110    2536       0       1       0       0       0       000010001D   2813
     110       1       0       1       0       0       0               0D   2814
     110    2537       0       1       0       0       0       000010001D   2815
     110       1       0       1       0       0       0               0D   2816
     110    2538       0       1       0       0       0       000010001D   2817
     110       1       0       1       0       0       0               0D   2818
     110    2539       0       1       0       0       0       000010001D   2819
     110       1       0       1       0       0       0               0D   2820
     102    2540       0       1       0       0       0       000010001D   2821
     102       1       0       1       0       0       0               0D   2822
     142    2541       0       1       0       0       0       000010001D   2823
     142       1       0       1       0       0       0               0D   2824
     144    2542       0       1       0       0       0       000000001D   2825
     144       1       0       1       0       0       0               0D   2826
     110    2543       0       1       0       0       0       000010001D   2827
     110       1       0       1       0       0       0               0D   2828
     122    2544       0       1       0       0       0       000010001D   2829
     122       1       0       1       0       0       0               0D   2830
     126    2545       0       1       0       0       0       000010501D   2831
     126       1       0       2       0       0       0               0D   2832
     126    2547       0       1       0       0       0       000010501D   2833
     126       1       0       2       0       0       0               0D   2834
     126    2549       0       1       0       0       0       000010501D   2835
     126       1       0       2       0       0       0               0D   2836
     126    2551       0       1       0       0       0       000010501D   2837
     126       1       0       2       0       0       0               0D   2838
     102    2553       0       1       0       0       0       000010501D   2839
     102       1       0       1       0       0       0               0D   2840
     110    2554       0       1       0       0       0       000010001D   2841
     110       1       0       1       0       0       0               0D   2842
     110    2555       0       1       0       0       0       000010001D   2843
     110       1       0       1       0       0       0               0D   2844
     110    2556       0       1       0       0       0       000010001D   2845
     110       1       0       1       0       0       0               0D   2846
     110    2557       0       1       0       0       0       000010001D   2847
     110       1       0       1       0       0       0               0D   2848
     102    2558       0       1       0       0       0       000010001D   2849
     102       1       0       1       0       0       0               0D   2850
     142    2559       0       1       0       0       0       000010001D   2851
     142       1       0       1       0       0       0               0D   2852
     144    2560       0       1       0       0       0       000000001D   2853
     144       1       0       1       0       0       0               0D   2854
     110    2561       0       1       0       0       0       000010001D   2855
     110       1       0       1       0       0       0               0D   2856
     122    2562       0       1       0       0       0       000010001D   2857
     122       1       0       1       0       0       0               0D   2858
     126    2563       0       1       0       0       0       000010501D   2859
     126       1       0       2       0       0       0               0D   2860
     126    2565       0       1       0       0       0       000010501D   2861
     126       1       0       2       0       0       0               0D   2862
     126    2567       0       1       0       0       0       000010501D   2863
     126       1       0       2       0       0       0               0D   2864
     126    2569       0       1       0       0       0       000010501D   2865
     126       1       0       2       0       0       0               0D   2866
     102    2571       0       1       0       0       0       000010501D   2867
     102       1       0       1       0       0       0               0D   2868
     110    2572       0       1       0       0       0       000010001D   2869
     110       1       0       1       0       0       0               0D   2870
     110    2573       0       1       0       0       0       000010001D   2871
     110       1       0       1       0       0       0               0D   2872
     110    2574       0       1       0       0       0       000010001D   2873
     110       1       0       1       0       0       0               0D   2874
     110    2575       0       1       0       0       0       000010001D   2875
     110       1       0       1       0       0       0               0D   2876
     102    2576       0       1       0       0       0       000010001D   2877
     102       1       0       1       0       0       0               0D   2878
     142    2577       0       1       0       0       0       000010001D   2879
     142       1       0       1       0       0       0               0D   2880
     144    2578       0       1       0       0       0       000000001D   2881
     144       1       0       1       0       0       0               0D   2882
     110    2579       0       1       0       0       0       000010001D   2883
     110       1       0       1       0       0       0               0D   2884
     122    2580       0       1       0       0       0       000010001D   2885
     122       1       0       1       0       0       0               0D   2886
     126    2581       0       1       0       0       0       000010501D   2887
     126       1       0       2       0       0       0               0D   2888
     126    2583       0       1       0       0       0       000010501D   2889
     126       1       0       2       0       0       0               0D   2890
     126    2585       0       1       0       0       0       000010501D   2891
     126       1       0       2       0       0       0               0D   2892
     126    2587       0       1       0       0       0       000010501D   2893
     126       1       0       2       0       0       0               0D   2894
     102    2589       0       1       0       0       0       000010501D   2895
     102       1       0       1       0       0       0               0D   2896
     110    2590       0       1       0       0       0       000010001D   2897
     110       1       0       1       0       0       0               0D   2898
     110    2591       0       1       0       0       0       000010001D   2899
     110       1       0       1       0       0       0               0D   2900
     110    2592       0       1       0       0       0       000010001D   2901
     110       1       0       1       0       0       0               0D   2902
     110    2593       0       1       0       0       0       000010001D   2903
     110       1       0       1       0       0       0               0D   2904
     102    2594       0       1       0       0       0       000010001D   2905
     102       1       0       1       0       0       0               0D   2906
     142    2595       0       1       0       0       0       000010001D   2907
     142       1       0       1       0       0       0               0D   2908
     144    2596       0       1       0       0       0       000000001D   2909
     144       1       0       1       0       0       0               0D   2910
     110    2597       0       1       0       0       0       000010001D   2911
     110       1       0       1       0       0       0               0D   2912
     122    2598       0       1       0       0       0       000010001D   2913
     122       1       0       1       0       0       0               0D   2914
     126    2599       0       1       0       0       0       000010501D   2915
     126       1       0       2       0       0       0               0D   2916
     126    2601       0       1       0       0       0       000010501D   2917
     126       1       0       2       0       0       0               0D   2918
     126    2603       0       1       0       0       0       000010501D   2919
     126       1       0       2       0       0       0               0D   2920
     126    2605       0       1       0       0       0       000010501D   2921
     126       1       0       2       0       0       0               0D   2922
     102    2607       0       1       0       0       0       000010501D   2923
     102       1       0       1       0       0       0               0D   2924
     110    2608       0       1       0       0       0       000010001D   2925
     110       1       0       1       0       0       0               0D   2926
     110    2609       0       1       0       0       0       000010001D   2927
     110       1       0       1       0       0       0               0D   2928
     110    2610       0       1       0       0       0       000010001D   2929
     110       1       0       1       0       0       0               0D   2930
     110    2611       0       1       0       0       0       000010001D   2931
     110       1       0       1       0       0       0               0D   2932
     102    2612       0       1       0       0       0       000010001D   2933
     102       1       0       1       0       0       0               0D   2934
     142    2613       0       1       0       0       0       000010001D   2935
     142       1       0       1       0       0       0               0D   2936
     144    2614       0       1       0       0       0       000000001D   2937
     144       1       0       1       0       0       0               0D   2938
     110    2615       0       1       0       0       0       000010001D   2939
     110       1       0       1       0       0       0               0D   2940
     122    2616       0       1       0       0       0       000010001D   2941
     122       1       0       1       0       0       0               0D   2942
     126    2617       0       1       0       0       0       000010501D   2943
     126       1       0       2       0       0       0               0D   2944
     126    2619       0       1       0       0       0       000010501D   2945
     126       1       0       2       0       0       0               0D   2946
     126    2621       0       1       0       0       0       000010501D   2947
     126       1       0       2       0       0       0               0D   2948
     126    2623       0       1       0       0       0       000010501D   2949
     126       1       0       2       0       0       0               0D   2950
     102    2625       0       1       0       0       0       000010501D   2951
     102       1       0       1       0       0       0               0D   2952
     110    2626       0       1       0       0       0       000010001D   2953
     110       1       0       1       0       0       0               0D   2954
     110    2627       0       1       0       0       0       000010001D   2955
     110       1       0       1       0       0       0               0D   2956
     110    2628       0       1       0       0       0       000010001D   2957
     110       1       0       1       0       0       0               0D   2958
     110    2629       0       1       0       0       0       000010001D   2959
     110       1       0       1       0       0       0               0D   2960
     102    2630       0       1       0       0       0       000010001D   2961
     102       1       0       1       0       0       0               0D   2962
     142    2631       0       1       0       0       0       000010001D   2963
     142       1       0       1       0       0       0               0D   2964
     144    2632       0       1       0       0       0       000000001D   2965
     144       1       0       1       0       0       0               0D   2966
     110    2633       0       1       0       0       0       000010001D   2967
     110       1       0       1       0       0       0               0D   2968
     122    2634       0       1       0       0       0       000010001D   2969
     122       1       0       1       0       0       0               0D   2970
     126    2635       0       1       0       0       0       000010501D   2971
     126       1       0       2       0       0       0               0D   2972
     126    2637       0       1       0       0       0       000010501D   2973
     126       1       0       2       0       0       0               0D   2974
     126    2639       0       1       0       0       0       000010501D   2975
     126       1       0       2       0       0       0               0D   2976
     126    2641       0       1       0       0       0       000010501D   2977
     126       1       0       2       0       0       0               0D   2978
     102    2643       0       1       0       0       0       000010501D   2979
     102       1       0       1       0       0       0               0D   2980
     110    2644       0       1       0       0       0       000010001D   2981
     110       1       0       1       0       0       0               0D   2982
     110    2645       0       1       0       0       0       000010001D   2983
     110       1       0       1       0       0       0               0D   2984
     110    2646       0       1       0       0       0       000010001D   2985
     110       1       0       1       0       0       0               0D   2986
     110    2647       0       1       0       0       0       000010001D   2987
     110       1       0       1       0       0       0               0D   2988
     102    2648       0       1       0       0       0       000010001D   2989
     102       1       0       1       0       0       0               0D   2990
     142    2649       0       1       0       0       0       000010001D   2991
     142       1       0       1       0       0       0               0D   2992
     144    2650       0       1       0       0       0       000000001D   2993
     144       1       0       1       0       0       0               0D   2994
     110    2651       0       1       0       0       0       000010001D   2995
     110       1       0       1       0       0       0               0D   2996
     122    2652       0       1       0       0       0       000010001D   2997
     122       1       0       1       0       0       0               0D   2998
     126    2653       0       1       0       0       0       000010501D   2999
     126       1       0       2       0       0       0               0D   3000
     126    2655       0       1       0       0       0       000010501D   3001
     126       1       0       2       0       0       0               0D   3002
     126    2657       0       1       0       0       0       000010501D   3003
     126       1       0       2       0       0       0               0D   3004
     126    2659       0       1       0       0       0       000010501D   3005
     126       1       0       2       0       0       0               0D   3006
     102    2661       0       1       0       0       0       000010501D   3007
     102       1       0       1       0       0       0               0D   3008
     110    2662       0       1       0       0       0       000010001D   3009
     110       1       0       1       0       0       0               0D   3010
     110    2663       0       1       0       0       0       000010001D   3011
     110       1       0       1       0       0       0               0D   3012
     110    2664       0       1       0       0       0       000010001D   3013
     110       1       0       1       0       0       0               0D   3014
     110    2665       0       1       0       0       0       000010001D   3015
     110       1       0       1       0       0       0               0D   3016
     102    2666       0       1       0       0       0       000010001D   3017
     102       1       0       1       0       0       0               0D   3018
     142    2667       0       1       0       0       0       000010001D   3019
     142       1       0       1       0       0       0               0D   3020
     144    2668       0       1       0       0       0       000000001D   3021
     144       1       0       1       0       0       0               0D   3022
     110    2669       0       1       0       0       0       000010001D   3023
     110       1       0       1       0       0       0               0D   3024
     122    2670       0       1       0       0       0       000010001D   3025
     122       1       0       1       0       0       0               0D   3026
     126    2671       0       1       0       0       0       000010501D   3027
     126       1       0       2       0       0       0               0D   3028
     126    2673       0       1       0       0       0       000010501D   3029
     126       1       0       2       0       0       0               0D   3030
     126    2675       0       1       0       0       0       000010501D   3031
     126       1       0       2       0       0       0               0D   3032
     126    2677       0       1       0       0       0       000010501D   3033
     126       1       0       2       0       0       0               0D   3034
     102    2679       0       1       0       0       0       000010501D   3035
     102       1       0       1       0       0       0               0D   3036
     110    2680       0       1       0       0       0       000010001D   3037
     110       1       0       1       0       0       0               0D   3038
     110    2681       0       1       0       0       0       000010001D   3039
     110       1       0       1       0       0       0               0D   3040
     110    2682       0       1       0       0       0       000010001D   3041
     110       1       0       1       0       0       0               0D   3042
     110    2683       0       1       0       0       0       000010001D   3043
     110       1       0       1       0       0       0               0D   3044
     102    2684       0       1       0       0       0       000010001D   3045
     102       1       0       1       0       0       0               0D   3046
     142    2685       0       1       0       0       0       000010001D   3047
     142       1       0       1       0       0       0               0D   3048
     144    2686       0       1       0       0       0       000000001D   3049
     144       1       0       1       0       0       0               0D   3050
     110    2687       0       1       0       0       0       000010001D   3051
     110       1       0       1       0       0       0               0D   3052
     122    2688       0       1       0       0       0       000010001D   3053
     122       1       0       1       0       0       0               0D   3054
     126    2689       0       1       0       0       0       000010501D   3055
     126       1       0       4       0       0       0               0D   3056
     126    2693       0       1       0       0       0       000010501D   3057
     126       1       0       3       0       0       0               0D   3058
     126    2696       0       1       0       0       0       000010501D   3059
     126       1       0       2       0       0       0               0D   3060
     126    2698       0       1       0       0       0       000010501D   3061
     126       1       0       2       0       0       0               0D   3062
     126    2700       0       1       0       0       0       000010501D   3063
     126       1       0       2       0       0       0               0D   3064
     126    2702       0       1       0       0       0       000010501D   3065
     126       1       0       2       0       0       0               0D   3066
     126    2704       0       1       0       0       0       000010501D   3067
     126       1       0       4       0       0       0               0D   3068
     126    2708       0       1       0       0       0       000010501D   3069
     126       1       0       3       0       0       0               0D   3070
     102    2711       0       1       0       0       0       000010501D   3071
     102       1       0       1       0       0       0               0D   3072
     110    2712       0       1       0       0       0       000010001D   3073
     110       1       0       1       0       0       0               0D   3074
     110    2713       0       1       0       0       0       000010001D   3075
     110       1       0       1       0       0       0               0D   3076
     110    2714       0       1       0       0       0       000010001D   3077
     110       1       0       1       0       0       0               0D   3078
     110    2715       0       1       0       0       0       000010001D   3079
     110       1       0       1       0       0       0               0D   3080
     110    2716       0       1       0       0       0       000010001D   3081
     110       1       0       1       0       0       0               0D   3082
     110    2717       0       1       0       0       0       000010001D   3083
     110       1       0       1       0       0       0               0D   3084
     110    2718       0       1       0       0       0       000010001D   3085
     110       1       0       1       0       0       0               0D   3086
     110    2719       0       1       0       0       0       000010001D   3087
     110       1       0       1       0       0       0               0D   3088
     102    2720       0       1       0       0       0       000010001D   3089
     102       1       0       1       0       0       0               0D   3090
     142    2721       0       1       0       0       0       000010001D   3091
     142       1       0       1       0       0       0               0D   3092
     144    2722       0       1       0       0       0       000000001D   3093
     144       1       0       1       0       0       0               0D   3094
     110    2723       0       1       0       0       0       000010001D   3095
     110       1       0       1       0       0       0               0D   3096
     122    2724       0       1       0       0       0       000010001D   3097
     122       1       0       1       0       0       0               0D   3098
     126    2725       0       1       0       0       0       000010501D   3099
     126       1       0       2       0       0       0               0D   3100
     126    2727       0       1       0       0       0       000010501D   3101
     126       1       0       4       0       0       0               0D   3102
     126    2731       0       1       0       0       0       000010501D   3103
     126       1       0       2       0       0       0               0D   3104
     126    2733       0       1       0       0       0       000010501D   3105
     126       1       0       2       0       0       0               0D   3106
     126    2735       0       1       0       0       0       000010501D   3107
     126       1       0       6       0       0       0               0D   3108
     126    2741       0       1       0       0       0       000010501D   3109
     126       1       0       2       0       0       0               0D   3110
     126    2743       0       1       0       0       0       000010501D   3111
     126       1       0       3       0       0       0               0D   3112
     126    2746       0       1       0       0       0       000010501D   3113
     126       1       0       2       0       0       0               0D   3114
     126    2748       0       1       0       0       0       000010501D   3115
     126       1       0      10       0       0       0               0D   3116
     102    2758       0       1       0       0       0       000010501D   3117
     102       1       0       1       0       0       0               0D   3118
     110    2759       0       1       0       0       0       000010001D   3119
     110       1       0       1       0       0       0               0D   3120
     110    2760       0       1       0       0       0       000010001D   3121
     110       1       0       1       0       0       0               0D   3122
     110    2761       0       1       0       0       0       000010001D   3123
     110       1       0       1       0       0       0               0D   3124
     110    2762       0       1       0       0       0       000010001D   3125
     110       1       0       1       0       0       0               0D   3126
     124    2763       0       1       0       0       0       000010001D   3127
     124       1       0       1       0       0       0               0D   3128
     100    2764       0       1       0       0    3127       000010001D   3129
     100       1       0       1       0       0       0               0D   3130
     110    2765       0       1       0       0       0       000010001D   3131
     110       1       0       1       0       0       0               0D   3132
     110    2766       0       1       0       0       0       000010001D   3133
     110       1       0       1       0       0       0               0D   3134
     110    2767       0       1       0       0       0       000010001D   3135
     110       1       0       1       0       0       0               0D   3136
     124    2768       0       1       0       0       0       000010001D   3137
     124       1       0       1       0       0       0               0D   3138
     100    2769       0       1       0       0    3137       000010001D   3139
     100       1       0       1       0       0       0               0D   3140
     102    2770       0       1       0       0       0       000010001D   3141
     102       1       0       1       0       0       0               0D   3142
     142    2771       0       1       0       0       0       000010001D   3143
     142       1       0       1       0       0       0               0D   3144
     144    2772       0       1       0       0       0       000000001D   3145
     144       1       0       1       0       0       0               0D   3146
     110    2773       0       1       0       0       0       000010001D   3147
     110       1       0       1       0       0       0               0D   3148
     122    2774       0       1       0       0       0       000010001D   3149
     122       1       0       1       0       0       0               0D   3150
     126    2775       0       1       0       0       0       000010501D   3151
     126       1       0       3       0       0       0               0D   3152
     126    2778       0       1       0       0       0       000010501D   3153
     126       1       0       2       0       0       0               0D   3154
     126    2780       0       1       0       0       0       000010501D   3155
     126       1       0      11       0       0       0               0D   3156
     126    2791       0       1       0       0       0       000010501D   3157
     126       1       0       2       0       0       0               0D   3158
     126    2793       0       1       0       0       0       000010501D   3159
     126       1       0       2       0       0       0               0D   3160
     126    2795       0       1       0       0       0       000010501D   3161
     126       1       0       2       0       0       0               0D   3162
     126    2797       0       1       0       0       0       000010501D   3163
     126       1       0       6       0       0       0               0D   3164
     126    2803       0       1       0       0       0       000010501D   3165
     126       1       0       2       0       0       0               0D   3166
     126    2805       0       1       0       0       0       000010501D   3167
     126       1       0       2       0       0       0               0D   3168
     102    2807       0       1       0       0       0       000010501D   3169
     102       1       0       1       0       0       0               0D   3170
     110    2808       0       1       0       0       0       000010001D   3171
     110       1       0       1       0       0       0               0D   3172
     110    2809       0       1       0       0       0       000010001D   3173
     110       1       0       1       0       0       0               0D   3174
     124    2810       0       1       0       0       0       000010001D   3175
     124       1       0       1       0       0       0               0D   3176
     100    2811       0       1       0       0    3175       000010001D   3177
     100       1       0       1       0       0       0               0D   3178
     110    2812       0       1       0       0       0       000010001D   3179
     110       1       0       1       0       0       0               0D   3180
     110    2813       0       1       0       0       0       000010001D   3181
     110       1       0       1       0       0       0               0D   3182
     110    2814       0       1       0       0       0       000010001D   3183
     110       1       0       1       0       0       0               0D   3184
     124    2815       0       1       0       0       0       000010001D   3185
     124       1       0       1       0       0       0               0D   3186
     100    2816       0       1       0       0    3185       000010001D   3187
     100       1       0       1       0       0       0               0D   3188
     110    2817       0       1       0       0       0       000010001D   3189
     110       1       0       1       0       0       0               0D   3190
     110    2818       0       1       0       0       0       000010001D   3191
     110       1       0       1       0       0       0               0D   3192
     102    2819       0       1       0       0       0       000010001D   3193
     102       1       0       1       0       0       0               0D   3194
     142    2820       0       1       0       0       0       000010001D   3195
     142       1       0       1       0       0       0               0D   3196
     144    2821       0       1       0       0       0       000000001D   3197
     144       1       0       1       0       0       0               0D   3198
     110    2822       0       1       0       0       0       000010001D   3199
     110       1       0       1       0       0       0               0D   3200
     122    2823       0       1       0       0       0       000010001D   3201
     122       1       0       1       0       0       0               0D   3202
     126    2824       0       1       0       0       0       000010501D   3203
     126       1       0       4       0       0       0               0D   3204
     126    2828       0       1       0       0       0       000010501D   3205
     126       1       0       2       0       0       0               0D   3206
     126    2830       0       1       0       0       0       000010501D   3207
     126       1       0       2       0       0       0               0D   3208
     126    2832       0       1       0       0       0       000010501D   3209
     126       1       0       2       0       0       0               0D   3210
     102    2834       0       1       0       0       0       000010501D   3211
     102       1       0       1       0       0       0               0D   3212
     110    2835       0       1       0       0       0       000010001D   3213
     110       1       0       1       0       0       0               0D   3214
     110    2836       0       1       0       0       0       000010001D   3215
     110       1       0       1       0       0       0               0D   3216
     110    2837       0       1       0       0       0       000010001D   3217
     110       1       0       1       0       0       0               0D   3218
     110    2838       0       1       0       0       0       000010001D   3219
     110       1       0       1       0       0       0               0D   3220
     102    2839       0       1       0       0       0       000010001D   3221
     102       1       0       1       0       0       0               0D   3222
     142    2840       0       1       0       0       0       000010001D   3223
     142       1       0       1       0       0       0               0D   3224
     144    2841       0       1       0       0       0       000000001D   3225
     144       1       0       1       0       0       0               0D   3226
     110    2842       0       1       0       0       0       000010001D   3227
     110       1       0       1       0       0       0               0D   3228
     122    2843       0       1       0       0       0       000010001D   3229
     122       1       0       1       0       0       0               0D   3230
     126    2844       0       1       0       0       0       000010501D   3231
     126       1       0       2       0       0       0               0D   3232
     126    2846       0       1       0       0       0       000010501D   3233
     126       1       0       2       0       0       0               0D   3234
     126    2848       0       1       0       0       0       000010501D   3235
     126       1       0       3       0       0       0               0D   3236
     126    2851       0       1       0       0       0       000010501D   3237
     126       1       0       2       0       0       0               0D   3238
     126    2853       0       1       0       0       0       000010501D   3239
     126       1       0       2       0       0       0               0D   3240
     126    2855       0       1       0       0       0       000010501D   3241
     126       1       0       2       0       0       0               0D   3242
     102    2857       0       1       0       0       0       000010501D   3243
     102       1       0       1       0       0       0               0D   3244
     110    2858       0       1       0       0       0       000010001D   3245
     110       1       0       1       0       0       0               0D   3246
     110    2859       0       1       0       0       0       000010001D   3247
     110       1       0       1       0       0       0               0D   3248
     110    2860       0       1       0       0       0       000010001D   3249
     110       1       0       1       0       0       0               0D   3250
     110    2861       0       1       0       0       0       000010001D   3251
     110       1       0       1       0       0       0               0D   3252
     110    2862       0       1       0       0       0       000010001D   3253
     110       1       0       1       0       0       0               0D   3254
     110    2863       0       1       0       0       0       000010001D   3255
     110       1       0       1       0       0       0               0D   3256
     102    2864       0       1       0       0       0       000010001D   3257
     102       1       0       1       0       0       0               0D   3258
     142    2865       0       1       0       0       0       000010001D   3259
     142       1       0       1       0       0       0               0D   3260
     144    2866       0       1       0       0       0       000000001D   3261
     144       1       0       1       0       0       0               0D   3262
     110    2867       0       1       0       0       0       000010001D   3263
     110       1       0       1       0       0       0               0D   3264
     110    2868       0       1       0       0       0       000010001D   3265
     110       1       0       1       0       0       0               0D   3266
     120    2869       0       1       0       0       0       000010001D   3267
     120       1       0       1       0       0       0               0D   3268
     126    2870       0       1       0       0       0       000010501D   3269
     126       1       0       4       0       0       0               0D   3270
     126    2874       0       1       0       0       0       000010501D   3271
     126       1       0       2       0       0       0               0D   3272
     126    2876       0       1       0       0       0       000010501D   3273
     126       1       0       4       0       0       0               0D   3274
     126    2880       0       1       0       0       0       000010501D   3275
     126       1       0       2       0       0       0               0D   3276
     102    2882       0       1       0       0       0       000010501D   3277
     102       1       0       1       0       0       0               0D   3278
     124    2883       0       1       0       0       0       000010001D   3279
     124       1       0       1       0       0       0               0D   3280
     100    2884       0       1       0       0    3279       000010001D   3281
     100       1       0       1       0       0       0               0D   3282
     110    2885       0       1       0       0       0       000010001D   3283
     110       1       0       1       0       0       0               0D   3284
     124    2886       0       1       0       0       0       000010001D   3285
     124       1       0       1       0       0       0               0D   3286
     100    2887       0       1       0       0    3285       000010001D   3287
     100       1       0       1       0       0       0               0D   3288
     110    2888       0       1       0       0       0       000010001D   3289
     110       1       0       1       0       0       0               0D   3290
     102    2889       0       1       0       0       0       000010001D   3291
     102       1       0       1       0       0       0               0D   3292
     142    2890       0       1       0       0       0       000010001D   3293
     142       1       0       1       0       0       0               0D   3294
     144    2891       0       1       0       0       0       000000001D   3295
     144       1       0       1       0       0       0               0D   3296
     110    2892       0       1       0       0       0       000010001D   3297
     110       1       0       1       0       0       0               0D   3298
     122    2893       0       1       0       0       0       000010001D   3299
     122       1       0       1       0       0       0               0D   3300
     126    2894       0       1       0       0       0       000010501D   3301
     126       1       0       2       0       0       0               0D   3302
     126    2896       0       1       0       0       0       000010501D   3303
     126       1       0       2       0       0       0               0D   3304
     126    2898       0       1       0       0       0       000010501D   3305
     126       1       0       2       0       0       0               0D   3306
     126    2900       0       1       0       0       0       000010501D   3307
     126       1       0       2       0       0       0               0D   3308
     102    2902       0       1       0       0       0       000010501D   3309
     102       1       0       1       0       0       0               0D   3310
     110    2903       0       1       0       0       0       000010001D   3311
     110       1       0       1       0       0       0               0D   3312
     110    2904       0       1       0       0       0       000010001D   3313
     110       1       0       1       0       0       0               0D   3314
     110    2905       0       1       0       0       0       000010001D   3315
     110       1       0       1       0       0       0               0D   3316
     110    2906       0       1       0       0       0       000010001D   3317
     110       1       0       1       0       0       0               0D   3318
     102    2907       0       1       0       0       0       000010001D   3319
     102       1       0       1       0       0       0               0D   3320
     142    2908       0       1       0       0       0       000010001D   3321
     142       1       0       1       0       0       0               0D   3322
     144    2909       0       1       0       0       0       000000001D   3323
     144       1       0       1       0       0       0               0D   3324
     110    2910       0       1       0       0       0       000010001D   3325
     110       1       0       1       0       0       0               0D   3326
     110    2911       0       1       0       0       0       000010001D   3327
     110       1       0       1       0       0       0               0D   3328
     120    2912       0       1       0       0       0       000010001D   3329
     120       1       0       1       0       0       0               0D   3330
     126    2913       0       1       0       0       0       000010501D   3331
     126       1       0       7       0       0       0               0D   3332
     126    2920       0       1       0       0       0       000010501D   3333
     126       1       0       2       0       0       0               0D   3334
     126    2922       0       1       0       0       0       000010501D   3335
     126       1       0       3       0       0       0               0D   3336
     126    2925       0       1       0       0       0       000010501D   3337
     126       1       0       3       0       0       0               0D   3338
     102    2928       0       1       0       0       0       000010501D   3339
     102       1       0       1       0       0       0               0D   3340
     124    2929       0       1       0       0       0       000010001D   3341
     124       1       0       2       0       0       0               0D   3342
     104    2931       0       1       0       0    3341       000010001D   3343
     104       1       0       3       1       0       0               0D   3344
     110    2934       0       1       0       0       0       000010001D   3345
     110       1       0       1       0       0       0               0D   3346
     124    2935       0       1       0       0       0       000010001D   3347
     124       1       0       1       0       0       0               0D   3348
     100    2936       0       1       0       0    3347       000010001D   3349
     100       1       0       1       0       0       0               0D   3350
     110    2937       0       1       0       0       0       000010001D   3351
     110       1       0       1       0       0       0               0D   3352
     102    2938       0       1       0       0       0       000010001D   3353
     102       1       0       1       0       0       0               0D   3354
     142    2939       0       1       0       0       0       000010001D   3355
     142       1       0       1       0       0       0               0D   3356
     144    2940       0       1       0       0       0       000000001D   3357
     144       1       0       1       0       0       0               0D   3358
     110    2941       0       1       0       0       0       000010001D   3359
     110       1       0       1       0       0       0               0D   3360
     122    2942       0       1       0       0       0       000010001D   3361
     122       1       0       1       0       0       0               0D   3362
     126    2943       0       1       0       0       0       000010501D   3363
     126       1       0       2       0       0       0               0D   3364
     126    2945       0       1       0       0       0       000010501D   3365
     126       1       0       2       0       0       0               0D   3366
     126    2947       0       1       0       0       0       000010501D   3367
     126       1       0       2       0       0       0               0D   3368
     126    2949       0       1       0       0       0       000010501D   3369
     126       1       0       2       0       0       0               0D   3370
     102    2951       0       1       0       0       0       000010501D   3371
     102       1       0       1       0       0       0               0D   3372
     110    2952       0       1       0       0       0       000010001D   3373
     110       1       0       1       0       0       0               0D   3374
     110    2953       0       1       0       0       0       000010001D   3375
     110       1       0       1       0       0       0               0D   3376
     110    2954       0       1       0       0       0       000010001D   3377
     110       1       0       1       0       0       0               0D   3378
     110    2955       0       1       0       0       0       000010001D   3379
     110       1       0       1       0       0       0               0D   3380
     102    2956       0       1       0       0       0       000010001D   3381
     102       1       0       1       0       0       0               0D   3382
     142    2957       0       1       0       0       0       000010001D   3383
     142       1       0       1       0       0       0               0D   3384
     144    2958       0       1       0       0       0       000000001D   3385
     144       1       0       1       0       0       0               0D   3386
     110    2959       0       1       0       0       0       000010001D   3387
     110       1       0       1       0       0       0               0D   3388
     122    2960       0       1       0       0       0       000010001D   3389
     122       1       0       1       0       0       0               0D   3390
     126    2961       0       1       0       0       0       000010501D   3391
     126       1       0       2       0       0       0               0D   3392
     126    2963       0       1       0       0       0       000010501D   3393
     126       1       0       2       0       0       0               0D   3394
     126    2965       0       1       0       0       0       000010501D   3395
     126       1       0       2       0       0       0               0D   3396
     126    2967       0       1       0       0       0       000010501D   3397
     126       1       0       2       0       0       0               0D   3398
     102    2969       0       1       0       0       0       000010501D   3399
     102       1       0       1       0       0       0               0D   3400
     110    2970       0       1       0       0       0       000010001D   3401
     110       1       0       1       0       0       0               0D   3402
     110    2971       0       1       0       0       0       000010001D   3403
     110       1       0       1       0       0       0               0D   3404
     110    2972       0       1       0       0       0       000010001D   3405
     110       1       0       1       0       0       0               0D   3406
     110    2973       0       1       0       0       0       000010001D   3407
     110       1       0       1       0       0       0               0D   3408
     102    2974       0       1       0       0       0       000010001D   3409
     102       1       0       1       0       0       0               0D   3410
     142    2975       0       1       0       0       0       000010001D   3411
     142       1       0       1       0       0       0               0D   3412
     144    2976       0       1       0       0       0       000000001D   3413
     144       1       0       1       0       0       0               0D   3414
     110    2977       0       1       0       0       0       000010001D   3415
     110       1       0       1       0       0       0               0D   3416
     122    2978       0       1       0       0       0       000010001D   3417
     122       1       0       1       0       0       0               0D   3418
     126    2979       0       1       0       0       0       000010501D   3419
     126       1       0       4       0       0       0               0D   3420
     126    2983       0       1       0       0       0       000010501D   3421
     126       1       0       3       0       0       0               0D   3422
     126    2986       0       1       0       0       0       000010501D   3423
     126       1       0       2       0       0       0               0D   3424
     126    2988       0       1       0       0       0       000010501D   3425
     126       1       0       2       0       0       0               0D   3426
     126    2990       0       1       0       0       0       000010501D   3427
     126       1       0       2       0       0       0               0D   3428
     126    2992       0       1       0       0       0       000010501D   3429
     126       1       0       2       0       0       0               0D   3430
     126    2994       0       1       0       0       0       000010501D   3431
     126       1       0       4       0       0       0               0D   3432
     126    2998       0       1       0       0       0       000010501D   3433
     126       1       0       3       0       0       0               0D   3434
     102    3001       0       1       0       0       0       000010501D   3435
     102       1       0       1       0       0       0               0D   3436
     110    3002       0       1       0       0       0       000010001D   3437
     110       1       0       1       0       0       0               0D   3438
     110    3003       0       1       0       0       0       000010001D   3439
     110       1       0       1       0       0       0               0D   3440
     110    3004       0       1       0       0       0       000010001D   3441
     110       1       0       1       0       0       0               0D   3442
     110    3005       0       1       0       0       0       000010001D   3443
     110       1       0       1       0       0       0               0D   3444
     110    3006       0       1       0       0       0       000010001D   3445
     110       1       0       1       0       0       0               0D   3446
     110    3007       0       1       0       0       0       000010001D   3447
     110       1       0       1       0       0       0               0D   3448
     110    3008       0       1       0       0       0       000010001D   3449
     110       1       0       1       0       0       0               0D   3450
     110    3009       0       1       0       0       0       000010001D   3451
     110       1       0       1       0       0       0               0D   3452
     102    3010       0       1       0       0       0       000010001D   3453
     102       1       0       1       0       0       0               0D   3454
     142    3011       0       1       0       0       0       000010001D   3455
     142       1       0       1       0       0       0               0D   3456
     144    3012       0       1       0       0       0       000000001D   3457
     144       1       0       1       0       0       0               0D   3458
     110    3013       0       1       0       0       0       000010001D   3459
     110       1       0       1       0       0       0               0D   3460
     122    3014       0       1       0       0       0       000010001D   3461
     122       1       0       1       0       0       0               0D   3462
     126    3015       0       1       0       0       0       000010501D   3463
     126       1       0       2       0       0       0               0D   3464
     126    3017       0       1       0       0       0       000010501D   3465
     126       1       0       4       0       0       0               0D   3466
     126    3021       0       1       0       0       0       000010501D   3467
     126       1       0       2       0       0       0               0D   3468
     126    3023       0       1       0       0       0       000010501D   3469
     126       1       0       2       0       0       0               0D   3470
     126    3025       0       1       0       0       0       000010501D   3471
     126       1       0       6       0       0       0               0D   3472
     126    3031       0       1       0       0       0       000010501D   3473
     126       1       0       2       0       0       0               0D   3474
     126    3033       0       1       0       0       0       000010501D   3475
     126       1       0       3       0       0       0               0D   3476
     126    3036       0       1       0       0       0       000010501D   3477
     126       1       0       2       0       0       0               0D   3478
     126    3038       0       1       0       0       0       000010501D   3479
     126       1       0      10       0       0       0               0D   3480
     102    3048       0       1       0       0       0       000010501D   3481
     102       1       0       1       0       0       0               0D   3482
     110    3049       0       1       0       0       0       000010001D   3483
     110       1       0       1       0       0       0               0D   3484
     110    3050       0       1       0       0       0       000010001D   3485
     110       1       0       1       0       0       0               0D   3486
     110    3051       0       1       0       0       0       000010001D   3487
     110       1       0       1       0       0       0               0D   3488
     110    3052       0       1       0       0       0       000010001D   3489
     110       1       0       1       0       0       0               0D   3490
     124    3053       0       1       0       0       0       000010001D   3491
     124       1       0       1       0       0       0               0D   3492
     100    3054       0       1       0       0    3491       000010001D   3493
     100       1       0       1       0       0       0               0D   3494
     110    3055       0       1       0       0       0       000010001D   3495
     110       1       0       1       0       0       0               0D   3496
     110    3056       0       1       0       0       0       000010001D   3497
     110       1       0       1       0       0       0               0D   3498
     110    3057       0       1       0       0       0       000010001D   3499
     110       1       0       1       0       0       0               0D   3500
     124    3058       0       1       0       0       0       000010001D   3501
     124       1       0       1       0       0       0               0D   3502
     100    3059       0       1       0       0    3501       000010001D   3503
     100       1       0       1       0       0       0               0D   3504
     102    3060       0       1       0       0       0       000010001D   3505
     102       1       0       1       0       0       0               0D   3506
     142    3061       0       1       0       0       0       000010001D   3507
     142       1       0       1       0       0       0               0D   3508
     144    3062       0       1       0       0       0       000000001D   3509
     144       1       0       1       0       0       0               0D   3510
     110    3063       0       1       0       0       0       000010001D   3511
     110       1       0       1       0       0       0               0D   3512
     122    3064       0       1       0       0       0       000010001D   3513
     122       1       0       1       0       0       0               0D   3514
     126    3065       0       1       0       0       0       000010501D   3515
     126       1       0       3       0       0       0               0D   3516
     126    3068       0       1       0       0       0       000010501D   3517
     126       1       0       2       0       0       0               0D   3518
     126    3070       0       1       0       0       0       000010501D   3519
     126       1       0      11       0       0       0               0D   3520
     126    3081       0       1       0       0       0       000010501D   3521
     126       1       0       2       0       0       0               0D   3522
     126    3083       0       1       0       0       0       000010501D   3523
     126       1       0       2       0       0       0               0D   3524
     126    3085       0       1       0       0       0       000010501D   3525
     126       1       0       2       0       0       0               0D   3526
     126    3087       0       1       0       0       0       000010501D   3527
     126       1       0       6       0       0       0               0D   3528
     126    3093       0       1       0       0       0       000010501D   3529
     126       1       0       2       0       0       0               0D   3530
     126    3095       0       1       0       0       0       000010501D   3531
     126       1       0       2       0       0       0               0D   3532
     102    3097       0       1       0       0       0       000010501D   3533
     102       1       0       1       0       0       0               0D   3534
     110    3098       0       1       0       0       0       000010001D   3535
     110       1       0       1       0       0       0               0D   3536
     110    3099       0       1       0       0       0       000010001D   3537
     110       1       0       1       0       0       0               0D   3538
     124    3100       0       1       0       0       0       000010001D   3539
     124       1       0       1       0       0       0               0D   3540
     100    3101       0       1       0       0    3539       000010001D   3541
     100       1       0       1       0       0       0               0D   3542
     110    3102       0       1       0       0       0       000010001D   3543
     110       1       0       1       0       0       0               0D   3544
     110    3103       0       1       0       0       0       000010001D   3545
     110       1       0       1       0       0       0               0D   3546
     110    3104       0       1       0       0       0       000010001D   3547
     110       1       0       1       0       0       0               0D   3548
     124    3105       0       1       0       0       0       000010001D   3549
     124       1       0       1       0       0       0               0D   3550
     100    3106       0       1       0       0    3549       000010001D   3551
     100       1       0       1       0       0       0               0D   3552
     110    3107       0       1       0       0       0       000010001D   3553
     110       1       0       1       0       0       0               0D   3554
     110    3108       0       1       0       0       0       000010001D   3555
     110       1       0       1       0       0       0               0D   3556
     102    3109       0       1       0       0       0       000010001D   3557
     102       1       0       1       0       0       0               0D   3558
     142    3110       0       1       0       0       0       000010001D   3559
     142       1       0       1       0       0       0               0D   3560
     144    3111       0       1       0       0       0       000000001D   3561
     144       1       0       1       0       0       0               0D   3562
     110    3112       0       1       0       0       0       000010001D   3563
     110       1       0       1       0       0       0               0D   3564
     122    3113       0       1       0       0       0       000010001D   3565
     122       1       0       1       0       0       0               0D   3566
     126    3114       0       1       0       0       0       000010501D   3567
     126       1       0       4       0       0       0               0D   3568
     126    3118       0       1       0       0       0       000010501D   3569
     126       1       0       2       0       0       0               0D   3570
     126    3120       0       1       0       0       0       000010501D   3571
     126       1       0       2       0       0       0               0D   3572
     126    3122       0       1       0       0       0       000010501D   3573
     126       1       0       2       0       0       0               0D   3574
     102    3124       0       1       0       0       0       000010501D   3575
     102       1       0       1       0       0       0               0D   3576
     110    3125       0       1       0       0       0       000010001D   3577
     110       1       0       1       0       0       0               0D   3578
     110    3126       0       1       0       0       0       000010001D   3579
     110       1       0       1       0       0       0               0D   3580
     110    3127       0       1       0       0       0       000010001D   3581
     110       1       0       1       0       0       0               0D   3582
     110    3128       0       1       0       0       0       000010001D   3583
     110       1       0       1       0       0       0               0D   3584
     102    3129       0       1       0       0       0       000010001D   3585
     102       1       0       1       0       0       0               0D   3586
     142    3130       0       1       0       0       0       000010001D   3587
     142       1       0       1       0       0       0               0D   3588
     144    3131       0       1       0       0       0       000000001D   3589
     144       1       0       1       0       0       0               0D   3590
     110    3132       0       1       0       0       0       000010001D   3591
     110       1       0       1       0       0       0               0D   3592
     122    3133       0       1       0       0       0       000010001D   3593
     122       1       0       1       0       0       0               0D   3594
     126    3134       0       1       0       0       0       000010501D   3595
     126       1       0       2       0       0       0               0D   3596
     126    3136       0       1       0       0       0       000010501D   3597
     126       1       0       2       0       0       0               0D   3598
     126    3138       0       1       0       0       0       000010501D   3599
     126       1       0       3       0       0       0               0D   3600
     126    3141       0       1       0       0       0       000010501D   3601
     126       1       0       2       0       0       0               0D   3602
     126    3143       0       1       0       0       0       000010501D   3603
     126       1       0       2       0       0       0               0D   3604
     126    3145       0       1       0       0       0       000010501D   3605
     126       1       0       2       0       0       0               0D   3606
     102    3147       0       1       0       0       0       000010501D   3607
     102       1       0       1       0       0       0               0D   3608
     110    3148       0       1       0       0       0       000010001D   3609
     110       1       0       1       0       0       0               0D   3610
     110    3149       0       1       0       0       0       000010001D   3611
     110       1       0       1       0       0       0               0D   3612
     110    3150       0       1       0       0       0       000010001D   3613
     110       1       0       1       0       0       0               0D   3614
     110    3151       0       1       0       0       0       000010001D   3615
     110       1       0       1       0       0       0               0D   3616
     110    3152       0       1       0       0       0       000010001D   3617
     110       1       0       1       0       0       0               0D   3618
     110    3153       0       1       0       0       0       000010001D   3619
     110       1       0       1       0       0       0               0D   3620
     102    3154       0       1       0       0       0       000010001D   3621
     102       1       0       1       0       0       0               0D   3622
     142    3155       0       1       0       0       0       000010001D   3623
     142       1       0       1       0       0       0               0D   3624
     144    3156       0       1       0       0       0       000000001D   3625
     144       1       0       1       0       0       0               0D   3626
     110    3157       0       1       0       0       0       000010001D   3627
     110       1       0       1       0       0       0               0D   3628
     110    3158       0       1       0       0       0       000010001D   3629
     110       1       0       1       0       0       0               0D   3630
     120    3159       0       1       0       0       0       000010001D   3631
     120       1       0       1       0       0       0               0D   3632
     126    3160       0       1       0       0       0       000010501D   3633
     126       1       0       4       0       0       0               0D   3634
     126    3164       0       1       0       0       0       000010501D   3635
     126       1       0       2       0       0       0               0D   3636
     126    3166       0       1       0       0       0       000010501D   3637
     126       1       0       4       0       0       0               0D   3638
     126    3170       0       1       0       0       0       000010501D   3639
     126       1       0       2       0       0       0               0D   3640
     102    3172       0       1       0       0       0       000010501D   3641
     102       1       0       1       0       0       0               0D   3642
     124    3173       0       1       0       0       0       000010001D   3643
     124       1       0       1       0       0       0               0D   3644
     100    3174       0       1       0       0    3643       000010001D   3645
     100       1       0       1       0       0       0               0D   3646
     110    3175       0       1       0       0       0       000010001D   3647
     110       1       0       1       0       0       0               0D   3648
     124    3176       0       1       0       0       0       000010001D   3649
     124       1       0       1       0       0       0               0D   3650
     100    3177       0       1       0       0    3649       000010001D   3651
     100       1       0       1       0       0       0               0D   3652
     110    3178       0       1       0       0       0       000010001D   3653
     110       1       0       1       0       0       0               0D   3654
     102    3179       0       1       0       0       0       000010001D   3655
     102       1       0       1       0       0       0               0D   3656
     142    3180       0       1       0       0       0       000010001D   3657
     142       1       0       1       0       0       0               0D   3658
     144    3181       0       1       0       0       0       000000001D   3659
     144       1       0       1       0       0       0               0D   3660
     110    3182       0       1       0       0       0       000010001D   3661
     110       1       0       1       0       0       0               0D   3662
     122    3183       0       1       0       0       0       000010001D   3663
     122       1       0       1       0       0       0               0D   3664
     126    3184       0       1       0       0       0       000010501D   3665
     126       1       0       2       0       0       0               0D   3666
     126    3186       0       1       0       0       0       000010501D   3667
     126       1       0       2       0       0       0               0D   3668
     126    3188       0       1       0       0       0       000010501D   3669
     126       1       0       2       0       0       0               0D   3670
     126    3190       0       1       0       0       0       000010501D   3671
     126       1       0       2       0       0       0               0D   3672
     102    3192       0       1       0       0       0       000010501D   3673
     102       1       0       1       0       0       0               0D   3674
     110    3193       0       1       0       0       0       000010001D   3675
     110       1       0       1       0       0       0               0D   3676
     110    3194       0       1       0       0       0       000010001D   3677
     110       1       0       1       0       0       0               0D   3678
     110    3195       0       1       0       0       0       000010001D   3679
     110       1       0       1       0       0       0               0D   3680
     110    3196       0       1       0       0       0       000010001D   3681
     110       1       0       1       0       0       0               0D   3682
     102    3197       0       1       0       0       0       000010001D   3683
     102       1       0       1       0       0       0               0D   3684
     142    3198       0       1       0       0       0       000010001D   3685
     142       1       0       1       0       0       0               0D   3686
     144    3199       0       1       0       0       0       000000001D   3687
     144       1       0       1       0       0       0               0D   3688
     110    3200       0       1       0       0       0       000010001D   3689
     110       1       0       1       0       0       0               0D   3690
     110    3201       0       1       0       0       0       000010001D   3691
     110       1       0       1       0       0       0               0D   3692
     120    3202       0       1       0       0       0       000010001D   3693
     120       1       0       1       0       0       0               0D   3694
     126    3203       0       1       0       0       0       000010501D   3695
     126       1       0       7       0       0       0               0D   3696
     126    3210       0       1       0       0       0       000010501D   3697
     126       1       0       2       0       0       0               0D   3698
     126    3212       0       1       0       0       0       000010501D   3699
     126       1       0       3       0       0       0               0D   3700
     126    3215       0       1       0       0       0       000010501D   3701
     126       1       0       3       0       0       0               0D   3702
     102    3218       0       1       0       0       0       000010501D   3703
     102       1       0       1       0       0       0               0D   3704
     124    3219       0       1       0       0       0       000010001D   3705
     124       1       0       2       0       0       0               0D   3706
     104    3221       0       1       0       0    3705       000010001D   3707
     104       1       0       3       1       0       0               0D   3708
     110    3224       0       1       0       0       0       000010001D   3709
     110       1       0       1       0       0       0               0D   3710
     124    3225       0       1       0       0       0       000010001D   3711
     124       1       0       1       0       0       0               0D   3712
     100    3226       0       1       0       0    3711       000010001D   3713
     100       1       0       1       0       0       0               0D   3714
     110    3227       0       1       0       0       0       000010001D   3715
     110       1       0       1       0       0       0               0D   3716
     102    3228       0       1       0       0       0       000010001D   3717
     102       1       0       1       0       0       0               0D   3718
     142    3229       0       1       0       0       0       000010001D   3719
     142       1       0       1       0       0       0               0D   3720
     144    3230       0       1       0       0       0       000000001D   3721
     144       1       0       1       0       0       0               0D   3722
     110    3231       0       1       0       0       0       000010001D   3723
     110       1       0       1       0       0       0               0D   3724
     122    3232       0       1       0       0       0       000010001D   3725
     122       1       0       1       0       0       0               0D   3726
     126    3233       0       1       0       0       0       000010501D   3727
     126       1       0       2       0       0       0               0D   3728
     126    3235       0       1       0       0       0       000010501D   3729
     126       1       0       2       0       0       0               0D   3730
     126    3237       0       1       0       0       0       000010501D   3731
     126       1       0       2       0       0       0               0D   3732
     126    3239       0       1       0       0       0       000010501D   3733
     126       1       0       2       0       0       0               0D   3734
     102    3241       0       1       0       0       0       000010501D   3735
     102       1       0       1       0       0       0               0D   3736
     110    3242       0       1       0       0       0       000010001D   3737
     110       1       0       1       0       0       0               0D   3738
     110    3243       0       1       0       0       0       000010001D   3739
     110       1       0       1       0       0       0               0D   3740
     110    3244       0       1       0       0       0       000010001D   3741
     110       1       0       1       0       0       0               0D   3742
     110    3245       0       1       0       0       0       000010001D   3743
     110       1       0       1       0       0       0               0D   3744
     102    3246       0       1       0       0       0       000010001D   3745
     102       1       0       1       0       0       0               0D   3746
     142    3247       0       1       0       0       0       000010001D   3747
     142       1       0       1       0       0       0               0D   3748
     144    3248       0       1       0       0       0       000000001D   3749
     144       1       0       1       0       0       0               0D   3750
     110    3249       0       1       0       0       0       000010001D   3751
     110       1       0       1       0       0       0               0D   3752
     122    3250       0       1       0       0       0       000010001D   3753
     122       1       0       1       0       0       0               0D   3754
     126    3251       0       1       0       0       0       000010501D   3755
     126       1       0       4       0       0       0               0D   3756
     126    3255       0       1       0       0       0       000010501D   3757
     126       1       0       2       0       0       0               0D   3758
     126    3257       0       1       0       0       0       000010501D   3759
     126       1       0      11       0       0       0               0D   3760
     126    3268       0       1       0       0       0       000010501D   3761
     126       1       0       3       0       0       0               0D   3762
     126    3271       0       1       0       0       0       000010501D   3763
     126       1       0       2       0       0       0               0D   3764
     102    3273       0       1       0       0       0       000010501D   3765
     102       1       0       1       0       0       0               0D   3766
     110    3274       0       1       0       0       0       000010001D   3767
     110       1       0       1       0       0       0               0D   3768
     110    3275       0       1       0       0       0       000010001D   3769
     110       1       0       1       0       0       0               0D   3770
     124    3276       0       1       0       0       0       000010001D   3771
     124       1       0       2       0       0       0               0D   3772
     104    3278       0       1       0       0    3771       000010001D   3773
     104       1       0       2       1       0       0               0D   3774
     110    3280       0       1       0       0       0       000010001D   3775
     110       1       0       1       0       0       0               0D   3776
     110    3281       0       1       0       0       0       000010001D   3777
     110       1       0       1       0       0       0               0D   3778
     102    3282       0       1       0       0       0       000010001D   3779
     102       1       0       1       0       0       0               0D   3780
     142    3283       0       1       0       0       0       000010001D   3781
     142       1       0       1       0       0       0               0D   3782
     144    3284       0       1       0       0       0       000000001D   3783
     144       1       0       1       0       0       0               0D   3784
     110    3285       0       1       0       0       0       000010001D   3785
     110       1       0       1       0       0       0               0D   3786
     122    3286       0       1       0       0       0       000010001D   3787
     122       1       0       1       0       0       0               0D   3788
     126    3287       0       1       0       0       0       000010501D   3789
     126       1       0       2       0       0       0               0D   3790
     126    3289       0       1       0       0       0       000010501D   3791
     126       1       0       2       0       0       0               0D   3792
     126    3291       0       1       0       0       0       000010501D   3793
     126       1       0       2       0       0       0               0D   3794
     126    3293       0       1       0       0       0       000010501D   3795
     126       1       0       2       0       0       0               0D   3796
     102    3295       0       1       0       0       0       000010501D   3797
     102       1       0       1       0       0       0               0D   3798
     110    3296       0       1       0       0       0       000010001D   3799
     110       1       0       1       0       0       0               0D   3800
     110    3297       0       1       0       0       0       000010001D   3801
     110       1       0       1       0       0       0               0D   3802
     110    3298       0       1       0       0       0       000010001D   3803
     110       1       0       1       0       0       0               0D   3804
     110    3299       0       1       0       0       0       000010001D   3805
     110       1       0       1       0       0       0               0D   3806
     102    3300       0       1       0       0       0       000010001D   3807
     102       1       0       1       0       0       0               0D   3808
     142    3301       0       1       0       0       0       000010001D   3809
     142       1       0       1       0       0       0               0D   3810
     144    3302       0       1       0       0       0       000000001D   3811
     144       1       0       1       0       0       0               0D   3812
     110    3303       0       1       0       0       0       000010001D   3813
     110       1       0       1       0       0       0               0D   3814
     122    3304       0       1       0       0       0       000010001D   3815
     122       1       0       1       0       0       0               0D   3816
     126    3305       0       1       0       0       0       000010501D   3817
     126       1       0       4       0       0       0               0D   3818
     126    3309       0       1       0       0       0       000010501D   3819
     126       1       0       2       0       0       0               0D   3820
     126    3311       0       1       0       0       0       000010501D   3821
     126       1       0       4       0       0       0               0D   3822
     126    3315       0       1       0       0       0       000010501D   3823
     126       1       0      11       0       0       0               0D   3824
     126    3326       0       1       0       0       0       000010501D   3825
     126       1       0       2       0       0       0               0D   3826
     102    3328       0       1       0       0       0       000010501D   3827
     102       1       0       1       0       0       0               0D   3828
     110    3329       0       1       0       0       0       000010001D   3829
     110       1       0       1       0       0       0               0D   3830
     110    3330       0       1       0       0       0       000010001D   3831
     110       1       0       1       0       0       0               0D   3832
     110    3331       0       1       0       0       0       000010001D   3833
     110       1       0       1       0       0       0               0D   3834
     124    3332       0       1       0       0       0       000010001D   3835
     124       1       0       2       0       0       0               0D   3836
     104    3334       0       1       0       0    3835       000010001D   3837
     104       1       0       2       1       0       0               0D   3838
     110    3336       0       1       0       0       0       000010001D   3839
     110       1       0       1       0       0       0               0D   3840
     102    3337       0       1       0       0       0       000010001D   3841
     102       1       0       1       0       0       0               0D   3842
     142    3338       0       1       0       0       0       000010001D   3843
     142       1       0       1       0       0       0               0D   3844
     144    3339       0       1       0       0       0       000000001D   3845
     144       1       0       1       0       0       0               0D   3846
     110    3340       0       1       0       0       0       000010001D   3847
     110       1       0       1       0       0       0               0D   3848
     122    3341       0       1       0       0       0       000010001D   3849
     122       1       0       1       0       0       0               0D   3850
     126    3342       0       1       0       0       0       000010501D   3851
     126       1       0       4       0       0       0               0D   3852
     126    3346       0       1       0       0       0       000010501D   3853
     126       1       0       2       0       0       0               0D   3854
     126    3348       0       1       0       0       0       000010501D   3855
     126       1       0      11       0       0       0               0D   3856
     126    3359       0       1       0       0       0       000010501D   3857
     126       1       0       3       0       0       0               0D   3858
     126    3362       0       1       0       0       0       000010501D   3859
     126       1       0       2       0       0       0               0D   3860
     102    3364       0       1       0       0       0       000010501D   3861
     102       1       0       1       0       0       0               0D   3862
     110    3365       0       1       0       0       0       000010001D   3863
     110       1       0       1       0       0       0               0D   3864
     110    3366       0       1       0       0       0       000010001D   3865
     110       1       0       1       0       0       0               0D   3866
     124    3367       0       1       0       0       0       000010001D   3867
     124       1       0       2       0       0       0               0D   3868
     104    3369       0       1       0       0    3867       000010001D   3869
     104       1       0       2       1       0       0               0D   3870
     110    3371       0       1       0       0       0       000010001D   3871
     110       1       0       1       0       0       0               0D   3872
     110    3372       0       1       0       0       0       000010001D   3873
     110       1       0       1       0       0       0               0D   3874
     102    3373       0       1       0       0       0       000010001D   3875
     102       1       0       1       0       0       0               0D   3876
     142    3374       0       1       0       0       0       000010001D   3877
     142       1       0       1       0       0       0               0D   3878
     144    3375       0       1       0       0       0       000000001D   3879
     144       1       0       1       0       0       0               0D   3880
     110    3376       0       1       0       0       0       000010001D   3881
     110       1       0       1       0       0       0               0D   3882
     122    3377       0       1       0       0       0       000010001D   3883
     122       1       0       1       0       0       0               0D   3884
     126    3378       0       1       0       0       0       000010501D   3885
     126       1       0       2       0       0       0               0D   3886
     126    3380       0       1       0       0       0       000010501D   3887
     126       1       0       2       0       0       0               0D   3888
     126    3382       0       1       0       0       0       000010501D   3889
     126       1       0       2       0       0       0               0D   3890
     126    3384       0       1       0       0       0       000010501D   3891
     126       1       0       2       0       0       0               0D   3892
     102    3386       0       1       0       0       0       000010501D   3893
     102       1       0       1       0       0       0               0D   3894
     110    3387       0       1       0       0       0       000010001D   3895
     110       1       0       1       0       0       0               0D   3896
     110    3388       0       1       0       0       0       000010001D   3897
     110       1       0       1       0       0       0               0D   3898
     110    3389       0       1       0       0       0       000010001D   3899
     110       1       0       1       0       0       0               0D   3900
     110    3390       0       1       0       0       0       000010001D   3901
     110       1       0       1       0       0       0               0D   3902
     102    3391       0       1       0       0       0       000010001D   3903
     102       1       0       1       0       0       0               0D   3904
     142    3392       0       1       0       0       0       000010001D   3905
     142       1       0       1       0       0       0               0D   3906
     144    3393       0       1       0       0       0       000000001D   3907
     144       1       0       1       0       0       0               0D   3908
     110    3394       0       1       0       0       0       000010001D   3909
     110       1       0       1       0       0       0               0D   3910
     122    3395       0       1       0       0       0       000010001D   3911
     122       1       0       1       0       0       0               0D   3912
     126    3396       0       1       0       0       0       000010501D   3913
     126       1       0       4       0       0       0               0D   3914
     126    3400       0       1       0       0       0       000010501D   3915
     126       1       0       2       0       0       0               0D   3916
     126    3402       0       1       0       0       0       000010501D   3917
     126       1       0       4       0       0       0               0D   3918
     126    3406       0       1       0       0       0       000010501D   3919
     126       1       0      11       0       0       0               0D   3920
     126    3417       0       1       0       0       0       000010501D   3921
     126       1       0       2       0       0       0               0D   3922
     102    3419       0       1       0       0       0       000010501D   3923
     102       1       0       1       0       0       0               0D   3924
     110    3420       0       1       0       0       0       000010001D   3925
     110       1       0       1       0       0       0               0D   3926
     110    3421       0       1       0       0       0       000010001D   3927
     110       1       0       1       0       0       0               0D   3928
     110    3422       0       1       0       0       0       000010001D   3929
     110       1       0       1       0       0       0               0D   3930
     124    3423       0       1       0       0       0       000010001D   3931
     124       1       0       2       0       0       0               0D   3932
     104    3425       0       1       0       0    3931       000010001D   3933
     104       1       0       2       1       0       0               0D   3934
     110    3427       0       1       0       0       0       000010001D   3935
     110       1       0       1       0       0       0               0D   3936
     102    3428       0       1       0       0       0       000010001D   3937
     102       1       0       1       0       0       0               0D   3938
     142    3429       0       1       0       0       0       000010001D   3939
     142       1       0       1       0       0       0               0D   3940
     144    3430       0       1       0       0       0       000000001D   3941
     144       1       0       1       0       0       0               0D   3942
     110    3431       0       1       0       0       0       000010001D   3943
     110       1       0       2       0       0       0               0D   3944
     122    3433       0       1       0       0       0       000010001D   3945
     122       1       0       1       0       0       0               0D   3946
     126    3434       0       1       0       0       0       000010501D   3947
     126       1       0       4       0       0       0               0D   3948
     126    3438       0       1       0       0       0       000010501D   3949
     126       1       0       4       0       0       0               0D   3950
     126    3442       0       1       0       0       0       000010501D   3951
     126       1       0       4       0       0       0               0D   3952
     126    3446       0       1       0       0       0       000010501D   3953
     126       1       0       4       0       0       0               0D   3954
     126    3450       0       1       0       0       0       000010501D   3955
     126       1       0       5       0       0       0               0D   3956
     102    3455       0       1       0       0       0       000010501D   3957
     102       1       0       1       0       0       0               0D   3958
     110    3456       0       1       0       0       0       000010001D   3959
     110       1       0       2       0       0       0               0D   3960
     124    3458       0       1       0       0       0       000010001D   3961
     124       1       0       3       0       0       0               0D   3962
     104    3461       0       1       0       0    3961       000010001D   3963
     104       1       0       3       1       0       0               0D   3964
     110    3464       0       1       0       0       0       000010001D   3965
     110       1       0       2       0       0       0               0D   3966
     110    3466       0       1       0       0       0       000010001D   3967
     110       1       0       2       0       0       0               0D   3968
     124    3468       0       1       0       0       0       000010001D   3969
     124       1       0       4       0       0       0               0D   3970
     104    3472       0       1       0       0    3969       000010001D   3971
     104       1       0       3       1       0       0               0D   3972
     102    3475       0       1       0       0       0       000010001D   3973
     102       1       0       1       0       0       0               0D   3974
     142    3476       0       1       0       0       0       000010001D   3975
     142       1       0       1       0       0       0               0D   3976
     144    3477       0       1       0       0       0       000000001D   3977
     144       1       0       1       0       0       0               0D   3978
     110    3478       0       1       0       0       0       000010001D   3979
     110       1       0       2       0       0       0               0D   3980
     122    3480       0       1       0       0       0       000010001D   3981
     122       1       0       1       0       0       0               0D   3982
     126    3481       0       1       0       0       0       000010501D   3983
     126       1       0       4       0       0       0               0D   3984
     126    3485       0       1       0       0       0       000010501D   3985
     126       1       0       4       0       0       0               0D   3986
     126    3489       0       1       0       0       0       000010501D   3987
     126       1       0       5       0       0       0               0D   3988
     126    3494       0       1       0       0       0       000010501D   3989
     126       1       0       4       0       0       0               0D   3990
     126    3498       0       1       0       0       0       000010501D   3991
     126       1       0       5       0       0       0               0D   3992
     102    3503       0       1       0       0       0       000010501D   3993
     102       1       0       1       0       0       0               0D   3994
     110    3504       0       1       0       0       0       000010001D   3995
     110       1       0       2       0       0       0               0D   3996
     110    3506       0       1       0       0       0       000010001D   3997
     110       1       0       2       0       0       0               0D   3998
     124    3508       0       1       0       0       0       000010001D   3999
     124       1       0       3       0       0       0               0D   4000
     104    3511       0       1       0       0    3999       000010001D   4001
     104       1       0       3       1       0       0               0D   4002
     110    3514       0       1       0       0       0       000010001D   4003
     110       1       0       2       0       0       0               0D   4004
     124    3516       0       1       0       0       0       000010001D   4005
     124       1       0       4       0       0       0               0D   4006
     104    3520       0       1       0       0    4005       000010001D   4007
     104       1       0       3       1       0       0               0D   4008
     102    3523       0       1       0       0       0       000010001D   4009
     102       1       0       1       0       0       0               0D   4010
     142    3524       0       1       0       0       0       000010001D   4011
     142       1       0       1       0       0       0               0D   4012
     144    3525       0       1       0       0       0       000000001D   4013
     144       1       0       1       0       0       0               0D   4014
     110    3526       0       1       0       0       0       000010001D   4015
     110       1       0       2       0       0       0               0D   4016
     122    3528       0       1       0       0       0       000010001D   4017
     122       1       0       1       0       0       0               0D   4018
     126    3529       0       1       0       0       0       000010501D   4019
     126       1       0       4       0       0       0               0D   4020
     126    3533       0       1       0       0       0       000010501D   4021
     126       1       0       4       0       0       0               0D   4022
     126    3537       0       1       0       0       0       000010501D   4023
     126       1       0       4       0       0       0               0D   4024
     126    3541       0       1       0       0       0       000010501D   4025
     126       1       0       4       0       0       0               0D   4026
     126    3545       0       1       0       0       0       000010501D   4027
     126       1       0       5       0       0       0               0D   4028
     102    3550       0       1       0       0       0       000010501D   4029
     102       1       0       1       0       0       0               0D   4030
     110    3551       0       1       0       0       0       000010001D   4031
     110       1       0       2       0       0       0               0D   4032
     124    3553       0       1       0       0       0       000010001D   4033
     124       1       0       3       0       0       0               0D   4034
     104    3556       0       1       0       0    4033       000010001D   4035
     104       1       0       3       1       0       0               0D   4036
     110    3559       0       1       0       0       0       000010001D   4037
     110       1       0       2       0       0       0               0D   4038
     110    3561       0       1       0       0       0       000010001D   4039
     110       1       0       2       0       0       0               0D   4040
     124    3563       0       1       0       0       0       000010001D   4041
     124       1       0       4       0       0       0               0D   4042
     104    3567       0       1       0       0    4041       000010001D   4043
     104       1       0       3       1       0       0               0D   4044
     102    3570       0       1       0       0       0       000010001D   4045
     102       1       0       1       0       0       0               0D   4046
     142    3571       0       1       0       0       0       000010001D   4047
     142       1       0       1       0       0       0               0D   4048
     144    3572       0       1       0       0       0       000000001D   4049
     144       1       0       1       0       0       0               0D   4050
     110    3573       0       1       0       0       0       000010001D   4051
     110       1       0       2       0       0       0               0D   4052
     122    3575       0       1       0       0       0       000010001D   4053
     122       1       0       1       0       0       0               0D   4054
     126    3576       0       1       0       0       0       000010501D   4055
     126       1       0       4       0       0       0               0D   4056
     126    3580       0       1       0       0       0       000010501D   4057
     126       1       0       4       0       0       0               0D   4058
     126    3584       0       1       0       0       0       000010501D   4059
     126       1       0       5       0       0       0               0D   4060
     126    3589       0       1       0       0       0       000010501D   4061
     126       1       0       4       0       0       0               0D   4062
     126    3593       0       1       0       0       0       000010501D   4063
     126       1       0       5       0       0       0               0D   4064
     102    3598       0       1       0       0       0       000010501D   4065
     102       1       0       1       0       0       0               0D   4066
     110    3599       0       1       0       0       0       000010001D   4067
     110       1       0       2       0       0       0               0D   4068
     110    3601       0       1       0       0       0       000010001D   4069
     110       1       0       2       0       0       0               0D   4070
     124    3603       0       1       0       0       0       000010001D   4071
     124       1       0       3       0       0       0               0D   4072
     104    3606       0       1       0       0    4071       000010001D   4073
     104       1       0       3       1       0       0               0D   4074
     110    3609       0       1       0       0       0       000010001D   4075
     110       1       0       2       0       0       0               0D   4076
     124    3611       0       1       0       0       0       000010001D   4077
     124       1       0       4       0       0       0               0D   4078
     104    3615       0       1       0       0    4077       000010001D   4079
     104       1       0       3       1       0       0               0D   4080
     102    3618       0       1       0       0       0       000010001D   4081
     102       1       0       1       0       0       0               0D   4082
     142    3619       0       1       0       0       0       000010001D   4083
     142       1       0       1       0       0       0               0D   4084
     144    3620       0       1       0       0       0       000000001D   4085
     144       1       0       1       0       0       0               0D   4086
110,0.79289321881345,9.29289321881345,1.27,-706.31388796773376,        1P      1
-697.81388796773422,1.27;                                              1P      2
110,1.85355339059328,8.93933982822018,1.27,1.5,8.5857864376269,        3P      3
1.27;                                                                  3P      4
120,1,3,0.,6.28318530717959;                                           5P      5
126,1,1,1,0,1,0,-2.12560735977497,-2.12560735977497,0.,0.,1.,1.,       7P      6
0.,2.12560735977497,0.,0.,0.,0.,-2.12560735977497,0.,0.,0.,1.;         7P      7
126,1,1,1,0,1,0,-0.0005,-0.0005,0.,0.,1.,1.,0.,0.,0.,1.,0.,0.,         9P      8
-0.0005,0.,0.,0.,1.;                                                   9P      9
126,1,1,1,0,1,0,0.,0.,2.12560735977497,2.12560735977497,1.,1.,        11P     10
1.,0.,0.,1.,2.12560735977497,0.,0.,2.12560735977497,0.,0.,1.;         11P     11
126,1,1,1,0,1,0,0.,0.,0.0005,0.0005,1.,1.,1.,2.12560735977497,        13P     12
0.,0.,2.12560735977497,0.,0.,0.0005,0.,0.,1.;                         13P     13
102,4,7,9,11,13;                                                      15P     14
124,0.70710678118655,0.,0.70710678118655,1.14644660940673,            17P     15
-0.70710678118655,0.,0.70710678118655,9.64644660940673,0.,-1.,        17P     16
0.,1.27;                                                              17P     17
100,0.,0.,0.,-0.52678268764264,-0.85,1.,0.;                           19P     18
110,1.85355339059328,8.93933982822018,1.27,1.5,8.5857864376269,       21P     19
1.27;                                                                 21P     20
124,0.70710678118655,0.,-0.70710678118655,0.79289321881345,           23P     21
-0.70710678118655,0.,-0.70710678118655,9.29289321881345,0.,1.,        23P     22
0.,1.27;                                                              23P     23
100,0.,0.,0.,1.,0.,-0.52678268764264,0.85;                            25P     24
110,0.42040160816967,9.66538482945723,2.12,0.77395499876295,          27P     25
10.01893822005051,2.12;                                               27P     26
102,4,19,21,25,27;                                                    29P     27
142,1,5,15,29,2;                                                      31P     28
144,5,1,0,31;                                                         33P     29
110,0.79289321881345,9.29289321881345,3.81,-706.31388796773376,       35P     30
-697.81388796773422,3.81;                                             35P     31
110,1.85355339059328,8.93933982822018,3.81,1.5,8.5857864376269,       37P     32
3.81;                                                                 37P     33
120,35,37,0.,6.28318530717959;                                        39P     34
126,1,1,1,0,1,0,-2.12560735977497,-2.12560735977497,0.,0.,1.,1.,      41P     35
0.,2.12560735977497,0.,0.,0.,0.,-2.12560735977497,0.,0.,0.,1.;        41P     36
126,1,1,1,0,1,0,-0.0005,-0.0005,0.,0.,1.,1.,0.,0.,0.,1.,0.,0.,        43P     37
-0.0005,0.,0.,0.,1.;                                                  43P     38
126,1,1,1,0,1,0,0.,0.,2.12560735977497,2.12560735977497,1.,1.,        45P     39
1.,0.,0.,1.,2.12560735977497,0.,0.,2.12560735977497,0.,0.,1.;         45P     40
126,1,1,1,0,1,0,0.,0.,0.0005,0.0005,1.,1.,1.,2.12560735977497,        47P     41
0.,0.,2.12560735977497,0.,0.,0.0005,0.,0.,1.;                         47P     42
102,4,41,43,45,47;                                                    49P     43
124,0.70710678118655,0.,0.70710678118655,1.14644660940673,            51P     44
-0.70710678118655,0.,0.70710678118655,9.64644660940673,0.,-1.,        51P     45
0.,3.81;                                                              51P     46
100,0.,0.,0.,-0.52678268764264,-0.85,1.,0.;                           53P     47
110,1.85355339059328,8.93933982822018,3.81,1.5,8.5857864376269,       55P     48
3.81;                                                                 55P     49
124,0.70710678118655,0.,-0.70710678118655,0.79289321881345,           57P     50
-0.70710678118655,0.,-0.70710678118655,9.29289321881345,0.,1.,        57P     51
0.,3.81;                                                              57P     52
100,0.,0.,0.,1.,0.,-0.52678268764264,0.85;                            59P     53
110,0.42040160816967,9.66538482945723,4.66,0.77395499876295,          61P     54
10.01893822005051,4.66;                                               61P     55
102,4,53,55,59,61;                                                    63P     56
142,1,39,49,63,2;                                                     65P     57
144,39,1,0,65;                                                        67P     58
110,-0.20710678118655,11.,5.08,-0.20710678118655,11.,                 69P     59
-994.92000000000007;                                                  69P     60
110,-0.70710678118655,11.,2.39544982607043,-0.70710678118655,         71P     61
11.,2.68455017392957;                                                 71P     62
120,69,71,0.,6.28318530717959;                                        73P     63
126,2,2,1,0,1,0,-0.39269908169873,-0.39269908169873,                  75P     64
-0.39269908169873,0.,0.,0.,1.,1.,1.,0.99407114624506,                 75P     65
1.96349540849362,0.,0.91508078730664,2.16240777587328,0.,             75P     66
0.91508078730664,2.35619449019235,0.,-0.39269908169873,0.,0.,0.,      75P     67
1.;                                                                   75P     68
126,1,1,1,0,1,0,0.00242,0.00242,0.00266,0.00266,1.,1.,                77P     69
0.91508078730665,2.35619449019234,0.,0.08491921269335,                77P     70
2.35619449019234,0.,0.00242,0.00266,0.,0.,1.;                         77P     71
126,2,2,1,0,1,0,-3.14159265358979,-3.14159265358979,                  79P     72
-3.14159265358979,-2.74889357189106,-2.74889357189106,                79P     73
-2.74889357189106,1.,1.,1.,0.08491921269335,2.35619449019235,0.,      79P     74
0.08491921269335,2.16240777587327,0.,0.00592885375494,                79P     75
1.96349540849361,0.,-3.14159265358979,-2.74889357189106,0.,0.,        79P     76
1.;                                                                   79P     77
126,2,2,1,0,1,0,-3.53429173528851,-3.53429173528851,                  81P     78
-3.53429173528851,-3.1415926535898,-3.1415926535898,                  81P     79
-3.1415926535898,1.,1.,1.,0.00592885375494,1.96349540849361,0.,       81P     80
0.08491921269335,1.76458304111396,0.,0.08491921269335,                81P     81
1.5707963267949,0.,-3.53429173528851,-3.1415926535898,0.,0.,1.;       81P     82
126,1,1,1,0,1,0,-0.00266,-0.00266,-0.00242,-0.00242,1.,1.,            83P     83
0.08491921269335,1.5707963267949,0.,0.91508078730665,                 83P     84
1.5707963267949,0.,-0.00266,-0.00242,0.,0.,1.;                        83P     85
126,2,2,1,0,1,0,-6.28318530717958,-6.28318530717958,                  85P     86
-6.28318530717958,-5.89048622548087,-5.89048622548087,                85P     87
-5.89048622548087,1.,1.,1.,0.91508078730665,1.5707963267949,0.,       85P     88
0.91508078730665,1.76458304111396,0.,0.99407114624506,                85P     89
1.96349540849362,0.,-6.28318530717958,-5.89048622548087,0.,0.,        85P     90
1.;                                                                   85P     91
102,6,75,77,79,81,83,85;                                              87P     92
124,0.60633906259083,0.70710678118655,-0.3638034375545,               89P     93
-0.20710678118655,0.60633906259083,-0.70710678118655,                 89P     94
-0.3638034375545,11.,-0.51449575542753,0.,-0.85749292571254,          89P     95
2.96;                                                                 89P     96
104,0.00000000000025,0.,0.00000000000034,0.,0.,                       91P     97
-0.00000000000009,0.,0.53870971107055,-0.19134171618255,              91P     98
0.58309518948453,0.;                                                  91P     99
110,0.14644660940673,11.35355339059327,2.66,0.14644660940673,         93P    100
11.35355339059327,2.42;                                               93P    101
124,-0.60633906259083,0.70710678118655,-0.3638034375545,              95P    102
-0.20710678118655,-0.60633906259083,-0.70710678118655,                95P    103
-0.3638034375545,11.,-0.51449575542753,0.,0.85749292571254,2.12;      95P    104
104,0.00000000000025,0.,0.00000000000034,0.,0.,                       97P    105
-0.00000000000009,0.,-0.58309518948453,0.,-0.53870971107055,          97P    106
-0.19134171618255;                                                    97P    107
124,0.,1.,0.,-0.20710678118655,-0.85749292571254,0.,                  99P    108
-0.51449575542753,11.,-0.51449575542753,0.,0.85749292571254,          99P    109
2.12;                                                                 99P    110
104,0.00000000000025,0.,0.00000000000034,0.,0.,                      101P    111
-0.00000000000009,0.,-0.53870971107055,0.19134171618254,             101P    112
-0.58309518948453,0.;                                                101P    113
110,-0.20710678118654,11.5,2.42,-0.20710678118654,11.5,2.66;         103P    114
124,0.,1.,0.,-0.20710678118655,0.85749292571254,0.,                  105P    115
-0.51449575542753,11.,-0.51449575542753,0.,-0.85749292571254,        105P    116
2.96;                                                                105P    117
104,0.00000000000025,0.,0.00000000000034,0.,0.,                      107P    118
-0.00000000000009,0.,0.58309518948453,0.,0.53870971107055,           107P    119
0.19134171618254;                                                    107P    120
102,6,91,93,97,101,103,107;                                          109P    121
142,1,73,87,109,2;                                                   111P    122
144,73,1,0,111;                                                      113P    123
110,4.55355339059327,6.94644660940673,-0.,0.14644660940673,          115P    124
11.35355339059327,-0.;                                               115P    125
122,115,4.55355339059327,6.94644660940673,6.58;                      117P    126
126,1,1,1,0,1,0,-0.00251011865185,-0.00251011865185,                 119P    127
-0.00108580303803,-0.00108580303803,1.,1.,0.77147292337484,          119P    128
0.75379939209726,0.,1.,0.75379939209726,0.,-0.00251011865185,        119P    129
-0.00108580303803,0.,0.,1.;                                          119P    130
126,1,1,1,0,1,0,-0.00012,-0.00012,0.0015,0.0015,1.,1.,1.,            121P    131
0.75379939209726,0.,1.,1.,0.,-0.00012,0.0015,0.,0.,1.;               121P    132
126,1,1,1,0,1,0,-0.00623259018078,-0.00623259018078,0.,0.,1.,1.,     123P    133
1.,1.,0.,0.,1.,0.,-0.00623259018078,0.,0.,0.,1.;                     123P    134
126,1,1,1,0,1,0,-0.0015,-0.0015,0.00508,0.00508,1.,1.,0.,1.,0.,      125P    135
0.,0.,0.,-0.0015,0.00508,0.,0.,1.;                                   125P    136
126,1,1,1,0,1,0,0.,0.,0.00623259018078,0.00623259018078,1.,1.,       127P    137
0.,0.,0.,1.,0.,0.,0.,0.00623259018078,0.,0.,1.;                      127P    138
126,1,1,1,0,1,0,-0.00508,-0.00508,-0.00496,-0.00496,1.,1.,1.,0.,     129P    139
0.,1.,0.01823708206687,0.,-0.00508,-0.00496,0.,0.,1.;                129P    140
126,1,1,1,0,1,0,0.00108580303803,0.00108580303803,                   131P    141
0.00251011865185,0.00251011865185,1.,1.,1.,0.01823708206687,0.,      131P    142
0.77147292337484,0.01823708206687,0.,0.00108580303803,               131P    143
0.00251011865185,0.,0.,1.;                                           131P    144
126,16,2,1,0,1,0,4.30967313880403,4.30967313880403,                  133P    145
4.30967313880403,4.80305118089792,4.80305118089792,                  133P    146
5.29642922299181,5.29642922299181,5.7898072650857,                   133P    147
5.7898072650857,6.28318530717958,6.28318530717958,                   133P    148
6.77656334927347,6.77656334927347,7.26994139136736,                  133P    149
7.26994139136736,7.76331943346125,7.76331943346125,                  133P    150
8.25669747555514,8.25669747555514,8.25669747555514,1.,1.,1.,1.,      133P    151
1.,1.,1.,1.,1.,1.,1.,1.,1.,1.,1.,1.,1.,0.77147292337484,             133P    152
0.01823708206687,0.,0.72500897641205,-0.00051141922179,0.,           133P    153
0.67471210750499,0.00381971940966,0.,0.62441523859793,               133P    154
0.00815085804111,0.,0.58228245475064,0.03452855637066,0.,            133P    155
0.54014967090335,0.06090625470021,0.,0.51623064943968,               133P    156
0.10303880037107,0.,0.49231162797602,0.14517134604193,0.,            133P    157
0.49231162797602,0.19300911854103,0.,0.49231162797602,               133P    158
0.24084689104013,0.,0.51623064943968,0.282979436711,0.,              133P    159
0.54014967090335,0.32511198238186,0.,0.58228245475064,               133P    160
0.35148968071141,0.,0.62441523859793,0.37786737904096,0.,            133P    161
0.67471210750499,0.38219851767241,0.,0.72500897641205,               133P    162
0.38652965630386,0.,0.77147292337484,0.3677811550152,0.,             133P    163
4.30967313880403,8.25669747555514,0.,0.,1.;                          133P    164
126,1,1,1,0,1,0,-0.00251011865185,-0.00251011865185,                 135P    165
-0.00108580303803,-0.00108580303803,1.,1.,0.77147292337484,          135P    166
0.3677811550152,0.,1.,0.3677811550152,0.,-0.00251011865185,          135P    167
-0.00108580303803,0.,0.,1.;                                          135P    168
126,1,1,1,0,1,0,-0.00266,-0.00266,-0.00242,-0.00242,1.,1.,1.,        137P    169
0.3677811550152,0.,1.,0.40425531914894,0.,-0.00266,-0.00242,0.,      137P    170
0.,1.;                                                               137P    171
126,1,1,1,0,1,0,0.00108580303803,0.00108580303803,                   139P    172
0.00251011865185,0.00251011865185,1.,1.,1.,0.40425531914894,0.,      139P    173
0.77147292337484,0.40425531914894,0.,0.00108580303803,               139P    174
0.00251011865185,0.,0.,1.;                                           139P    175
126,16,2,1,0,1,0,4.30967313880403,4.30967313880403,                  141P    176
4.30967313880403,4.80305118089792,4.80305118089792,                  141P    177
5.29642922299181,5.29642922299181,5.7898072650857,                   141P    178
5.7898072650857,6.28318530717958,6.28318530717958,                   141P    179
6.77656334927347,6.77656334927347,7.26994139136736,                  141P    180
7.26994139136736,7.76331943346125,7.76331943346125,                  141P    181
8.25669747555514,8.25669747555514,8.25669747555514,1.,1.,1.,1.,      141P    182
1.,1.,1.,1.,1.,1.,1.,1.,1.,1.,1.,1.,1.,0.77147292337484,             141P    183
0.40425531914894,0.,0.72500897641205,0.38550681786027,0.,            141P    184
0.67471210750499,0.38983795649172,0.,0.62441523859793,               141P    185
0.39416909512317,0.,0.58228245475064,0.42054679345272,0.,            141P    186
0.54014967090335,0.44692449178227,0.,0.51623064943968,               141P    187
0.48905703745314,0.,0.49231162797602,0.531189583124,0.,              141P    188
0.49231162797602,0.5790273556231,0.,0.49231162797602,                141P    189
0.6268651281222,0.,0.51623064943968,0.66899767379306,0.,             141P    190
0.54014967090335,0.71113021946393,0.,0.58228245475064,               141P    191
0.73750791779348,0.,0.62441523859793,0.76388561612303,0.,            141P    192
0.67471210750499,0.76821675475448,0.,0.72500897641205,               141P    193
0.77254789338593,0.,0.77147292337484,0.75379939209726,0.,            141P    194
4.30967313880403,8.25669747555514,0.,0.,1.;                          141P    195
102,12,119,121,123,125,127,129,131,133,135,137,139,141;              143P    196
110,1.15358983848623,10.34641016151377,4.96,0.14644660940673,        145P    197
11.35355339059327,4.96;                                              145P    198
110,0.14644660940673,11.35355339059327,4.96,0.14644660940673,        147P    199
11.35355339059327,6.58;                                              147P    200
110,0.14644660940673,11.35355339059327,6.58,4.55355339059327,        149P    201
6.94644660940673,6.58;                                               149P    202
110,4.55355339059327,6.94644660940673,6.58,4.55355339059327,         151P    203
6.94644660940673,0.;                                                 151P    204
110,4.55355339059327,6.94644660940673,0.,0.14644660940673,           153P    205
11.35355339059327,0.;                                                153P    206
110,0.14644660940673,11.35355339059327,0.,0.14644660940673,          155P    207
11.35355339059327,0.12;                                              155P    208
110,0.14644660940673,11.35355339059327,0.12,1.15358983848622,        157P    209
10.34641016151378,0.12;                                              157P    210
124,0.70710678118655,0.,-0.70710678118655,1.5,-0.70710678118655,     159P    211
0.,-0.70710678118655,10.,0.,1.,0.,1.27;                              159P    212
100,0.,0.,0.,-0.48989794855664,-1.15,-0.48989794855663,1.15;         161P    213
110,1.15358983848623,10.34641016151377,2.42,0.14644660940673,        163P    214
11.35355339059327,2.42;                                              163P    215
110,0.14644660940673,11.35355339059327,2.42,0.14644660940673,        165P    216
11.35355339059327,2.66;                                              165P    217
110,0.14644660940673,11.35355339059327,2.66,1.15358983848622,        167P    218
10.34641016151378,2.66;                                              167P    219
124,0.70710678118655,0.,-0.70710678118655,1.5,-0.70710678118655,     169P    220
0.,-0.70710678118655,10.,0.,1.,0.,3.81;                              169P    221
100,0.,0.,0.,-0.48989794855664,-1.15,-0.48989794855663,1.15;         171P    222
102,12,145,147,149,151,153,155,157,161,163,165,167,171;              173P    223
142,1,117,143,173,2;                                                 175P    224
144,117,1,0,175;                                                     177P    225
110,-0.20710678118655,11.,5.08,-0.20710678118655,11.,                179P    226
-994.92000000000007;                                                 179P    227
110,-0.70710678118655,11.,4.92730684291191,-0.70710678118655,        181P    228
11.,6.58;                                                            181P    229
120,179,181,0.,6.28318530717959;                                     183P    230
126,2,2,1,0,1,0,-3.14159265358979,-3.14159265358979,                 185P    231
-3.14159265358979,-2.74889357189106,-2.74889357189106,               185P    232
-2.74889357189106,1.,1.,1.,0.01978174650744,2.35619449019235,0.,     185P    233
0.01978174650744,2.16240777587327,0.,0.00596421471173,               185P    234
1.96349540849361,0.,-3.14159265358979,-2.74889357189106,0.,0.,       185P    235
1.;                                                                  185P    236
126,2,2,1,0,1,0,-3.53429173528851,-3.53429173528851,                 187P    237
-3.53429173528851,-3.1415926535898,-3.1415926535898,                 187P    238
-3.1415926535898,1.,1.,1.,0.00596421471173,1.96349540849361,0.,      187P    239
0.01978174650744,1.76458304111396,0.,0.01978174650744,               187P    240
1.5707963267949,0.,-3.53429173528851,-3.1415926535898,0.,0.,1.;      187P    241
126,1,1,1,0,1,0,-0.00012,-0.00012,0.0015,0.0015,1.,1.,               189P    242
0.01978174650744,1.5707963267949,0.,1.,1.5707963267949,0.,           189P    243
-0.00012,0.0015,0.,0.,1.;                                            189P    244
126,1,1,1,0,1,0,-1.57079632679489,-1.57079632679489,                 191P    245
-0.78539816339745,-0.78539816339745,1.,1.,1.,1.5707963267949,0.,     191P    246
1.,2.35619449019234,0.,-1.57079632679489,-0.78539816339745,0.,       191P    247
0.,1.;                                                               191P    248
126,1,1,1,0,1,0,-0.0015,-0.0015,0.00012,0.00012,1.,1.,1.,            193P    249
2.35619449019234,0.,0.01978174650744,2.35619449019234,0.,            193P    250
-0.0015,0.00012,0.,0.,1.;                                            193P    251
102,5,185,187,189,191,193;                                           195P    252
124,-0.60633906259083,0.70710678118655,-0.3638034375545,             197P    253
-0.20710678118655,-0.60633906259083,-0.70710678118655,               197P    254
-0.3638034375545,11.,-0.51449575542753,0.,0.85749292571254,4.66;     197P    255
104,0.00000000000025,0.,0.00000000000034,0.,0.,                      199P    256
-0.00000000000009,0.,-0.58309518948453,0.,-0.53870971107055,         199P    257
-0.19134171618255;                                                   199P    258
124,0.,1.,0.,-0.20710678118655,-0.85749292571254,0.,                 201P    259
-0.51449575542753,11.,-0.51449575542753,0.,0.85749292571254,         201P    260
4.66;                                                                201P    261
104,0.00000000000025,0.,0.00000000000034,0.,0.,                      203P    262
-0.00000000000009,0.,-0.53870971107055,0.19134171618254,             203P    263
-0.58309518948454,0.;                                                203P    264
110,-0.20710678118654,11.5,4.96,-0.20710678118654,11.5,6.58;         205P    265
124,1.,0.,0.,-0.20710678118655,0.,-1.,0.,11.,0.,0.,-1.,6.58;         207P    266
100,0.,0.,0.,0.,-0.5,0.35355339059328,-0.35355339059328;             209P    267
110,0.14644660940673,11.35355339059327,6.58,0.14644660940673,        211P    268
11.35355339059327,4.96;                                              211P    269
102,5,199,203,205,209,211;                                           213P    270
142,1,183,195,213,2;                                                 215P    271
144,183,1,0,215;                                                     217P    272
110,1.5,10.,3.81,-705.60678118654744,-697.10678118654778,3.81;       219P    273
110,0.61611652351682,10.88388347648318,3.81,0.43933982822018,        221P    274
10.35355339059327,3.81;                                              221P    275
120,219,221,0.,6.28318530717959;                                     223P    276
126,1,1,1,0,1,0,4.15757794740462,4.15757794740462,                   225P    277
6.28318530717959,6.28318530717959,1.,1.,1.,1.01598529381483,0.,      225P    278
1.,3.14159265358979,0.,4.15757794740462,6.28318530717959,0.,0.,      225P    279
1.;                                                                  225P    280
126,1,1,1,0,1,0,0.,0.,2.12560735977497,2.12560735977497,1.,1.,       227P    281
1.,3.14159265358979,0.,0.99999999999999,5.26720001336476,0.,0.,      227P    282
2.12560735977497,0.,0.,1.;                                           227P    283
126,2,2,1,0,1,0,4.76956298146535,4.76956298146535,                   229P    284
4.76956298146535,5.0929361720745,5.0929361720745,                    229P    285
5.0929361720745,1.,1.,1.,1.,5.26720001336476,0.,                     229P    286
0.60336018904236,5.20131708996402,0.,0.,5.11510482196535,0.,         229P    287
4.76956298146535,5.0929361720745,0.,0.,1.;                           229P    288
126,1,1,1,0,1,0,-8.25669747555514,-8.25669747555514,                 231P    289
-4.30967313880403,-4.30967313880403,1.,1.,0.,5.11510482196535,       231P    290
0.,0.,1.16808048521423,0.,-8.25669747555514,-4.30967313880403,       231P    291
0.,0.,1.;                                                            231P    292
126,2,2,1,0,1,0,1.19024913510508,1.19024913510508,                   233P    293
1.19024913510508,1.51362232571424,1.51362232571424,                  233P    294
1.51362232571424,1.,1.,1.,0.,1.16808048521423,0.,                    233P    295
0.60336018904233,1.08186821721556,0.,1.,1.01598529381482,0.,         233P    296
1.19024913510508,1.51362232571424,0.,0.,1.;                          233P    297
102,5,225,227,229,231,233;                                           235P    298
124,0.70710678118655,0.,-0.70710678118655,1.14644660940673,          237P    299
-0.70710678118655,0.,-0.70710678118655,9.64644660940673,0.,1.,       237P    300
0.,3.81;                                                             237P    301
100,0.,0.,0.,-0.52678268764264,-0.85,1.,-0.;                         239P    302
124,0.70710678118655,0.,-0.70710678118655,1.14644660940673,          241P    303
-0.70710678118655,0.,-0.70710678118655,9.64644660940673,0.,1.,       241P    304
0.,3.81;                                                             241P    305
100,0.,0.,0.,1.,0.,-0.52678268764264,0.85;                           243P    306
124,0.60633906259083,0.70710678118655,0.3638034375545,               245P    307
1.08216417475341,0.60633906259083,-0.70710678118655,                 245P    308
0.3638034375545,9.58216417475341,0.51449575542753,0.,                245P    309
-0.85749292571254,4.60545454545455;                                  245P    310
104,0.00000000000028,0.,0.00000000000344,0.,0.,                      247P    311
-0.00000000000096,0.,0.106017307179,-0.52678268764263,               247P    312
0.68911249666353,-0.48989794855663;                                  247P    313
124,0.70710678118655,0.,0.70710678118655,1.5,-0.70710678118655,      249P    314
0.,0.70710678118655,10.,0.,-1.,0.,3.81;                              249P    315
100,0.,0.,0.,-0.48989794855663,-1.15,-0.48989794855664,1.15;         251P    316
124,0.60633906259083,-0.70710678118655,0.3638034375545,              253P    317
1.08216417475341,0.60633906259083,0.70710678118655,                  253P    318
0.3638034375545,9.58216417475341,-0.51449575542753,0.,               253P    319
0.85749292571254,3.01454545454545;                                   253P    320
104,0.00000000000028,0.,0.00000000000344,0.,0.,                      255P    321
-0.00000000000096,0.,0.68911249666353,0.48989794855664,              255P    322
0.106017307179,0.52678268764264;                                     255P    323
102,5,239,243,247,251,255;                                           257P    324
142,1,223,235,257,2;                                                 259P    325
144,223,1,0,259;                                                     261P    326
110,-1.,11.,4.66,-1.,11.5,4.96;                                      263P    327
122,263,-0.00985965539403,11.,4.66;                                  265P    328
126,2,2,1,0,1,0,3.1415926535898,3.1415926535898,3.1415926535898,     267P    329
3.53429173528851,3.53429173528851,3.53429173528851,1.,1.,1.,1.,      267P    330
0.80078871963246,0.,1.,0.9012352717113,0.,0.92387953251129,          267P    331
0.99403578528827,0.,3.1415926535898,3.53429173528851,0.,0.,1.;       267P    332
126,1,1,1,0,1,0,0.00038180192365,0.00038180192365,                   269P    333
0.00095348348288,0.00095348348288,1.,1.,0.92387953251129,            269P    334
0.99403578528827,0.,0.,0.80078871963245,0.,0.00038180192365,         269P    335
0.00095348348288,0.,0.,1.;                                           269P    336
126,1,1,1,0,1,0,0.00120710678119,0.00120710678119,0.002,0.002,       271P    337
1.,1.,0.,0.80078871963245,0.,0.,0.,0.,0.00120710678119,0.002,0.,     271P    338
0.,1.;                                                               271P    339
126,1,1,1,0,1,0,-0.00058309518948,-0.00058309518948,0.,0.,1.,1.,     273P    340
0.,0.,0.,1.,0.,0.,-0.00058309518948,0.,0.,0.,1.;                     273P    341
126,1,1,1,0,1,0,-0.002,-0.002,-0.00120710678119,                     275P    342
-0.00120710678119,1.,1.,1.,0.,0.,1.,0.80078871963246,0.,-0.002,      275P    343
-0.00120710678119,0.,0.,1.;                                          275P    344
102,5,267,269,271,273,275;                                           277P    345
124,0.,-1.,0.,-0.20710678118655,-0.85749292571254,0.,                279P    346
0.51449575542753,11.,-0.51449575542753,0.,-0.85749292571254,         279P    347
4.66;                                                                279P    348
104,0.00000000000025,0.,0.00000000000034,0.,0.,                      281P    349
-0.00000000000009,0.,-0.58309518948454,-0.,-0.53870971107055,        281P    350
-0.19134171618254;                                                   281P    351
110,-0.015765065004,11.46193976625564,4.93716385975339,              283P    352
-0.20710678118655,11.,4.66;                                          283P    353
110,-0.20710678118655,11.,4.66,-1.,11.,4.66;                         285P    354
110,-1.,11.,4.66,-1.,11.5,4.96;                                      287P    355
110,-1.,11.5,4.96,-0.20710678118654,11.5,4.96;                       289P    356
102,5,281,283,285,287,289;                                           291P    357
142,1,265,277,291,2;                                                 293P    358
144,265,1,0,293;                                                     295P    359
110,-1.,11.5,2.66,-1.,11.,2.96;                                      297P    360
122,297,-0.00985965539403,11.5,2.66;                                 299P    361
126,1,1,1,0,1,0,-0.002,-0.002,-0.00120710678119,                     301P    362
-0.00120710678119,1.,1.,1.,0.,0.,1.,0.80078871963245,0.,-0.002,      301P    363
-0.00120710678119,0.,0.,1.;                                          301P    364
126,1,1,1,0,1,0,-0.00040401842495,-0.00040401842495,                 303P    365
0.00016766313427,0.00016766313427,1.,1.,1.,0.80078871963245,0.,      303P    366
0.07612046748871,0.99403578528827,0.,-0.00040401842495,              303P    367
0.00016766313427,0.,0.,1.;                                           303P    368
126,2,2,1,0,1,0,5.89048622548087,5.89048622548087,                   305P    369
5.89048622548087,6.28318530717958,6.28318530717958,                  305P    370
6.28318530717958,1.,1.,1.,0.07612046748871,0.99403578528827,0.,      305P    371
0.,0.9012352717113,0.,0.,0.80078871963246,0.,5.89048622548087,       305P    372
6.28318530717958,0.,0.,1.;                                           305P    373
126,1,1,1,0,1,0,0.00120710678119,0.00120710678119,0.002,0.002,       307P    374
1.,1.,0.,0.80078871963246,0.,0.,0.,0.,0.00120710678119,0.002,0.,     307P    375
0.,1.;                                                               307P    376
126,1,1,1,0,1,0,-0.00058309518948,-0.00058309518948,0.,0.,1.,1.,     309P    377
0.,0.,0.,1.,0.,0.,-0.00058309518948,0.,0.,0.,1.;                     309P    378
102,5,301,303,305,307,309;                                           311P    379
110,-1.,11.,2.96,-0.20710678118655,11.,2.96;                         313P    380
110,-0.20710678118655,11.,2.96,-0.015765065004,                      315P    381
11.46193976625564,2.68283614024661;                                  315P    382
124,0.,-1.,0.,-0.20710678118655,0.85749292571254,0.,                 317P    383
0.51449575542753,11.,-0.51449575542753,0.,0.85749292571254,2.96;     317P    384
104,0.00000000000025,0.,0.00000000000034,0.,0.,                      319P    385
-0.00000000000009,0.,0.53870971107055,-0.19134171618254,             319P    386
0.58309518948453,-0.;                                                319P    387
110,-0.20710678118654,11.5,2.66,-1.,11.5,2.66;                       321P    388
110,-1.,11.5,2.66,-1.,11.,2.96;                                      323P    389
102,5,313,315,319,321,323;                                           325P    390
142,1,299,311,325,2;                                                 327P    391
144,299,1,0,327;                                                     329P    392
110,0.77395499876295,9.66538482945724,4.66,-1.,9.66538482945724,     331P    393
4.66;                                                                331P    394
122,331,0.77395499876295,11.,4.66;                                   333P    395
126,1,1,1,0,1,0,-0.002,-0.002,-0.00120710678119,                     335P    396
-0.00120710678119,1.,1.,1.,1.,0.,0.55303645280384,1.,0.,-0.002,      335P    397
-0.00120710678119,0.,0.,1.;                                          335P    398
126,1,1,1,0,1,0,0.00108580303803,0.00108580303803,                   337P    399
0.00247323391276,0.00247323391276,1.,1.,0.55303645280384,1.,0.,      337P    400
0.,0.26491036397367,0.,0.00108580303803,0.00247323391276,0.,0.,      337P    401
1.;                                                                  337P    402
126,1,1,1,0,1,0,-0.0005,-0.0005,-0.,-0.,1.,1.,0.,                    339P    403
0.26491036397368,0.,0.19930234467042,0.,0.,-0.0005,-0.,0.,0.,1.;     339P    404
126,1,1,1,0,1,0,-0.00047321731236,-0.00047321731236,0.,0.,1.,1.,     341P    405
0.19930234467042,0.,0.,0.38792898445334,0.25072034091047,0.,         341P    406
-0.00047321731236,0.,0.,0.,1.;                                       341P    407
126,1,1,1,0,1,0,0.00091421356237,0.00091421356237,0.002,0.002,       343P    408
1.,1.,0.38792898445334,0.25072034091047,0.,1.,0.25072034091047,      343P    409
0.,0.00091421356237,0.002,0.,0.,1.;                                  343P    410
126,1,1,1,0,1,0,-0.001,-0.001,0.,0.,1.,1.,1.,0.25072034091047,       345P    411
0.,1.,1.,0.,-0.001,0.,0.,0.,1.;                                      345P    412
102,6,335,337,339,341,343,345;                                       347P    413
110,-1.,11.,4.66,-0.20710678118655,11.,4.66;                         349P    414
110,-0.20710678118655,11.,4.66,0.77395499876294,                     351P    415
10.01893822005051,4.66;                                              351P    416
110,0.77395499876295,10.01893822005051,4.66,0.42040160816967,        353P    417
9.66538482945723,4.66;                                               353P    418
110,0.42040160816967,9.66538482945724,4.66,0.08578643762691,10.,     355P    419
4.66;                                                                355P    420
110,0.08578643762691,10.,4.66,-1.,10.,4.66;                          357P    421
110,-1.,10.,4.66,-1.,11.,4.66;                                       359P    422
102,6,349,351,353,355,357,359;                                       361P    423
142,1,333,347,361,2;                                                 363P    424
144,333,1,0,363;                                                     365P    425
110,-1.,9.66538482945723,2.96,0.77395499876294,9.66538482945723,     367P    426
2.96;                                                                367P    427
122,367,-1.,11.,2.96;                                                369P    428
126,1,1,1,0,1,0,0.,0.,0.0005,0.0005,1.,1.,0.80069765532958,0.,       371P    429
0.,1.,0.26491036397368,0.,0.,0.0005,0.,0.,1.;                        371P    430
126,1,1,1,0,1,0,0.00017322929705,0.00017322929705,                   373P    431
0.00156066017178,0.00156066017178,1.,1.,1.,0.26491036397368,0.,      373P    432
0.44696354719616,1.,0.,0.00017322929705,0.00156066017178,0.,0.,      373P    433
1.;                                                                  373P    434
126,1,1,1,0,1,0,0.00120710678119,0.00120710678119,0.002,0.002,       375P    435
1.,1.,0.44696354719616,1.,0.,0.,1.,0.,0.00120710678119,0.002,0.,     375P    436
0.,1.;                                                               375P    437
126,1,1,1,0,1,0,-0.001,-0.001,0.,0.,1.,1.,0.,1.,0.,0.,               377P    438
0.25072034091047,0.,-0.001,0.,0.,0.,1.;                              377P    439
126,1,1,1,0,1,0,-0.002,-0.002,-0.00091421356237,                     379P    440
-0.00091421356237,1.,1.,0.,0.25072034091047,0.,0.61207101554666,     379P    441
0.25072034091047,0.,-0.002,-0.00091421356237,0.,0.,1.;               379P    442
126,1,1,1,0,1,0,-0.,-0.,0.00047321731236,0.00047321731236,1.,1.,     381P    443
0.61207101554666,0.25072034091047,0.,0.80069765532958,0.,0.,-0.,     381P    444
0.00047321731236,0.,0.,1.;                                           381P    445
102,6,371,373,375,377,379,381;                                       383P    446
110,0.42040160816967,9.66538482945724,2.96,0.77395499876294,         385P    447
10.01893822005051,2.96;                                              385P    448
110,0.77395499876294,10.01893822005051,2.96,-0.20710678118655,       387P    449
11.,2.96;                                                            387P    450
110,-0.20710678118655,11.,2.96,-1.,11.,2.96;                         389P    451
110,-1.,11.,2.96,-1.,10.,2.96;                                       391P    452
110,-1.,10.,2.96,0.08578643762691,10.,2.96;                          393P    453
110,0.08578643762691,10.,2.96,0.42040160816967,9.66538482945723,     395P    454
2.96;                                                                395P    455
102,6,385,387,389,391,393,395;                                       397P    456
142,1,369,383,397,2;                                                 399P    457
144,369,1,0,399;                                                     401P    458
110,-0.20710678118655,11.,5.08,-0.20710678118655,11.,                403P    459
-994.92000000000007;                                                 403P    460
110,-0.70710678118655,11.,0.,-0.70710678118655,11.,                  405P    461
0.14369315708809;                                                    405P    462
120,403,405,0.,6.28318530717959;                                     407P    463
126,2,2,1,0,1,0,-0.39269908169873,-0.39269908169873,                 409P    464
-0.39269908169873,0.,0.,0.,1.,1.,1.,0.99403578528828,                409P    465
1.96349540849361,0.,0.83511283648971,2.16240777587327,0.,            409P    466
0.83511283648971,2.35619449019235,0.,-0.39269908169873,0.,0.,0.,     409P    467
1.;                                                                  409P    468
126,1,1,1,0,1,0,0.00496,0.00496,0.00508,0.00508,1.,1.,               411P    469
0.83511283648971,2.35619449019234,0.,0.,2.35619449019234,0.,         411P    470
0.00496,0.00508,0.,0.,1.;                                            411P    471
126,1,1,1,0,1,0,0.78539816339745,0.78539816339745,                   413P    472
1.57079632679489,1.57079632679489,1.,1.,0.,2.35619449019234,0.,      413P    473
0.,1.5707963267949,0.,0.78539816339745,1.57079632679489,0.,0.,       413P    474
1.;                                                                  413P    475
126,1,1,1,0,1,0,-0.00508,-0.00508,-0.00496,-0.00496,1.,1.,0.,        415P    476
1.5707963267949,0.,0.83511283648972,1.5707963267949,0.,-0.00508,     415P    477
-0.00496,0.,0.,1.;                                                   415P    478
126,2,2,1,0,1,0,-6.28318530717958,-6.28318530717958,                 417P    479
-6.28318530717958,-5.89048622548087,-5.89048622548087,               417P    480
-5.89048622548087,1.,1.,1.,0.83511283648973,1.5707963267949,0.,      417P    481
0.83511283648973,1.76458304111396,0.,0.99403578528828,               417P    482
1.96349540849361,0.,-6.28318530717958,-5.89048622548087,0.,0.,       417P    483
1.;                                                                  417P    484
102,5,409,411,413,415,417;                                           419P    485
124,0.60633906259083,0.70710678118655,-0.3638034375545,              421P    486
-0.20710678118655,0.60633906259083,-0.70710678118655,                421P    487
-0.3638034375545,11.,-0.51449575542753,0.,-0.85749292571254,         421P    488
0.42;                                                                421P    489
104,0.00000000000025,0.,0.00000000000034,0.,0.,                      423P    490
-0.00000000000009,0.,0.53870971107055,-0.19134171618255,             423P    491
0.58309518948453,0.;                                                 423P    492
110,0.14644660940673,11.35355339059327,0.12,0.14644660940673,        425P    493
11.35355339059327,0.;                                                425P    494
124,1.,0.,0.,-0.20710678118655,0.,1.,0.,11.,0.,0.,1.,0.;             427P    495
100,0.,0.,0.,0.35355339059328,0.35355339059328,0.,0.5;               429P    496
110,-0.20710678118654,11.5,0.,-0.20710678118654,11.5,0.12;           431P    497
124,0.,1.,0.,-0.20710678118655,0.85749292571254,0.,                  433P    498
-0.51449575542753,11.,-0.51449575542753,0.,-0.85749292571254,        433P    499
0.42;                                                                433P    500
104,0.00000000000025,0.,0.00000000000034,0.,0.,                      435P    501
-0.00000000000009,0.,0.58309518948453,0.,0.53870971107055,           435P    502
0.19134171618254;                                                    435P    503
102,5,423,425,429,431,435;                                           437P    504
142,1,407,419,437,2;                                                 439P    505
144,407,1,0,439;                                                     441P    506
110,1.5,10.,1.27,-705.60678118654744,-697.10678118654778,1.27;       443P    507
110,0.61611652351682,10.88388347648318,1.27,0.43933982822018,        445P    508
10.35355339059327,1.27;                                              445P    509
120,443,445,0.,6.28318530717959;                                     447P    510
126,1,1,1,0,1,0,4.15757794740462,4.15757794740462,                   449P    511
6.28318530717959,6.28318530717959,1.,1.,1.,1.01598529381483,0.,      449P    512
1.,3.14159265358979,0.,4.15757794740462,6.28318530717959,0.,0.,      449P    513
1.;                                                                  449P    514
126,1,1,1,0,1,0,0.,0.,2.12560735977497,2.12560735977497,1.,1.,       451P    515
1.,3.14159265358979,0.,0.99999999999999,5.26720001336476,0.,0.,      451P    516
2.12560735977497,0.,0.,1.;                                           451P    517
126,2,2,1,0,1,0,4.76956298146535,4.76956298146535,                   453P    518
4.76956298146535,5.0929361720745,5.0929361720745,                    453P    519
5.0929361720745,1.,1.,1.,1.,5.26720001336476,0.,                     453P    520
0.60336018904238,5.20131708996403,0.,-0.,5.11510482196535,0.,        453P    521
4.76956298146535,5.0929361720745,0.,0.,1.;                           453P    522
126,1,1,1,0,1,0,-8.25669747555514,-8.25669747555514,                 455P    523
-4.30967313880403,-4.30967313880403,1.,1.,-0.,5.11510482196535,      455P    524
0.,-0.,1.16808048521423,0.,-8.25669747555514,-4.30967313880403,      455P    525
0.,0.,1.;                                                            455P    526
126,2,2,1,0,1,0,1.19024913510508,1.19024913510508,                   457P    527
1.19024913510508,1.51362232571424,1.51362232571424,                  457P    528
1.51362232571424,1.,1.,1.,-0.,1.16808048521423,0.,                   457P    529
0.60336018904237,1.08186821721556,0.,1.,1.01598529381483,0.,         457P    530
1.19024913510508,1.51362232571424,0.,0.,1.;                          457P    531
102,5,449,451,453,455,457;                                           459P    532
124,0.70710678118655,0.,-0.70710678118655,1.14644660940673,          461P    533
-0.70710678118655,0.,-0.70710678118655,9.64644660940673,0.,1.,       461P    534
0.,1.27;                                                             461P    535
100,0.,0.,0.,-0.52678268764264,-0.85,1.,-0.;                         463P    536
124,0.70710678118655,0.,-0.70710678118655,1.14644660940673,          465P    537
-0.70710678118655,0.,-0.70710678118655,9.64644660940673,0.,1.,       465P    538
0.,1.27;                                                             465P    539
100,0.,0.,0.,1.,0.,-0.52678268764264,0.85;                           467P    540
124,0.60633906259083,0.70710678118655,0.3638034375545,               469P    541
1.08216417475341,0.60633906259083,-0.70710678118655,                 469P    542
0.3638034375545,9.58216417475341,0.51449575542753,0.,                469P    543
-0.85749292571254,2.06545454545455;                                  469P    544
104,0.00000000000028,0.,0.00000000000344,0.,0.,                      471P    545
-0.00000000000096,0.,0.106017307179,-0.52678268764263,               471P    546
0.68911249666352,-0.48989794855663;                                  471P    547
124,0.70710678118655,0.,0.70710678118655,1.5,-0.70710678118655,      473P    548
0.,0.70710678118655,10.,0.,-1.,0.,1.27;                              473P    549
100,0.,0.,0.,-0.48989794855663,-1.15,-0.48989794855664,1.15;         475P    550
124,0.60633906259083,-0.70710678118655,0.3638034375545,              477P    551
1.08216417475341,0.60633906259083,0.70710678118655,                  477P    552
0.3638034375545,9.58216417475341,-0.51449575542753,0.,               477P    553
0.85749292571254,0.47454545454545;                                   477P    554
104,0.00000000000028,0.,0.00000000000344,0.,0.,                      479P    555
-0.00000000000096,0.,0.68911249666353,0.48989794855664,              479P    556
0.106017307179,0.52678268764264;                                     479P    557
102,5,463,467,471,475,479;                                           481P    558
142,1,447,459,481,2;                                                 483P    559
144,447,1,0,483;                                                     485P    560
110,-1.,11.,2.12,-1.,11.5,2.42;                                      487P    561
122,487,-0.00985965539403,11.,2.12;                                  489P    562
126,2,2,1,0,1,0,3.1415926535898,3.1415926535898,3.1415926535898,     491P    563
3.53429173528851,3.53429173528851,3.53429173528851,1.,1.,1.,1.,      491P    564
0.80078871963246,0.,1.,0.9012352717113,0.,0.92387953251129,          491P    565
0.99403578528827,0.,3.1415926535898,3.53429173528851,0.,0.,1.;       491P    566
126,1,1,1,0,1,0,0.00038180192365,0.00038180192365,                   493P    567
0.00095348348288,0.00095348348288,1.,1.,0.92387953251129,            493P    568
0.99403578528827,0.,0.,0.80078871963245,0.,0.00038180192365,         493P    569
0.00095348348288,0.,0.,1.;                                           493P    570
126,1,1,1,0,1,0,0.00120710678119,0.00120710678119,0.002,0.002,       495P    571
1.,1.,0.,0.80078871963245,0.,0.,0.,0.,0.00120710678119,0.002,0.,     495P    572
0.,1.;                                                               495P    573
126,1,1,1,0,1,0,-0.00058309518948,-0.00058309518948,0.,0.,1.,1.,     497P    574
0.,0.,0.,1.,0.,0.,-0.00058309518948,0.,0.,0.,1.;                     497P    575
126,1,1,1,0,1,0,-0.002,-0.002,-0.00120710678119,                     499P    576
-0.00120710678119,1.,1.,1.,0.,0.,1.,0.80078871963246,0.,-0.002,      499P    577
-0.00120710678119,0.,0.,1.;                                          499P    578
102,5,491,493,495,497,499;                                           501P    579
124,0.,-1.,0.,-0.20710678118655,-0.85749292571254,0.,                503P    580
0.51449575542753,11.,-0.51449575542753,0.,-0.85749292571254,         503P    581
2.12;                                                                503P    582
104,0.00000000000025,0.,0.00000000000034,0.,0.,                      505P    583
-0.00000000000009,0.,-0.58309518948453,-0.,-0.53870971107055,        505P    584
-0.19134171618254;                                                   505P    585
110,-0.015765065004,11.46193976625564,2.39716385975339,              507P    586
-0.20710678118655,11.,2.12;                                          507P    587
110,-0.20710678118655,11.,2.12,-1.,11.,2.12;                         509P    588
110,-1.,11.,2.12,-1.,11.5,2.42;                                      511P    589
110,-1.,11.5,2.42,-0.20710678118654,11.5,2.42;                       513P    590
102,5,505,507,509,511,513;                                           515P    591
142,1,489,501,515,2;                                                 517P    592
144,489,1,0,517;                                                     519P    593
110,-1.,11.5,0.12,-1.,11.,0.42;                                      521P    594
122,521,-0.00985965539403,11.5,0.12;                                 523P    595
126,1,1,1,0,1,0,-0.002,-0.002,-0.00120710678119,                     525P    596
-0.00120710678119,1.,1.,1.,0.,0.,1.,0.80078871963245,0.,-0.002,      525P    597
-0.00120710678119,0.,0.,1.;                                          525P    598
126,1,1,1,0,1,0,-0.00040401842495,-0.00040401842495,                 527P    599
0.00016766313427,0.00016766313427,1.,1.,1.,0.80078871963245,0.,      527P    600
0.07612046748871,0.99403578528827,0.,-0.00040401842495,              527P    601
0.00016766313427,0.,0.,1.;                                           527P    602
126,2,2,1,0,1,0,5.89048622548087,5.89048622548087,                   529P    603
5.89048622548087,6.28318530717958,6.28318530717958,                  529P    604
6.28318530717958,1.,1.,1.,0.07612046748871,0.99403578528827,0.,      529P    605
0.,0.9012352717113,0.,0.,0.80078871963246,0.,5.89048622548087,       529P    606
6.28318530717958,0.,0.,1.;                                           529P    607
126,1,1,1,0,1,0,0.00120710678119,0.00120710678119,0.002,0.002,       531P    608
1.,1.,0.,0.80078871963246,0.,0.,0.,0.,0.00120710678119,0.002,0.,     531P    609
0.,1.;                                                               531P    610
126,1,1,1,0,1,0,-0.00058309518948,-0.00058309518948,0.,0.,1.,1.,     533P    611
0.,0.,0.,1.,0.,0.,-0.00058309518948,0.,0.,0.,1.;                     533P    612
102,5,525,527,529,531,533;                                           535P    613
110,-1.,11.,0.42,-0.20710678118655,11.,0.42;                         537P    614
110,-0.20710678118655,11.,0.42,-0.015765065004,                      539P    615
11.46193976625564,0.14283614024661;                                  539P    616
124,0.,-1.,0.,-0.20710678118655,0.85749292571254,0.,                 541P    617
0.51449575542753,11.,-0.51449575542753,0.,0.85749292571254,0.42;     541P    618
104,0.00000000000025,0.,0.00000000000034,0.,0.,                      543P    619
-0.00000000000009,0.,0.53870971107055,-0.19134171618254,             543P    620
0.58309518948453,-0.;                                                543P    621
110,-0.20710678118654,11.5,0.12,-1.,11.5,0.12;                       545P    622
110,-1.,11.5,0.12,-1.,11.,0.42;                                      547P    623
102,5,537,539,543,545,547;                                           549P    624
142,1,523,535,549,2;                                                 551P    625
144,523,1,0,551;                                                     553P    626
110,0.77395499876295,9.66538482945723,2.12,-1.,9.66538482945723,     555P    627
2.12;                                                                555P    628
122,555,0.77395499876295,11.,2.12;                                   557P    629
126,1,1,1,0,1,0,-0.002,-0.002,-0.00120710678119,                     559P    630
-0.00120710678119,1.,1.,1.,1.,0.,0.55303645280384,1.,0.,-0.002,      559P    631
-0.00120710678119,0.,0.,1.;                                          559P    632
126,1,1,1,0,1,0,0.00108580303803,0.00108580303803,                   561P    633
0.00247323391276,0.00247323391276,1.,1.,0.55303645280384,1.,0.,      561P    634
0.,0.26491036397368,0.,0.00108580303803,0.00247323391276,0.,0.,      561P    635
1.;                                                                  561P    636
126,1,1,1,0,1,0,-0.0005,-0.0005,-0.,-0.,1.,1.,0.,                    563P    637
0.26491036397368,0.,0.19930234467042,0.,0.,-0.0005,-0.,0.,0.,1.;     563P    638
126,1,1,1,0,1,0,-0.00047321731236,-0.00047321731236,0.,0.,1.,1.,     565P    639
0.19930234467042,0.,0.,0.38792898445334,0.25072034091047,0.,         565P    640
-0.00047321731236,0.,0.,0.,1.;                                       565P    641
126,1,1,1,0,1,0,0.00091421356237,0.00091421356237,0.002,0.002,       567P    642
1.,1.,0.38792898445334,0.25072034091047,0.,1.,0.25072034091047,      567P    643
0.,0.00091421356237,0.002,0.,0.,1.;                                  567P    644
126,1,1,1,0,1,0,-0.001,-0.001,0.,0.,1.,1.,1.,0.25072034091047,       569P    645
0.,1.,1.,0.,-0.001,0.,0.,0.,1.;                                      569P    646
102,6,559,561,563,565,567,569;                                       571P    647
110,-1.,11.,2.12,-0.20710678118655,11.,2.12;                         573P    648
110,-0.20710678118655,11.,2.12,0.77395499876294,                     575P    649
10.01893822005051,2.12;                                              575P    650
110,0.77395499876295,10.01893822005051,2.12,0.42040160816967,        577P    651
9.66538482945723,2.12;                                               577P    652
110,0.42040160816967,9.66538482945723,2.12,0.08578643762691,10.,     579P    653
2.12;                                                                579P    654
110,0.08578643762691,10.,2.12,-1.,10.,2.12;                          581P    655
110,-1.,10.,2.12,-1.,11.,2.12;                                       583P    656
102,6,573,575,577,579,581,583;                                       585P    657
142,1,557,571,585,2;                                                 587P    658
144,557,1,0,587;                                                     589P    659
110,-1.,9.66538482945723,0.42,0.77395499876294,9.66538482945723,     591P    660
0.42;                                                                591P    661
122,591,-1.,11.,0.42;                                                593P    662
126,1,1,1,0,1,0,0.,0.,0.0005,0.0005,1.,1.,0.80069765532958,0.,       595P    663
0.,1.,0.26491036397368,0.,0.,0.0005,0.,0.,1.;                        595P    664
126,1,1,1,0,1,0,0.00017322929705,0.00017322929705,                   597P    665
0.00156066017178,0.00156066017178,1.,1.,1.,0.26491036397368,0.,      597P    666
0.44696354719616,1.,0.,0.00017322929705,0.00156066017178,0.,0.,      597P    667
1.;                                                                  597P    668
126,1,1,1,0,1,0,0.00120710678119,0.00120710678119,0.002,0.002,       599P    669
1.,1.,0.44696354719616,1.,0.,0.,1.,0.,0.00120710678119,0.002,0.,     599P    670
0.,1.;                                                               599P    671
126,1,1,1,0,1,0,-0.001,-0.001,0.,0.,1.,1.,0.,1.,0.,0.,               601P    672
0.25072034091047,0.,-0.001,0.,0.,0.,1.;                              601P    673
126,1,1,1,0,1,0,-0.002,-0.002,-0.00091421356237,                     603P    674
-0.00091421356237,1.,1.,0.,0.25072034091047,0.,0.61207101554666,     603P    675
0.25072034091047,0.,-0.002,-0.00091421356237,0.,0.,1.;               603P    676
126,1,1,1,0,1,0,-0.,-0.,0.00047321731236,0.00047321731236,1.,1.,     605P    677
0.61207101554666,0.25072034091047,0.,0.80069765532958,0.,0.,-0.,     605P    678
0.00047321731236,0.,0.,1.;                                           605P    679
102,6,595,597,599,601,603,605;                                       607P    680
110,0.42040160816967,9.66538482945723,0.42,0.77395499876294,         609P    681
10.01893822005051,0.42;                                              609P    682
110,0.77395499876294,10.01893822005051,0.42,-0.20710678118655,       611P    683
11.,0.42;                                                            611P    684
110,-0.20710678118655,11.,0.42,-1.,11.,0.42;                         613P    685
110,-1.,11.,0.42,-1.,10.,0.42;                                       615P    686
110,-1.,10.,0.42,0.08578643762691,10.,0.42;                          617P    687
110,0.08578643762691,10.,0.42,0.42040160816967,9.66538482945723,     619P    688
0.42;                                                                619P    689
102,6,609,611,613,615,617,619;                                       621P    690
142,1,593,607,621,2;                                                 623P    691
144,593,1,0,623;                                                     625P    692
110,-4.7,13.1,4.3255,-5.3,12.5,4.3255;                               627P    693
122,627,-4.7,13.1,5.08;                                              629P    694
126,1,1,1,0,1,0,-0.00020677728509,-0.00020677728509,                 631P    695
0.00065684696023,0.00065684696023,1.,1.,0.,0.21904508344423,0.,      631P    696
1.,0.00596421471173,0.,-0.00020677728509,0.00065684696023,0.,0.,     631P    697
1.;                                                                  631P    698
126,1,1,1,0,1,0,0.00095,0.00095,0.0017,0.0017,1.,1.,1.,              633P    699
0.00596421471173,0.,1.,1.,0.,0.00095,0.0017,0.,0.,1.;                633P    700
126,1,1,1,0,1,0,-0.00084852813742,-0.00084852813742,0.,0.,1.,1.,     635P    701
1.,1.,0.,0.,1.,0.,-0.00084852813742,0.,0.,0.,1.;                     635P    702
126,1,1,1,0,1,0,-0.0017,-0.0017,-0.00111076951546,                   637P    703
-0.00111076951546,1.,1.,0.,1.,0.,0.,0.21904508344423,0.,-0.0017,     637P    704
-0.00111076951546,0.,0.,1.;                                          637P    705
102,4,631,633,635,637;                                               639P    706
110,-4.7,13.1,4.49076951545867,-5.3,12.5,4.33;                       641P    707
110,-5.3,12.5,4.33,-5.3,12.5,5.08;                                   643P    708
110,-5.3,12.5,5.08,-4.7,13.1,5.08;                                   645P    709
110,-4.7,13.1,5.08,-4.7,13.1,4.49076951545867;                       647P    710
102,4,641,643,645,647;                                               649P    711
142,1,629,639,649,2;                                                 651P    712
144,629,1,0,651;                                                     653P    713
110,-2.9,12.7,3.38,-2.9,12.7,1003.37999999999988;                    655P    714
110,-2.5,12.7,5.08,-2.5,12.7,4.37941137751714;                       657P    715
120,655,657,0.,6.28318530717959;                                     659P    716
126,4,2,1,0,1,0,4.7123889803847,4.7123889803847,4.7123889803847,     661P    717
5.49778714378214,5.49778714378214,6.28318530717957,                  661P    718
6.28318530717957,6.28318530717957,1.,1.,1.,1.,1.,                    661P    719
0.99403578528827,0.,0.,0.9147749794553,0.51809466443603,0.,          661P    720
0.88585892662903,0.78539816339744,0.,0.84105060463745,               661P    721
1.19961172577054,0.,0.84105060463745,1.57079632679488,0.,            661P    722
4.7123889803847,6.28318530717957,0.,0.,1.;                           661P    723
126,1,1,1,0,1,0,0.00111076951546,0.00111076951546,0.0017,0.0017,     663P    724
1.,1.,0.84105060463745,1.57079632679488,0.,0.,1.57079632679488,      663P    725
0.,0.00111076951546,0.0017,0.,0.,1.;                                 663P    726
126,1,1,1,0,1,0,-1.57079632679488,-1.57079632679488,                 665P    727
-0.00000000000001,-0.00000000000001,1.,1.,0.,1.57079632679488,       665P    728
0.,0.,0.,0.,-1.57079632679488,-0.00000000000001,0.,0.,1.;            665P    729
126,1,1,1,0,1,0,-0.0017,-0.0017,-0.00100358983849,                   667P    730
-0.00100358983849,1.,1.,0.,0.,0.,0.99403578528827,0.,0.,-0.0017,     667P    731
-0.00100358983849,0.,0.,1.;                                          667P    732
102,4,661,663,665,667;                                               669P    733
124,0.,-1.,0.,-2.9,0.96592582628907,0.,-0.25881904510252,12.7,       671P    734
0.25881904510252,0.,0.96592582628907,4.38358983848622;               671P    735
104,0.00000000000016,0.,0.00000000000017,0.,0.,                      673P    736
-0.00000000000003,0.,0.,-0.4,0.41411047216404,-0.00000000000001;     673P    737
110,-2.9,13.1,4.49076951545867,-2.9,13.1,5.08;                       675P    738
124,1.,0.,0.,-2.9,0.,-1.,0.,12.7,0.,0.,-1.,5.08;                     677P    739
100,0.,0.,0.,0.00000000000001,-0.4,0.4,-0.;                          679P    740
110,-2.5,12.7,5.08,-2.5,12.7,4.38358983848623;                       681P    741
102,4,673,675,679,681;                                               683P    742
142,1,659,669,683,2;                                                 685P    743
144,659,1,0,685;                                                     687P    744
110,-4.7,13.1,4.49076951545867,-4.7,13.1,5.08;                       689P    745
122,689,-2.9,13.1,4.49076951545867;                                  691P    746
126,1,1,1,0,1,0,0.,0.,0.0018,0.0018,1.,1.,0.,1.,0.,0.,0.,0.,0.,      693P    747
0.0018,0.,0.,1.;                                                     693P    748
126,1,1,1,0,1,0,0.00111076951546,0.00111076951546,0.0017,0.0017,     695P    749
1.,1.,0.,0.,0.,1.,0.,0.,0.00111076951546,0.0017,0.,0.,1.;            695P    750
126,1,1,1,0,1,0,-0.0018,-0.0018,0.,0.,1.,1.,1.,0.,0.,1.,1.,0.,       697P    751
-0.0018,0.,0.,0.,1.;                                                 697P    752
126,1,1,1,0,1,0,-0.0017,-0.0017,-0.00111076951546,                   699P    753
-0.00111076951546,1.,1.,1.,1.,0.,0.,1.,0.,-0.0017,                   699P    754
-0.00111076951546,0.,0.,1.;                                          699P    755
102,4,693,695,697,699;                                               701P    756
110,-2.9,13.1,4.49076951545867,-4.7,13.1,4.49076951545867;           703P    757
110,-4.7,13.1,4.49076951545867,-4.7,13.1,5.08;                       705P    758
110,-4.7,13.1,5.08,-2.9,13.1,5.08;                                   707P    759
110,-2.9,13.1,5.08,-2.9,13.1,4.49076951545867;                       709P    760
102,4,703,705,707,709;                                               711P    761
142,1,691,701,711,2;                                                 713P    762
144,691,1,0,713;                                                     715P    763
110,-4.7,13.1,1.7855,-5.3,12.5,1.7855;                               717P    764
122,717,-4.7,13.1,2.54;                                              719P    765
126,1,1,1,0,1,0,-0.00020677728509,-0.00020677728509,                 721P    766
0.00065684696023,0.00065684696023,1.,1.,0.,0.21904508344423,0.,      721P    767
1.,0.00596421471173,0.,-0.00020677728509,0.00065684696023,0.,0.,     721P    768
1.;                                                                  721P    769
126,1,1,1,0,1,0,0.00095,0.00095,0.0017,0.0017,1.,1.,1.,              723P    770
0.00596421471173,0.,1.,1.,0.,0.00095,0.0017,0.,0.,1.;                723P    771
126,1,1,1,0,1,0,-0.00084852813742,-0.00084852813742,0.,0.,1.,1.,     725P    772
1.,1.,0.,0.,1.,0.,-0.00084852813742,0.,0.,0.,1.;                     725P    773
126,1,1,1,0,1,0,-0.0017,-0.0017,-0.00111076951546,                   727P    774
-0.00111076951546,1.,1.,0.,1.,0.,0.,0.21904508344423,0.,-0.0017,     727P    775
-0.00111076951546,0.,0.,1.;                                          727P    776
102,4,721,723,725,727;                                               729P    777
110,-4.7,13.1,1.95076951545867,-5.3,12.5,1.79;                       731P    778
110,-5.3,12.5,1.79,-5.3,12.5,2.54;                                   733P    779
110,-5.3,12.5,2.54,-4.7,13.1,2.54;                                   735P    780
110,-4.7,13.1,2.54,-4.7,13.1,1.95076951545867;                       737P    781
102,4,731,733,735,737;                                               739P    782
142,1,719,729,739,2;                                                 741P    783
144,719,1,0,741;                                                     743P    784
110,-2.9,12.7,0.84,-2.9,12.7,1000.83999999999992;                    745P    785
110,-2.5,12.7,2.54,-2.5,12.7,1.83941137751714;                       747P    786
120,745,747,0.,6.28318530717959;                                     749P    787
126,4,2,1,0,1,0,4.7123889803847,4.7123889803847,4.7123889803847,     751P    788
5.49778714378214,5.49778714378214,6.28318530717957,                  751P    789
6.28318530717957,6.28318530717957,1.,1.,1.,1.,1.,                    751P    790
0.99403578528827,0.,0.,0.9147749794553,0.51809466443603,0.,          751P    791
0.88585892662903,0.78539816339744,0.,0.84105060463745,               751P    792
1.19961172577054,0.,0.84105060463745,1.57079632679488,0.,            751P    793
4.7123889803847,6.28318530717957,0.,0.,1.;                           751P    794
126,1,1,1,0,1,0,0.00111076951546,0.00111076951546,0.0017,0.0017,     753P    795
1.,1.,0.84105060463745,1.57079632679488,0.,0.,1.57079632679488,      753P    796
0.,0.00111076951546,0.0017,0.,0.,1.;                                 753P    797
126,1,1,1,0,1,0,-1.57079632679488,-1.57079632679488,                 755P    798
-0.00000000000001,-0.00000000000001,1.,1.,0.,1.57079632679488,       755P    799
0.,0.,0.,0.,-1.57079632679488,-0.00000000000001,0.,0.,1.;            755P    800
126,1,1,1,0,1,0,-0.0017,-0.0017,-0.00100358983849,                   757P    801
-0.00100358983849,1.,1.,0.,0.,0.,0.99403578528827,0.,0.,-0.0017,     757P    802
-0.00100358983849,0.,0.,1.;                                          757P    803
102,4,751,753,755,757;                                               759P    804
124,0.,-1.,0.,-2.9,0.96592582628907,0.,-0.25881904510252,12.7,       761P    805
0.25881904510252,0.,0.96592582628907,1.84358983848622;               761P    806
104,0.00000000000016,0.,0.00000000000017,0.,0.,                      763P    807
-0.00000000000003,0.,0.,-0.4,0.41411047216404,-0.00000000000001;     763P    808
110,-2.9,13.1,1.95076951545867,-2.9,13.1,2.54;                       765P    809
124,1.,0.,0.,-2.9,0.,-1.,0.,12.7,0.,0.,-1.,2.54;                     767P    810
100,0.,0.,0.,0.00000000000001,-0.4,0.4,-0.;                          769P    811
110,-2.5,12.7,2.54,-2.5,12.7,1.84358983848622;                       771P    812
102,4,763,765,769,771;                                               773P    813
142,1,749,759,773,2;                                                 775P    814
144,749,1,0,775;                                                     777P    815
110,-4.7,13.1,1.95076951545867,-4.7,13.1,2.54;                       779P    816
122,779,-2.9,13.1,1.95076951545867;                                  781P    817
126,1,1,1,0,1,0,0.,0.,0.0018,0.0018,1.,1.,0.,1.,0.,0.,0.,0.,0.,      783P    818
0.0018,0.,0.,1.;                                                     783P    819
126,1,1,1,0,1,0,0.00111076951546,0.00111076951546,0.0017,0.0017,     785P    820
1.,1.,0.,0.,0.,1.,0.,0.,0.00111076951546,0.0017,0.,0.,1.;            785P    821
126,1,1,1,0,1,0,-0.0018,-0.0018,0.,0.,1.,1.,1.,0.,0.,1.,1.,0.,       787P    822
-0.0018,0.,0.,0.,1.;                                                 787P    823
126,1,1,1,0,1,0,-0.0017,-0.0017,-0.00111076951546,                   789P    824
-0.00111076951546,1.,1.,1.,1.,0.,0.,1.,0.,-0.0017,                   789P    825
-0.00111076951546,0.,0.,1.;                                          789P    826
102,4,783,785,787,789;                                               791P    827
110,-2.9,13.1,1.95076951545867,-4.7,13.1,1.95076951545867;           793P    828
110,-4.7,13.1,1.95076951545867,-4.7,13.1,2.54;                       795P    829
110,-4.7,13.1,2.54,-2.9,13.1,2.54;                                   797P    830
110,-2.9,13.1,2.54,-2.9,13.1,1.95076951545867;                       799P    831
102,4,793,795,797,799;                                               801P    832
142,1,781,791,801,2;                                                 803P    833
144,781,1,0,803;                                                     805P    834
110,-6.11276469208288,11.5,0.,-6.11276469208288,11.5,6.58;           807P    835
122,807,-0.20710678118654,11.5,0.;                                   809P    836
126,1,1,1,0,1,0,0.00120710678119,0.00120710678119,0.002,0.002,       811P    837
1.,1.,0.75379939209726,1.,0.,0.75379939209726,0.865740069815,0.,     811P    838
0.00120710678119,0.002,0.,0.,1.;                                     811P    839
126,16,2,1,0,1,0,3.14159265358979,3.14159265358979,                  813P    840
3.14159265358979,3.53429173528852,3.53429173528852,                  813P    841
3.92699081698724,3.92699081698724,4.31968989868597,                  813P    842
4.31968989868597,4.71238898038469,4.71238898038469,                  813P    843
5.10508806208341,5.10508806208341,5.49778714378214,                  813P    844
5.49778714378214,5.89048622548086,5.89048622548086,                  813P    845
6.28318530717959,6.28318530717959,6.28318530717959,1.,1.,1.,1.,      813P    846
1.,1.,1.,1.,1.,1.,1.,1.,1.,1.,1.,1.,1.,0.75379939209726,             813P    847
0.865740069815,0.,0.75379939209726,0.82700615973454,0.,              813P    848
0.7404956629769,0.79122069299707,0.,0.72719193385653,                813P    849
0.7554352262596,0.,0.70260984777576,0.72804621577984,0.,             813P    850
0.678027761695,0.70065720530008,0.,0.64590971842247,                 813P    851
0.68583437964157,0.,0.61379167514994,0.67101155398306,0.,            813P    852
0.5790273556231,0.67101155398306,0.,0.54426303609626,                813P    853
0.67101155398306,0.,0.51214499282373,0.68583437964157,0.,            813P    854
0.4800269495512,0.70065720530008,0.,0.45544486347044,                813P    855
0.72804621577984,0.,0.43086277738967,0.7554352262596,0.,             813P    856
0.4175590482693,0.79122069299707,0.,0.40425531914894,                813P    857
0.82700615973454,0.,0.40425531914894,0.865740069815,0.,              813P    858
3.14159265358979,6.28318530717959,0.,0.,1.;                          813P    859
126,1,1,1,0,1,0,-0.002,-0.002,-0.00120710678119,                     815P    860
-0.00120710678119,1.,1.,0.40425531914894,0.865740069815,0.,          815P    861
0.40425531914894,1.,0.,-0.002,-0.00120710678119,0.,0.,1.;            815P    862
126,1,1,1,0,1,0,0.00242,0.00242,0.00266,0.00266,1.,1.,               817P    863
0.40425531914894,1.,0.,0.3677811550152,1.,0.,0.00242,0.00266,0.,     817P    864
0.,1.;                                                               817P    865
126,1,1,1,0,1,0,0.00120710678119,0.00120710678119,0.002,0.002,       819P    866
1.,1.,0.3677811550152,1.,0.,0.3677811550152,0.865740069815,0.,       819P    867
0.00120710678119,0.002,0.,0.,1.;                                     819P    868
126,16,2,1,0,1,0,3.14159265358979,3.14159265358979,                  821P    869
3.14159265358979,3.53429173528852,3.53429173528852,                  821P    870
3.92699081698724,3.92699081698724,4.31968989868597,                  821P    871
4.31968989868597,4.71238898038469,4.71238898038469,                  821P    872
5.10508806208341,5.10508806208341,5.49778714378214,                  821P    873
5.49778714378214,5.89048622548086,5.89048622548086,                  821P    874
6.28318530717959,6.28318530717959,6.28318530717959,1.,1.,1.,1.,      821P    875
1.,1.,1.,1.,1.,1.,1.,1.,1.,1.,1.,1.,1.,0.3677811550152,              821P    876
0.865740069815,0.,0.3677811550152,0.82700615973454,0.,               821P    877
0.35447742589483,0.79122069299707,0.,0.34117369677446,               821P    878
0.7554352262596,0.,0.3165916106937,0.72804621577984,0.,              821P    879
0.29200952461293,0.70065720530008,0.,0.2598914813404,                821P    880
0.68583437964157,0.,0.22777343806787,0.67101155398306,0.,            821P    881
0.19300911854103,0.67101155398306,0.,0.15824479901419,               821P    882
0.67101155398306,0.,0.12612675574166,0.68583437964157,0.,            821P    883
0.09400871246913,0.70065720530008,0.,0.06942662638837,               821P    884
0.72804621577984,0.,0.0448445403076,0.7554352262596,0.,              821P    885
0.03154081118724,0.79122069299707,0.,0.01823708206687,               821P    886
0.82700615973454,0.,0.01823708206687,0.865740069815,0.,              821P    887
3.14159265358979,6.28318530717959,0.,0.,1.;                          821P    888
126,1,1,1,0,1,0,-0.002,-0.002,-0.00120710678119,                     823P    889
-0.00120710678119,1.,1.,0.01823708206687,0.865740069815,0.,          823P    890
0.01823708206687,1.,0.,-0.002,-0.00120710678119,0.,0.,1.;            823P    891
126,1,1,1,0,1,0,0.00496,0.00496,0.00508,0.00508,1.,1.,               825P    892
0.01823708206687,1.,0.,0.,1.,0.,0.00496,0.00508,0.,0.,1.;            825P    893
126,1,1,1,0,1,0,0.,0.,0.0059056579109,0.0059056579109,1.,1.,0.,      827P    894
1.,0.,0.,-0.,0.,0.,0.0059056579109,0.,0.,1.;                         827P    895
126,1,1,1,0,1,0,-0.00508,-0.00508,0.0015,0.0015,1.,1.,0.,-0.,0.,     829P    896
1.,-0.,0.,-0.00508,0.0015,0.,0.,1.;                                  829P    897
126,1,1,1,0,1,0,-0.0059056579109,-0.0059056579109,0.,0.,1.,1.,       831P    898
1.,-0.,0.,1.,1.,0.,-0.0059056579109,-0.,0.,0.,1.;                    831P    899
126,1,1,1,0,1,0,-0.0015,-0.0015,0.00012,0.00012,1.,1.,1.,1.,0.,      833P    900
0.75379939209726,1.,0.,-0.0015,0.00012,0.,0.,1.;                     833P    901
102,12,811,813,815,817,819,821,823,825,827,829,831,833;              835P    902
110,-0.20710678118654,11.5,4.96,-1.,11.5,4.96;                       837P    903
124,0.,1.,0.,-1.,0.,0.,-1.,11.5,-1.,0.,0.,3.81;                      839P    904
100,0.,0.,0.,-1.15,0.,1.15,-0.;                                      841P    905
110,-1.,11.5,2.66,-0.20710678118654,11.5,2.66;                       843P    906
110,-0.20710678118654,11.5,2.66,-0.20710678118654,11.5,2.42;         845P    907
110,-0.20710678118654,11.5,2.42,-1.,11.5,2.42;                       847P    908
124,0.,1.,0.,-1.,0.,0.,-1.,11.5,-1.,0.,0.,1.27;                      849P    909
100,0.,0.,0.,-1.15,0.,1.15,-0.;                                      851P    910
110,-1.,11.5,0.12,-0.20710678118654,11.5,0.12;                       853P    911
110,-0.20710678118654,11.5,0.12,-0.20710678118654,11.5,0.;           855P    912
110,-0.20710678118654,11.5,0.,-6.11276469208288,11.5,0.;             857P    913
110,-6.11276469208288,11.5,0.,-6.11276469208288,11.5,6.58;           859P    914
110,-6.11276469208288,11.5,6.58,-0.20710678118654,11.5,6.58;         861P    915
110,-0.20710678118654,11.5,6.58,-0.20710678118654,11.5,4.96;         863P    916
102,12,837,841,843,845,847,851,853,855,857,859,861,863;              865P    917
142,1,809,835,865,2;                                                 867P    918
126,1,1,1,0,1,0,-0.00459289321881,-0.00459289321881,                 869P    919
-0.00229289321881,-0.00229289321881,1.,1.,0.12765957446809,          869P    920
0.22228932184859,0.,0.12765957446809,0.61174635351247,0.,            869P    921
-0.00459289321881,-0.00229289321881,0.,0.,1.;                        869P    922
126,1,1,1,0,1,0,-0.00424,-0.00424,-0.00254,-0.00254,1.,1.,           871P    923
0.12765957446809,0.61174635351247,0.,0.38601823708207,               871P    924
0.61174635351247,0.,-0.00424,-0.00254,0.,0.,1.;                      871P    925
126,1,1,1,0,1,0,0.00229289321881,0.00229289321881,                   873P    926
0.00459289321881,0.00459289321881,1.,1.,0.38601823708207,            873P    927
0.61174635351247,0.,0.38601823708207,0.22228932184859,0.,            873P    928
0.00229289321881,0.00459289321881,0.,0.,1.;                          873P    929
126,1,1,1,0,1,0,0.00254,0.00254,0.00424,0.00424,1.,1.,               875P    930
0.38601823708207,0.22228932184859,0.,0.12765957446809,               875P    931
0.22228932184859,0.,0.00254,0.00424,0.,0.,1.;                        875P    932
102,4,869,871,873,875;                                               877P    933
110,-4.8,11.5,0.84,-2.5,11.5,0.84;                                   879P    934
110,-2.5,11.5,0.84,-2.5,11.5,2.54;                                   881P    935
110,-2.5,11.5,2.54,-4.8,11.5,2.54;                                   883P    936
110,-4.8,11.5,2.54,-4.8,11.5,0.84;                                   885P    937
102,4,879,881,883,885;                                               887P    938
142,1,809,877,887,2;                                                 889P    939
126,1,1,1,0,1,0,-0.00459289321881,-0.00459289321881,                 891P    940
-0.00229289321881,-0.00229289321881,1.,1.,0.51367781155015,          891P    941
0.22228932184859,0.,0.51367781155015,0.61174635351247,0.,            891P    942
-0.00459289321881,-0.00229289321881,0.,0.,1.;                        891P    943
126,1,1,1,0,1,0,-0.0017,-0.0017,0.,0.,1.,1.,0.51367781155015,        893P    944
0.61174635351247,0.,0.77203647416413,0.61174635351247,0.,            893P    945
-0.0017,0.,0.,0.,1.;                                                 893P    946
126,1,1,1,0,1,0,0.00229289321881,0.00229289321881,                   895P    947
0.00459289321881,0.00459289321881,1.,1.,0.77203647416413,            895P    948
0.61174635351247,0.,0.77203647416413,0.22228932184859,0.,            895P    949
0.00229289321881,0.00459289321881,0.,0.,1.;                          895P    950
126,1,1,1,0,1,0,0.,0.,0.0017,0.0017,1.,1.,0.77203647416413,          897P    951
0.22228932184859,0.,0.51367781155015,0.22228932184859,0.,0.,         897P    952
0.0017,0.,0.,1.;                                                     897P    953
102,4,891,893,895,897;                                               899P    954
110,-4.8,11.5,3.38,-2.5,11.5,3.38;                                   901P    955
110,-2.5,11.5,3.38,-2.5,11.5,5.08;                                   903P    956
110,-2.5,11.5,5.08,-4.8,11.5,5.08;                                   905P    957
110,-4.8,11.5,5.08,-4.8,11.5,3.38;                                   907P    958
102,4,901,903,905,907;                                               909P    959
142,1,809,899,909,2;                                                 911P    960
144,809,1,2,867,889,911;                                             913P    961
110,0.79289321881345,9.29289321881345,3.81,-706.31388796773376,      915P    962
-697.81388796773422,3.81;                                            915P    963
110,1.85355339059327,8.93933982822018,3.81,1.5,8.5857864376269,      917P    964
3.81;                                                                917P    965
120,915,917,0.,6.28318530717959;                                     919P    966
126,1,1,1,0,1,0,-0.,-0.,0.0005,0.0005,1.,1.,1.,6.28318530717959,     921P    967
0.,-0.00000000000001,6.28318530717959,0.,-0.,0.0005,0.,0.,1.;        921P    968
126,1,1,1,0,1,0,-6.28318530717959,-6.28318530717959,                 923P    969
-4.15757794740462,-4.15757794740462,1.,1.,-0.00000000000001,         923P    970
6.28318530717959,0.,-0.00000000000001,4.15757794740462,0.,           923P    971
-6.28318530717959,-4.15757794740462,0.,0.,1.;                        923P    972
126,1,1,1,0,1,0,-0.0005,-0.0005,-0.,-0.,1.,1.,-0.00000000000001,     925P    973
4.15757794740462,0.,1.,4.15757794740462,0.,-0.0005,-0.,0.,0.,1.;     925P    974
126,1,1,1,0,1,0,4.15757794740462,4.15757794740462,                   927P    975
6.28318530717959,6.28318530717959,1.,1.,1.,4.15757794740462,0.,      927P    976
1.,6.28318530717959,0.,4.15757794740462,6.28318530717959,0.,0.,      927P    977
1.;                                                                  927P    978
102,4,921,923,925,927;                                               929P    979
110,1.5,8.5857864376269,3.81,1.85355339059328,8.93933982822018,      931P    980
3.81;                                                                931P    981
124,0.70710678118655,0.,0.70710678118655,1.14644660940673,           933P    982
-0.70710678118655,0.,0.70710678118655,9.64644660940673,0.,-1.,       933P    983
0.,3.81;                                                             933P    984
100,0.,0.,0.,1.,0.,-0.52678268764264,0.85;                           935P    985
110,0.77395499876294,10.01893822005051,2.96,0.42040160816967,        937P    986
9.66538482945724,2.96;                                               937P    987
124,0.70710678118655,0.,-0.70710678118655,0.79289321881345,          939P    988
-0.70710678118655,0.,-0.70710678118655,9.29289321881345,0.,1.,       939P    989
0.,3.81;                                                             939P    990
100,0.,0.,0.,-0.52678268764264,-0.85,1.,-0.;                         941P    991
102,4,931,935,937,941;                                               943P    992
142,1,919,929,943,2;                                                 945P    993
144,919,1,0,945;                                                     947P    994
110,-1.86161471862576,10.,2.96,-1.86161471862576,10.,4.66;           949P    995
122,949,0.08578643762691,10.,2.96;                                   951P    996
126,1,1,1,0,1,0,0.00091421356237,0.00091421356237,0.002,0.002,       953P    997
1.,1.,0.,1.,0.,0.,0.44244336399786,0.,0.00091421356237,0.002,0.,     953P    998
0.,1.;                                                               953P    999
126,16,2,1,0,1,0,-6.28318530717959,-6.28318530717959,                955P   1000
-6.28318530717959,-5.89048622548086,-5.89048622548086,               955P   1001
-5.49778714378214,-5.49778714378214,-5.10508806208341,               955P   1002
-5.10508806208341,-4.71238898038469,-4.71238898038469,               955P   1003
-4.31968989868597,-4.31968989868597,-3.92699081698724,               955P   1004
-3.92699081698724,-3.53429173528852,-3.53429173528852,               955P   1005
-3.14159265358979,-3.14159265358979,-3.14159265358979,1.,1.,1.,      955P   1006
1.,1.,1.,1.,1.,1.,1.,1.,1.,1.,1.,1.,1.,1.,0.,0.44244336399786,       955P   1007
0.,0.,0.3556222631015,0.,0.03806023374436,0.27541002499325,0.,       955P   1008
0.07612046748871,0.195197786885,0.,0.14644660940673,                 955P   1009
0.1338059976911,0.,0.21677275132474,0.0724142084972,0.,              955P   1010
0.30865828381745,0.03918921160447,0.,0.40054381631017,               955P   1011
0.00596421471173,0.,0.5,0.00596421471173,0.,0.59945618368983,        955P   1012
0.00596421471173,0.,0.69134171618255,0.03918921160447,0.,            955P   1013
0.78322724867526,0.0724142084972,0.,0.85355339059327,                955P   1014
0.1338059976911,0.,0.92387953251129,0.195197786885,0.,               955P   1015
0.96193976625564,0.27541002499325,0.,1.,0.3556222631015,0.,1.,       955P   1016
0.44244336399786,0.,-6.28318530717959,-3.14159265358979,0.,0.,       955P   1017
1.;                                                                  955P   1018
126,1,1,1,0,1,0,-0.002,-0.002,-0.00091421356237,                     957P   1019
-0.00091421356237,1.,1.,1.,0.44244336399786,0.,1.,1.,0.,-0.002,      957P   1020
-0.00091421356237,0.,0.,1.;                                          957P   1021
126,1,1,1,0,1,0,0.,0.,0.0017,0.0017,1.,1.,1.,1.,0.,0.,1.,0.,0.,      959P   1022
0.0017,0.,0.,1.;                                                     959P   1023
102,4,953,955,957,959;                                               961P   1024
110,0.08578643762691,10.,2.96,-1.,10.,2.96;                          963P   1025
124,0.,-1.,0.,-1.,0.,0.,1.,10.,-1.,0.,0.,3.81;                       965P   1026
100,0.,0.,0.,0.85,0.,-0.85,-0.;                                      967P   1027
110,-1.,10.,4.66,0.08578643762691,10.,4.66;                          969P   1028
110,0.08578643762691,10.,4.66,0.08578643762691,10.,2.96;             971P   1029
102,4,963,967,969,971;                                               973P   1030
142,1,951,961,973,2;                                                 975P   1031
144,951,1,0,975;                                                     977P   1032
110,0.79289321881345,9.29289321881345,1.27,-706.31388796773376,      979P   1033
-697.81388796773422,1.27;                                            979P   1034
110,1.85355339059327,8.93933982822018,1.27,1.5,8.5857864376269,      981P   1035
1.27;                                                                981P   1036
120,979,981,0.,6.28318530717959;                                     983P   1037
126,1,1,1,0,1,0,-0.,-0.,0.0005,0.0005,1.,1.,1.,6.28318530717959,     985P   1038
0.,-0.00000000000001,6.28318530717959,0.,-0.,0.0005,0.,0.,1.;        985P   1039
126,1,1,1,0,1,0,-6.28318530717959,-6.28318530717959,                 987P   1040
-4.15757794740462,-4.15757794740462,1.,1.,-0.00000000000001,         987P   1041
6.28318530717959,0.,-0.00000000000001,4.15757794740462,0.,           987P   1042
-6.28318530717959,-4.15757794740462,0.,0.,1.;                        987P   1043
126,1,1,1,0,1,0,-0.0005,-0.0005,-0.,-0.,1.,1.,-0.00000000000001,     989P   1044
4.15757794740462,0.,1.,4.15757794740462,0.,-0.0005,-0.,0.,0.,1.;     989P   1045
126,1,1,1,0,1,0,4.15757794740462,4.15757794740462,                   991P   1046
6.28318530717959,6.28318530717959,1.,1.,1.,4.15757794740462,0.,      991P   1047
1.,6.28318530717959,0.,4.15757794740462,6.28318530717959,0.,0.,      991P   1048
1.;                                                                  991P   1049
102,4,985,987,989,991;                                               993P   1050
110,1.5,8.5857864376269,1.27,1.85355339059328,8.93933982822018,      995P   1051
1.27;                                                                995P   1052
124,0.70710678118655,0.,0.70710678118655,1.14644660940673,           997P   1053
-0.70710678118655,0.,0.70710678118655,9.64644660940673,0.,-1.,       997P   1054
0.,1.27;                                                             997P   1055
100,0.,0.,0.,1.,0.,-0.52678268764264,0.85;                           999P   1056
110,0.77395499876294,10.01893822005051,0.42,0.42040160816967,       1001P   1057
9.66538482945723,0.42;                                              1001P   1058
124,0.70710678118655,0.,-0.70710678118655,0.79289321881345,         1003P   1059
-0.70710678118655,0.,-0.70710678118655,9.29289321881345,0.,1.,      1003P   1060
0.,1.27;                                                            1003P   1061
100,0.,0.,0.,-0.52678268764264,-0.85,1.,-0.;                        1005P   1062
102,4,995,999,1001,1005;                                            1007P   1063
142,1,983,993,1007,2;                                               1009P   1064
144,983,1,0,1009;                                                   1011P   1065
110,-1.86161471862576,10.,0.42,-1.86161471862576,10.,2.12;          1013P   1066
122,1013,0.08578643762691,10.,0.42;                                 1015P   1067
126,1,1,1,0,1,0,0.00091421356237,0.00091421356237,0.002,0.002,      1017P   1068
1.,1.,0.,1.,0.,0.,0.44244336399786,0.,0.00091421356237,0.002,0.,    1017P   1069
0.,1.;                                                              1017P   1070
126,16,2,1,0,1,0,-6.28318530717959,-6.28318530717959,               1019P   1071
-6.28318530717959,-5.89048622548086,-5.89048622548086,              1019P   1072
-5.49778714378214,-5.49778714378214,-5.10508806208341,              1019P   1073
-5.10508806208341,-4.71238898038469,-4.71238898038469,              1019P   1074
-4.31968989868597,-4.31968989868597,-3.92699081698724,              1019P   1075
-3.92699081698724,-3.53429173528852,-3.53429173528852,              1019P   1076
-3.14159265358979,-3.14159265358979,-3.14159265358979,1.,1.,1.,     1019P   1077
1.,1.,1.,1.,1.,1.,1.,1.,1.,1.,1.,1.,1.,1.,0.,0.44244336399786,      1019P   1078
0.,0.,0.3556222631015,0.,0.03806023374436,0.27541002499325,0.,      1019P   1079
0.07612046748871,0.195197786885,0.,0.14644660940673,                1019P   1080
0.1338059976911,0.,0.21677275132474,0.0724142084972,0.,             1019P   1081
0.30865828381746,0.03918921160447,0.,0.40054381631017,              1019P   1082
0.00596421471173,0.,0.5,0.00596421471173,0.,0.59945618368983,       1019P   1083
0.00596421471173,0.,0.69134171618255,0.03918921160447,0.,           1019P   1084
0.78322724867526,0.0724142084972,0.,0.85355339059327,               1019P   1085
0.1338059976911,0.,0.92387953251129,0.195197786885,0.,              1019P   1086
0.96193976625564,0.27541002499325,0.,1.,0.3556222631015,0.,1.,      1019P   1087
0.44244336399786,0.,-6.28318530717959,-3.14159265358979,0.,0.,      1019P   1088
1.;                                                                 1019P   1089
126,1,1,1,0,1,0,-0.002,-0.002,-0.00091421356237,                    1021P   1090
-0.00091421356237,1.,1.,1.,0.44244336399786,0.,1.,1.,0.,-0.002,     1021P   1091
-0.00091421356237,0.,0.,1.;                                         1021P   1092
126,1,1,1,0,1,0,0.,0.,0.0017,0.0017,1.,1.,1.,1.,0.,0.,1.,0.,0.,     1023P   1093
0.0017,0.,0.,1.;                                                    1023P   1094
102,4,1017,1019,1021,1023;                                          1025P   1095
110,0.08578643762691,10.,0.42,-1.,10.,0.42;                         1027P   1096
124,0.,-1.,0.,-1.,0.,0.,1.,10.,-1.,0.,0.,1.27;                      1029P   1097
100,0.,0.,0.,0.85,0.,-0.85,-0.;                                     1031P   1098
110,-1.,10.,2.12,0.08578643762691,10.,2.12;                         1033P   1099
110,0.08578643762691,10.,2.12,0.08578643762691,10.,0.42;            1035P   1100
102,4,1027,1031,1033,1035;                                          1037P   1101
142,1,1015,1025,1037,2;                                             1039P   1102
144,1015,1,0,1039;                                                  1041P   1103
110,-1.,11.5,3.81,-1.,-988.5,3.81;                                  1043P   1104
110,-1.,11.5,4.96,-1.,11.,4.66;                                     1045P   1105
120,1043,1045,0.,6.28318530717959;                                  1047P   1106
126,1,1,1,0,1,0,3.14159265358979,3.14159265358979,                  1049P   1107
6.28318530717959,6.28318530717959,1.,1.,1.,0.,0.,1.,                1049P   1108
3.14159265358979,0.,3.14159265358979,6.28318530717959,0.,0.,1.;     1049P   1109
126,1,1,1,0,1,0,0.,0.,0.00058309518948,0.00058309518948,1.,1.,      1051P   1110
1.,3.14159265358979,0.,0.,3.14159265358979,0.,0.,                   1051P   1111
0.00058309518948,0.,0.,1.;                                          1051P   1112
126,1,1,1,0,1,0,-6.28318530717959,-6.28318530717959,                1053P   1113
-3.14159265358979,-3.14159265358979,1.,1.,0.,3.14159265358979,      1053P   1114
0.,0.,0.,0.,-6.28318530717959,-3.14159265358979,0.,0.,1.;           1053P   1115
126,1,1,1,0,1,0,0.,0.,0.00058309518948,0.00058309518948,1.,1.,      1055P   1116
0.,0.,0.,1.,0.,0.,0.,0.00058309518948,0.,0.,1.;                     1055P   1117
102,4,1049,1051,1053,1055;                                          1057P   1118
124,0.,1.,0.,-1.,0.,0.,-1.,11.,-1.,0.,0.,3.81;                      1059P   1119
100,0.,0.,0.,-0.85,0.,0.85,-0.;                                     1061P   1120
110,-1.,11.,2.96,-1.,11.5,2.66;                                     1063P   1121
124,0.,-1.,0.,-1.,0.,0.,1.,11.5,-1.,0.,0.,3.81;                     1065P   1122
100,0.,0.,0.,1.15,0.,-1.15,-0.;                                     1067P   1123
110,-1.,11.5,4.96,-1.,11.,4.66;                                     1069P   1124
102,4,1061,1063,1067,1069;                                          1071P   1125
142,1,1047,1057,1071,2;                                             1073P   1126
144,1047,1,0,1073;                                                  1075P   1127
110,-1.,10.,3.81,-1.,-990.,3.81;                                    1077P   1128
110,-1.,11.,2.96,-1.,10.,2.96;                                      1079P   1129
120,1077,1079,0.,6.28318530717959;                                  1081P   1130
126,1,1,1,0,1,0,-6.28318530717959,-6.28318530717959,                1083P   1131
-3.14159265358979,-3.14159265358979,1.,1.,0.,6.28318530717959,      1083P   1132
0.,0.,3.14159265358979,0.,-6.28318530717959,-3.14159265358979,      1083P   1133
0.,0.,1.;                                                           1083P   1134
126,1,1,1,0,1,0,0.,0.,0.001,0.001,1.,1.,0.,3.14159265358979,0.,     1085P   1135
1.,3.14159265358979,0.,0.,0.001,0.,0.,1.;                           1085P   1136
126,1,1,1,0,1,0,3.14159265358979,3.14159265358979,                  1087P   1137
6.28318530717959,6.28318530717959,1.,1.,1.,3.14159265358979,0.,     1087P   1138
1.,6.28318530717959,0.,3.14159265358979,6.28318530717959,0.,0.,     1087P   1139
1.;                                                                 1087P   1140
126,1,1,1,0,1,0,0.,0.,0.001,0.001,1.,1.,1.,6.28318530717959,0.,     1089P   1141
0.,6.28318530717959,0.,0.,0.001,0.,0.,1.;                           1089P   1142
102,4,1083,1085,1087,1089;                                          1091P   1143
124,0.,-1.,0.,-1.,0.,0.,1.,11.,-1.,0.,0.,3.81;                      1093P   1144
100,0.,0.,0.,0.85,0.,-0.85,-0.;                                     1095P   1145
110,-1.,11.,4.66,-1.,10.,4.66;                                      1097P   1146
124,0.,1.,0.,-1.,0.,0.,-1.,10.,-1.,0.,0.,3.81;                      1099P   1147
100,0.,0.,0.,-0.85,0.,0.85,-0.;                                     1101P   1148
110,-1.,10.,2.96,-1.,11.,2.96;                                      1103P   1149
102,4,1095,1097,1101,1103;                                          1105P   1150
142,1,1081,1091,1105,2;                                             1107P   1151
144,1081,1,0,1107;                                                  1109P   1152
110,-1.,11.5,1.27,-1.,-988.5,1.27;                                  1111P   1153
110,-1.,11.5,2.42,-1.,11.,2.12;                                     1113P   1154
120,1111,1113,0.,6.28318530717959;                                  1115P   1155
126,1,1,1,0,1,0,3.14159265358979,3.14159265358979,                  1117P   1156
6.28318530717959,6.28318530717959,1.,1.,1.,0.,0.,1.,                1117P   1157
3.14159265358979,0.,3.14159265358979,6.28318530717959,0.,0.,1.;     1117P   1158
126,1,1,1,0,1,0,0.,0.,0.00058309518948,0.00058309518948,1.,1.,      1119P   1159
1.,3.14159265358979,0.,0.,3.14159265358979,0.,0.,                   1119P   1160
0.00058309518948,0.,0.,1.;                                          1119P   1161
126,1,1,1,0,1,0,-6.28318530717959,-6.28318530717959,                1121P   1162
-3.14159265358979,-3.14159265358979,1.,1.,0.,3.14159265358979,      1121P   1163
0.,0.,0.,0.,-6.28318530717959,-3.14159265358979,0.,0.,1.;           1121P   1164
126,1,1,1,0,1,0,0.,0.,0.00058309518948,0.00058309518948,1.,1.,      1123P   1165
0.,0.,0.,1.,0.,0.,0.,0.00058309518948,0.,0.,1.;                     1123P   1166
102,4,1117,1119,1121,1123;                                          1125P   1167
124,0.,1.,0.,-1.,0.,0.,-1.,11.,-1.,0.,0.,1.27;                      1127P   1168
100,0.,0.,0.,-0.85,0.,0.85,-0.;                                     1129P   1169
110,-1.,11.,0.42,-1.,11.5,0.12;                                     1131P   1170
124,0.,-1.,0.,-1.,0.,0.,1.,11.5,-1.,0.,0.,1.27;                     1133P   1171
100,0.,0.,0.,1.15,0.,-1.15,-0.;                                     1135P   1172
110,-1.,11.5,2.42,-1.,11.,2.12;                                     1137P   1173
102,4,1129,1131,1135,1137;                                          1139P   1174
142,1,1115,1125,1139,2;                                             1141P   1175
144,1115,1,0,1141;                                                  1143P   1176
110,-1.,10.,1.27,-1.,-990.,1.27;                                    1145P   1177
110,-1.,11.,0.42,-1.,10.,0.42;                                      1147P   1178
120,1145,1147,0.,6.28318530717959;                                  1149P   1179
126,1,1,1,0,1,0,-6.28318530717959,-6.28318530717959,                1151P   1180
-3.14159265358979,-3.14159265358979,1.,1.,0.,6.28318530717959,      1151P   1181
0.,0.,3.14159265358979,0.,-6.28318530717959,-3.14159265358979,      1151P   1182
0.,0.,1.;                                                           1151P   1183
126,1,1,1,0,1,0,0.,0.,0.001,0.001,1.,1.,0.,3.14159265358979,0.,     1153P   1184
1.,3.14159265358979,0.,0.,0.001,0.,0.,1.;                           1153P   1185
126,1,1,1,0,1,0,3.14159265358979,3.14159265358979,                  1155P   1186
6.28318530717959,6.28318530717959,1.,1.,1.,3.14159265358979,0.,     1155P   1187
1.,6.28318530717959,0.,3.14159265358979,6.28318530717959,0.,0.,     1155P   1188
1.;                                                                 1155P   1189
126,1,1,1,0,1,0,0.,0.,0.001,0.001,1.,1.,1.,6.28318530717959,0.,     1157P   1190
0.,6.28318530717959,0.,0.,0.001,0.,0.,1.;                           1157P   1191
102,4,1151,1153,1155,1157;                                          1159P   1192
124,0.,-1.,0.,-1.,0.,0.,1.,11.,-1.,0.,0.,1.27;                      1161P   1193
100,0.,0.,0.,0.85,0.,-0.85,-0.;                                     1163P   1194
110,-1.,11.,2.12,-1.,10.,2.12;                                      1165P   1195
124,0.,1.,0.,-1.,0.,0.,-1.,10.,-1.,0.,0.,1.27;                      1167P   1196
100,0.,0.,0.,-0.85,0.,0.85,-0.;                                     1169P   1197
110,-1.,10.,0.42,-1.,11.,0.42;                                      1171P   1198
102,4,1163,1165,1169,1171;                                          1173P   1199
142,1,1149,1159,1173,2;                                             1175P   1200
144,1149,1,0,1175;                                                  1177P   1201
110,-7.3,0.3,0.,4.7,0.3,0.;                                         1179P   1202
122,1179,-7.3,0.3,6.58;                                             1181P   1203
126,1,1,1,0,1,0,0.,0.,0.00104,0.00104,1.,1.,0.,0.77203647416413,    1183P   1204
0.,0.,0.61398176291793,0.,0.,0.00104,0.,0.,1.;                      1183P   1205
126,1,1,1,0,1,0,0.,0.,0.0008,0.0008,1.,1.,0.,0.61398176291793,      1185P   1206
0.,0.06666666666667,0.61398176291793,0.,0.,0.0008,0.,0.,1.;         1185P   1207
126,1,1,1,0,1,0,0.00104,0.00104,0.00254,0.00254,1.,1.,              1187P   1208
0.06666666666667,0.61398176291793,0.,0.06666666666667,              1187P   1209
0.38601823708207,0.,0.00104,0.00254,0.,0.,1.;                       1187P   1210
126,1,1,1,0,1,0,-0.0008,-0.0008,0.,0.,1.,1.,0.06666666666667,       1189P   1211
0.38601823708207,0.,0.,0.38601823708207,0.,-0.0008,0.,0.,0.,1.;     1189P   1212
126,1,1,1,0,1,0,0.00254,0.00254,0.00358,0.00358,1.,1.,0.,           1191P   1213
0.38601823708207,0.,0.,0.22796352583587,0.,0.00254,0.00358,0.,      1191P   1214
0.,1.;                                                              1191P   1215
126,1,1,1,0,1,0,0.,0.,0.0008,0.0008,1.,1.,0.,0.22796352583587,      1193P   1216
0.,0.06666666666667,0.22796352583587,0.,0.,0.0008,0.,0.,1.;         1193P   1217
126,1,1,1,0,1,0,0.00358,0.00358,0.00508,0.00508,1.,1.,              1195P   1218
0.06666666666667,0.22796352583587,0.,0.06666666666667,0.,0.,        1195P   1219
0.00358,0.00508,0.,0.,1.;                                           1195P   1220
126,1,1,1,0,1,0,0.0008,0.0008,0.0112,0.0112,1.,1.,                  1197P   1221
0.06666666666667,0.,0.,0.93333333333333,0.,0.,0.0008,0.0112,0.,     1197P   1222
0.,1.;                                                              1197P   1223
126,1,1,1,0,1,0,-0.00508,-0.00508,-0.00358,-0.00358,1.,1.,          1199P   1224
0.93333333333333,0.,0.,0.93333333333333,0.22796352583587,0.,        1199P   1225
-0.00508,-0.00358,0.,0.,1.;                                         1199P   1226
126,1,1,1,0,1,0,0.0112,0.0112,0.012,0.012,1.,1.,                    1201P   1227
0.93333333333333,0.22796352583587,0.,1.,0.22796352583587,0.,        1201P   1228
0.0112,0.012,0.,0.,1.;                                              1201P   1229
126,1,1,1,0,1,0,-0.00358,-0.00358,-0.00254,-0.00254,1.,1.,1.,       1203P   1230
0.22796352583587,0.,1.,0.38601823708207,0.,-0.00358,-0.00254,0.,    1203P   1231
0.,1.;                                                              1203P   1232
126,1,1,1,0,1,0,-0.012,-0.012,-0.0112,-0.0112,1.,1.,1.,             1205P   1233
0.38601823708207,0.,0.93333333333333,0.38601823708207,0.,-0.012,    1205P   1234
-0.0112,0.,0.,1.;                                                   1205P   1235
126,1,1,1,0,1,0,-0.00254,-0.00254,-0.00104,-0.00104,1.,1.,          1207P   1236
0.93333333333333,0.38601823708207,0.,0.93333333333333,              1207P   1237
0.61398176291793,0.,-0.00254,-0.00104,0.,0.,1.;                     1207P   1238
126,1,1,1,0,1,0,0.0112,0.0112,0.012,0.012,1.,1.,                    1209P   1239
0.93333333333333,0.61398176291793,0.,1.,0.61398176291793,0.,        1209P   1240
0.0112,0.012,0.,0.,1.;                                              1209P   1241
126,1,1,1,0,1,0,-0.00104,-0.00104,0.,0.,1.,1.,1.,                   1211P   1242
0.61398176291793,0.,1.,0.77203647416413,0.,-0.00104,0.,0.,0.,1.;    1211P   1243
126,1,1,1,0,1,0,-0.012,-0.012,-0.0112,-0.0112,1.,1.,1.,             1213P   1244
0.77203647416413,0.,0.93333333333333,0.77203647416413,0.,-0.012,    1213P   1245
-0.0112,0.,0.,1.;                                                   1213P   1246
126,1,1,1,0,1,0,-0.0015,-0.0015,0.,0.,1.,1.,0.93333333333333,       1215P   1247
0.77203647416413,0.,0.93333333333333,1.,0.,-0.0015,0.,0.,0.,1.;     1215P   1248
126,1,1,1,0,1,0,-0.0104,-0.0104,0.,0.,1.,1.,0.93333333333333,1.,    1217P   1249
0.,0.06666666666667,1.,0.,-0.0104,0.,0.,0.,1.;                      1217P   1250
126,1,1,1,0,1,0,0.,0.,0.0015,0.0015,1.,1.,0.06666666666667,1.,      1219P   1251
0.,0.06666666666667,0.77203647416413,0.,0.,0.0015,0.,0.,1.;         1219P   1252
126,1,1,1,0,1,0,-0.0008,-0.0008,0.,0.,1.,1.,0.06666666666667,       1221P   1253
0.77203647416413,0.,0.,0.77203647416413,0.,-0.0008,0.,0.,0.,1.;     1221P   1254
102,20,1183,1185,1187,1189,1191,1193,1195,1197,1199,1201,1203,      1223P   1255
1205,1207,1209,1211,1213,1215,1217,1219,1221;                       1223P   1256
110,-7.3,0.3,5.08,-7.3,0.3,4.04;                                    1225P   1257
110,-7.3,0.3,4.04,-6.5,0.3,4.04;                                    1227P   1258
110,-6.5,0.3,4.04,-6.5,0.3,2.54;                                    1229P   1259
110,-6.5,0.3,2.54,-7.3,0.3,2.54;                                    1231P   1260
110,-7.3,0.3,2.54,-7.3,0.3,1.5;                                     1233P   1261
110,-7.3,0.3,1.5,-6.5,0.3,1.5;                                      1235P   1262
110,-6.5,0.3,1.5,-6.5,0.3,0.;                                       1237P   1263
110,-6.5,0.3,0.,3.9,0.3,0.;                                         1239P   1264
110,3.9,0.3,0.,3.9,0.3,1.5;                                         1241P   1265
110,3.9,0.3,1.5,4.7,0.3,1.5;                                        1243P   1266
110,4.7,0.3,1.5,4.7,0.3,2.54;                                       1245P   1267
110,4.7,0.3,2.54,3.9,0.3,2.54;                                      1247P   1268
110,3.9,0.3,2.54,3.9,0.3,4.04;                                      1249P   1269
110,3.9,0.3,4.04,4.7,0.3,4.04;                                      1251P   1270
110,4.7,0.3,4.04,4.7,0.3,5.08;                                      1253P   1271
110,4.7,0.3,5.08,3.9,0.3,5.08;                                      1255P   1272
110,3.9,0.3,5.08,3.9,0.3,6.58;                                      1257P   1273
110,3.9,0.3,6.58,-6.5,0.3,6.58;                                     1259P   1274
110,-6.5,0.3,6.58,-6.5,0.3,5.08;                                    1261P   1275
110,-6.5,0.3,5.08,-7.3,0.3,5.08;                                    1263P   1276
102,20,1225,1227,1229,1231,1233,1235,1237,1239,1241,1243,1245,      1265P   1277
1247,1249,1251,1253,1255,1257,1259,1261,1263;                       1265P   1278
142,1,1181,1223,1265,2;                                             1267P   1279
126,1,1,1,0,1,0,0.0021,0.0021,0.0025,0.0025,1.,1.,0.175,            1269P   1280
0.63145896656535,0.,0.20833333333333,0.63145896656535,0.,0.0021,    1269P   1281
0.0025,0.,0.,1.;                                                    1269P   1282
126,1,1,1,0,1,0,0.000925,0.000925,0.001675,0.001675,1.,1.,          1271P   1283
0.20833333333333,0.63145896656535,0.,0.20833333333333,              1271P   1284
0.51747720364742,0.,0.000925,0.001675,0.,0.,1.;                     1271P   1285
126,1,1,1,0,1,0,-0.0025,-0.0025,-0.0021,-0.0021,1.,1.,              1273P   1286
0.20833333333333,0.51747720364742,0.,0.175,0.51747720364742,0.,     1273P   1287
-0.0025,-0.0021,0.,0.,1.;                                           1273P   1288
126,1,1,1,0,1,0,-0.001675,-0.001675,-0.000925,-0.000925,1.,1.,      1275P   1289
0.175,0.51747720364742,0.,0.175,0.63145896656535,0.,-0.001675,      1275P   1290
-0.000925,0.,0.,1.;                                                 1275P   1291
102,4,1269,1271,1273,1275;                                          1277P   1292
110,-5.2,0.3,4.155,-4.8,0.3,4.155;                                  1279P   1293
110,-4.8,0.3,4.155,-4.8,0.3,3.405;                                  1281P   1294
110,-4.8,0.3,3.405,-5.2,0.3,3.405;                                  1283P   1295
110,-5.2,0.3,3.405,-5.2,0.3,4.155;                                  1285P   1296
102,4,1279,1281,1283,1285;                                          1287P   1297
142,1,1181,1277,1287,2;                                             1289P   1298
126,1,1,1,0,1,0,0.0071,0.0071,0.0075,0.0075,1.,1.,                  1291P   1299
0.59166666666667,0.24544072948328,0.,0.625,0.24544072948328,0.,     1291P   1300
0.0071,0.0075,0.,0.,1.;                                             1291P   1301
126,1,1,1,0,1,0,0.003465,0.003465,0.004215,0.004215,1.,1.,0.625,    1293P   1302
0.24544072948328,0.,0.625,0.13145896656535,0.,0.003465,0.004215,    1293P   1303
0.,0.,1.;                                                           1293P   1304
126,1,1,1,0,1,0,-0.0075,-0.0075,-0.0071,-0.0071,1.,1.,0.625,        1295P   1305
0.13145896656535,0.,0.59166666666667,0.13145896656535,0.,           1295P   1306
-0.0075,-0.0071,0.,0.,1.;                                           1295P   1307
126,1,1,1,0,1,0,-0.004215,-0.004215,-0.003465,-0.003465,1.,1.,      1297P   1308
0.59166666666667,0.13145896656535,0.,0.59166666666667,              1297P   1309
0.24544072948328,0.,-0.004215,-0.003465,0.,0.,1.;                   1297P   1310
102,4,1291,1293,1295,1297;                                          1299P   1311
110,-0.2,0.3,1.615,0.2,0.3,1.615;                                   1301P   1312
110,0.2,0.3,1.615,0.2,0.3,0.865;                                    1303P   1313
110,0.2,0.3,0.865,-0.2,0.3,0.865;                                   1305P   1314
110,-0.2,0.3,0.865,-0.2,0.3,1.615;                                  1307P   1315
102,4,1301,1303,1305,1307;                                          1309P   1316
142,1,1181,1299,1309,2;                                             1311P   1317
144,1181,1,2,1267,1289,1311;                                        1313P   1318
110,-7.3,5.7,0.,-7.3,5.7,6.58;                                      1315P   1319
122,1315,-7.3,9.2,0.;                                               1317P   1320
126,1,1,1,0,1,0,0.,0.,0.0035,0.0035,1.,1.,0.,1.,0.,0.,0.,0.,0.,     1319P   1321
0.0035,0.,0.,1.;                                                    1319P   1322
126,1,1,1,0,1,0,-0.00508,-0.00508,0.0015,0.0015,1.,1.,0.,0.,0.,     1321P   1323
1.,0.,0.,-0.00508,0.0015,0.,0.,1.;                                  1321P   1324
126,1,1,1,0,1,0,-0.0035,-0.0035,0.,0.,1.,1.,1.,0.,0.,1.,1.,0.,      1323P   1325
-0.0035,0.,0.,0.,1.;                                                1323P   1326
126,1,1,1,0,1,0,-0.0015,-0.0015,0.00508,0.00508,1.,1.,1.,1.,0.,     1325P   1327
0.,1.,0.,-0.0015,0.00508,0.,0.,1.;                                  1325P   1328
102,4,1319,1321,1323,1325;                                          1327P   1329
110,-7.3,9.2,0.,-7.3,5.7,0.;                                        1329P   1330
110,-7.3,5.7,0.,-7.3,5.7,6.58;                                      1331P   1331
110,-7.3,5.7,6.58,-7.3,9.2,6.58;                                    1333P   1332
110,-7.3,9.2,6.58,-7.3,9.2,0.;                                      1335P   1333
102,4,1329,1331,1333,1335;                                          1337P   1334
142,1,1317,1327,1337,2;                                             1339P   1335
144,1317,1,0,1339;                                                  1341P   1336
110,-7.3,5.55,5.08,-7.3,5.55,-994.92000000000007;                   1343P   1337
110,-7.45,5.55,6.58,-7.45,5.55,0.;                                  1345P   1338
120,1343,1345,0.,6.28318530717959;                                  1347P   1339
126,1,1,1,0,1,0,-1.57079632679489,-1.57079632679489,                1349P   1340
-0.00000000000002,-0.00000000000002,1.,1.,1.,1.57079632679491,      1349P   1341
0.,1.,3.14159265358978,0.,-1.57079632679489,-0.00000000000002,      1349P   1342
0.,0.,1.;                                                           1349P   1343
126,1,1,1,0,1,0,-0.00508,-0.00508,0.0015,0.0015,1.,1.,1.,           1351P   1344
3.14159265358978,0.,-0.,3.14159265358978,0.,-0.00508,0.0015,0.,     1351P   1345
0.,1.;                                                              1351P   1346
126,1,1,1,0,1,0,0.00000000000002,0.00000000000002,                  1353P   1347
1.57079632679489,1.57079632679489,1.,1.,-0.,3.14159265358978,0.,    1353P   1348
-0.,1.57079632679491,0.,0.00000000000002,1.57079632679489,0.,0.,    1353P   1349
1.;                                                                 1353P   1350
126,1,1,1,0,1,0,-0.0015,-0.0015,0.00508,0.00508,1.,1.,-0.,          1355P   1351
1.57079632679491,0.,1.,1.57079632679491,0.,-0.0015,0.00508,0.,      1355P   1352
0.,1.;                                                              1355P   1353
102,4,1349,1351,1353,1355;                                          1357P   1354
124,1.,0.,0.,-7.3,0.,-1.,0.,5.55,0.,0.,-1.,0.;                      1359P   1355
100,0.,0.,0.,0.,-0.15,0.15,-0.;                                     1361P   1356
110,-7.15,5.55,0.,-7.15,5.55,6.58;                                  1363P   1357
124,1.,0.,0.,-7.3,0.,1.,0.,5.55,0.,0.,1.,6.58;                      1365P   1358
100,0.,0.,0.,0.15,0.,0.,0.15;                                       1367P   1359
110,-7.3,5.7,6.58,-7.3,5.7,0.;                                      1369P   1360
102,4,1361,1363,1367,1369;                                          1371P   1361
142,1,1347,1357,1371,2;                                             1373P   1362
144,1347,1,0,1373;                                                  1375P   1363
110,-7.15,4.25,0.,-7.15,4.25,6.58;                                  1377P   1364
122,1377,-7.15,5.55,0.;                                             1379P   1365
126,1,1,1,0,1,0,0.,0.,0.0013,0.0013,1.,1.,-0.,1.,0.,-0.,0.,0.,      1381P   1366
0.,0.0013,0.,0.,1.;                                                 1381P   1367
126,1,1,1,0,1,0,-0.00508,-0.00508,0.0015,0.0015,1.,1.,-0.,0.,0.,    1383P   1368
1.,0.,0.,-0.00508,0.0015,0.,0.,1.;                                  1383P   1369
126,1,1,1,0,1,0,-0.0013,-0.0013,0.,0.,1.,1.,1.,0.,0.,1.,1.,0.,      1385P   1370
-0.0013,0.,0.,0.,1.;                                                1385P   1371
126,1,1,1,0,1,0,-0.0015,-0.0015,0.00508,0.00508,1.,1.,1.,1.,0.,     1387P   1372
-0.,1.,0.,-0.0015,0.00508,0.,0.,1.;                                 1387P   1373
102,4,1381,1383,1385,1387;                                          1389P   1374
110,-7.15,5.55,0.,-7.15,4.25,0.;                                    1391P   1375
110,-7.15,4.25,0.,-7.15,4.25,6.58;                                  1393P   1376
110,-7.15,4.25,6.58,-7.15,5.55,6.58;                                1395P   1377
110,-7.15,5.55,6.58,-7.15,5.55,0.;                                  1397P   1378
102,4,1391,1393,1395,1397;                                          1399P   1379
142,1,1379,1389,1399,2;                                             1401P   1380
144,1379,1,0,1401;                                                  1403P   1381
110,-7.3,4.25,5.08,-7.3,4.25,-994.92000000000007;                   1405P   1382
110,-7.45,4.25,6.58,-7.45,4.25,0.;                                  1407P   1383
120,1405,1407,0.,6.28318530717959;                                  1409P   1384
126,1,1,1,0,1,0,-6.28318530717958,-6.28318530717958,                1411P   1385
-4.7123889803847,-4.7123889803847,1.,1.,1.,3.1415926535898,0.,      1411P   1386
1.,4.71238898038468,0.,-6.28318530717958,-4.7123889803847,0.,0.,    1411P   1387
1.;                                                                 1411P   1388
126,1,1,1,0,1,0,-0.00508,-0.00508,0.0015,0.0015,1.,1.,1.,           1413P   1389
4.71238898038468,0.,-0.,4.71238898038468,0.,-0.00508,0.0015,0.,     1413P   1390
0.,1.;                                                              1413P   1391
126,1,1,1,0,1,0,4.7123889803847,4.7123889803847,                    1415P   1392
6.28318530717958,6.28318530717958,1.,1.,-0.,4.71238898038468,0.,    1415P   1393
-0.,3.1415926535898,0.,4.7123889803847,6.28318530717958,0.,0.,      1415P   1394
1.;                                                                 1415P   1395
126,1,1,1,0,1,0,-0.0015,-0.0015,0.00508,0.00508,1.,1.,-0.,          1417P   1396
3.1415926535898,0.,1.,3.1415926535898,0.,-0.0015,0.00508,0.,0.,     1417P   1397
1.;                                                                 1417P   1398
102,4,1411,1413,1415,1417;                                          1419P   1399
124,1.,0.,0.,-7.3,0.,-1.,0.,4.25,0.,0.,-1.,0.;                      1421P   1400
100,0.,0.,0.,0.15,0.,0.,0.15;                                       1423P   1401
110,-7.3,4.1,0.,-7.3,4.1,6.58;                                      1425P   1402
124,1.,0.,0.,-7.3,0.,1.,0.,4.25,0.,0.,1.,6.58;                      1427P   1403
100,0.,0.,0.,0.,-0.15,0.15,-0.;                                     1429P   1404
110,-7.15,4.25,6.58,-7.15,4.25,0.;                                  1431P   1405
102,4,1423,1425,1429,1431;                                          1433P   1406
142,1,1409,1419,1433,2;                                             1435P   1407
144,1409,1,0,1435;                                                  1437P   1408
110,-7.3,0.2,0.,-7.3,0.2,6.58;                                      1439P   1409
122,1439,-7.3,4.1,0.;                                               1441P   1410
126,1,1,1,0,1,0,-0.00358,-0.00358,-0.00254,-0.00254,1.,1.,          1443P   1411
0.22796352583587,0.02564102564103,0.,0.38601823708207,              1443P   1412
0.02564102564103,0.,-0.00358,-0.00254,0.,0.,1.;                     1443P   1413
126,1,1,1,0,1,0,0.0007,0.0007,0.0008,0.0008,1.,1.,                  1445P   1414
0.38601823708207,0.02564102564103,0.,0.38601823708207,0.,0.,        1445P   1415
0.0007,0.0008,0.,0.,1.;                                             1445P   1416
126,1,1,1,0,1,0,-0.0015,-0.0015,0.,0.,1.,1.,0.38601823708207,0.,    1447P   1417
0.,0.61398176291793,0.,0.,-0.0015,0.,0.,0.,1.;                      1447P   1418
126,1,1,1,0,1,0,-0.0008,-0.0008,-0.0007,-0.0007,1.,1.,              1449P   1419
0.61398176291793,0.,0.,0.61398176291793,0.02564102564103,0.,        1449P   1420
-0.0008,-0.0007,0.,0.,1.;                                           1449P   1421
126,1,1,1,0,1,0,-0.00104,-0.00104,0.,0.,1.,1.,0.61398176291793,     1451P   1422
0.02564102564103,0.,0.77203647416413,0.02564102564103,0.,           1451P   1423
-0.00104,0.,0.,0.,1.;                                               1451P   1424
126,1,1,1,0,1,0,0.0038,0.0038,0.0039,0.0039,1.,1.,                  1453P   1425
0.77203647416413,0.02564102564103,0.,0.77203647416413,0.,0.,        1453P   1426
0.0038,0.0039,0.,0.,1.;                                             1453P   1427
126,1,1,1,0,1,0,-0.0015,-0.0015,0.,0.,1.,1.,0.77203647416413,0.,    1455P   1428
0.,1.,0.,0.,-0.0015,0.,0.,0.,1.;                                    1455P   1429
126,1,1,1,0,1,0,-0.0039,-0.0039,-0.,-0.,1.,1.,1.,0.,0.,1.,1.,0.,    1457P   1430
-0.0039,-0.,0.,0.,1.;                                               1457P   1431
126,1,1,1,0,1,0,-0.0015,-0.0015,0.00508,0.00508,1.,1.,1.,1.,0.,     1459P   1432
-0.,1.,0.,-0.0015,0.00508,0.,0.,1.;                                 1459P   1433
126,1,1,1,0,1,0,0.,0.,0.0039,0.0039,1.,1.,-0.,1.,0.,-0.,0.,0.,      1461P   1434
0.,0.0039,0.,0.,1.;                                                 1461P   1435
126,1,1,1,0,1,0,-0.0015,-0.0015,0.,0.,1.,1.,-0.,0.,0.,              1463P   1436
0.22796352583587,0.,0.,-0.0015,0.,0.,0.,1.;                         1463P   1437
126,1,1,1,0,1,0,-0.0008,-0.0008,-0.0007,-0.0007,1.,1.,              1465P   1438
0.22796352583587,0.,0.,0.22796352583587,0.02564102564103,0.,        1465P   1439
-0.0008,-0.0007,0.,0.,1.;                                           1465P   1440
102,12,1443,1445,1447,1449,1451,1453,1455,1457,1459,1461,1463,      1467P   1441
1465;                                                               1467P   1442
110,-7.3,0.3,1.5,-7.3,0.3,2.54;                                     1469P   1443
110,-7.3,0.3,2.54,-7.3,0.2,2.54;                                    1471P   1444
110,-7.3,0.2,2.54,-7.3,0.2,4.04;                                    1473P   1445
110,-7.3,0.2,4.04,-7.3,0.3,4.04;                                    1475P   1446
110,-7.3,0.3,4.04,-7.3,0.3,5.08;                                    1477P   1447
110,-7.3,0.3,5.08,-7.3,0.2,5.08;                                    1479P   1448
110,-7.3,0.2,5.08,-7.3,0.2,6.58;                                    1481P   1449
110,-7.3,0.2,6.58,-7.3,4.1,6.58;                                    1483P   1450
110,-7.3,4.1,6.58,-7.3,4.1,0.;                                      1485P   1451
110,-7.3,4.1,0.,-7.3,0.2,0.;                                        1487P   1452
110,-7.3,0.2,0.,-7.3,0.2,1.5;                                       1489P   1453
110,-7.3,0.2,1.5,-7.3,0.3,1.5;                                      1491P   1454
102,12,1469,1471,1473,1475,1477,1479,1481,1483,1485,1487,1489,      1493P   1455
1491;                                                               1493P   1456
142,1,1441,1467,1493,2;                                             1495P   1457
144,1441,1,0,1495;                                                  1497P   1458
110,4.7,0.2,6.58,4.7,0.2,0.;                                        1499P   1459
122,1499,4.7,6.59289321881345,6.58;                                 1501P   1460
126,1,1,1,0,1,0,0.,0.,0.00104,0.00104,1.,1.,0.22796352583587,       1503P   1461
0.01564236982806,0.,0.38601823708207,0.01564236982806,0.,0.,        1503P   1462
0.00104,0.,0.,1.;                                                   1503P   1463
126,1,1,1,0,1,0,-0.0001,-0.0001,-0.,-0.,1.,1.,0.38601823708207,     1505P   1464
0.01564236982806,0.,0.38601823708207,0.,0.,-0.0001,-0.,0.,0.,1.;    1505P   1465
126,1,1,1,0,1,0,0.,0.,0.0015,0.0015,1.,1.,0.38601823708207,0.,      1507P   1466
0.,0.61398176291793,0.,0.,0.,0.0015,0.,0.,1.;                       1507P   1467
126,1,1,1,0,1,0,0.,0.,0.0001,0.0001,1.,1.,0.61398176291793,0.,      1509P   1468
0.,0.61398176291793,0.01564236982806,0.,0.,0.0001,0.,0.,1.;         1509P   1469
126,1,1,1,0,1,0,0.00254,0.00254,0.00358,0.00358,1.,1.,              1511P   1470
0.61398176291793,0.01564236982806,0.,0.77203647416413,              1511P   1471
0.01564236982806,0.,0.00254,0.00358,0.,0.,1.;                       1511P   1472
126,1,1,1,0,1,0,-0.0001,-0.0001,-0.,-0.,1.,1.,0.77203647416413,     1513P   1473
0.01564236982806,0.,0.77203647416413,0.,0.,-0.0001,-0.,0.,0.,1.;    1513P   1474
126,1,1,1,0,1,0,0.,0.,0.0015,0.0015,1.,1.,0.77203647416413,0.,      1515P   1475
0.,1.,0.,0.,0.,0.0015,0.,0.,1.;                                     1515P   1476
126,1,1,1,0,1,0,-0.0001,-0.0001,0.00629289321881,                   1517P   1477
0.00629289321881,1.,1.,1.,0.,0.,1.,1.,0.,-0.0001,                   1517P   1478
0.00629289321881,0.,0.,1.;                                          1517P   1479
126,1,1,1,0,1,0,-0.00508,-0.00508,0.0015,0.0015,1.,1.,1.,1.,0.,     1519P   1480
-0.,1.,0.,-0.00508,0.0015,0.,0.,1.;                                 1519P   1481
126,1,1,1,0,1,0,-0.00639289321881,-0.00639289321881,0.,0.,1.,1.,    1521P   1482
-0.,1.,0.,-0.,0.,0.,-0.00639289321881,-0.,0.,0.,1.;                 1521P   1483
126,1,1,1,0,1,0,0.,0.,0.0015,0.0015,1.,1.,-0.,0.,0.,                1523P   1484
0.22796352583587,0.,0.,0.,0.0015,0.,0.,1.;                          1523P   1485
126,1,1,1,0,1,0,0.,0.,0.0001,0.0001,1.,1.,0.22796352583587,0.,      1525P   1486
0.,0.22796352583587,0.01564236982806,0.,0.,0.0001,0.,0.,1.;         1525P   1487
102,12,1503,1505,1507,1509,1511,1513,1515,1517,1519,1521,1523,      1527P   1488
1525;                                                               1527P   1489
110,4.7,0.3,5.08,4.7,0.3,4.04;                                      1529P   1490
110,4.7,0.3,4.04,4.7,0.2,4.04;                                      1531P   1491
110,4.7,0.2,4.04,4.7,0.2,2.54;                                      1533P   1492
110,4.7,0.2,2.54,4.7,0.3,2.54;                                      1535P   1493
110,4.7,0.3,2.54,4.7,0.3,1.5;                                       1537P   1494
110,4.7,0.3,1.5,4.7,0.2,1.5;                                        1539P   1495
110,4.7,0.2,1.5,4.7,0.2,0.;                                         1541P   1496
110,4.7,0.2,0.,4.7,6.59289321881345,0.;                             1543P   1497
110,4.7,6.59289321881345,0.,4.7,6.59289321881345,6.58;              1545P   1498
110,4.7,6.59289321881345,6.58,4.7,0.2,6.58;                         1547P   1499
110,4.7,0.2,6.58,4.7,0.2,5.08;                                      1549P   1500
110,4.7,0.2,5.08,4.7,0.3,5.08;                                      1551P   1501
102,12,1529,1531,1533,1535,1537,1539,1541,1543,1545,1547,1549,      1553P   1502
1551;                                                               1553P   1503
142,1,1501,1527,1553,2;                                             1555P   1504
144,1501,1,0,1555;                                                  1557P   1505
110,4.20000000000002,6.59289321881346,5.08,4.20000000000002,        1559P   1506
6.59289321881346,-994.92000000000007;                               1559P   1507
110,3.70000000000004,6.59289321881346,0.,3.70000000000004,          1561P   1508
6.59289321881346,6.58;                                              1561P   1509
120,1559,1561,0.,6.28318530717959;                                  1563P   1510
126,1,1,1,0,1,0,-0.00000000000002,-0.00000000000002,                1565P   1511
0.78539816339747,0.78539816339747,1.,1.,-0.,3.14159265358981,0.,    1565P   1512
-0.,2.35619449019233,0.,-0.00000000000002,0.78539816339747,0.,      1565P   1513
0.,1.;                                                              1565P   1514
126,1,1,1,0,1,0,-0.00508,-0.00508,0.0015,0.0015,1.,1.,-0.,          1567P   1515
2.35619449019233,0.,1.,2.35619449019233,0.,-0.00508,0.0015,0.,      1567P   1516
0.,1.;                                                              1567P   1517
126,1,1,1,0,1,0,-0.78539816339745,-0.78539816339745,                1569P   1518
-0.00000000000001,-0.00000000000001,1.,1.,1.,2.35619449019233,      1569P   1519
0.,1.,3.14159265358981,0.,-0.78539816339745,-0.00000000000001,      1569P   1520
0.,0.,1.;                                                           1569P   1521
126,1,1,1,0,1,0,-0.0015,-0.0015,0.00508,0.00508,1.,1.,1.,           1571P   1522
3.14159265358981,0.,-0.,3.14159265358981,0.,-0.0015,0.00508,0.,     1571P   1523
0.,1.;                                                              1571P   1524
102,4,1565,1567,1569,1571;                                          1573P   1525
124,1.,0.,0.,4.20000000000002,0.,1.,0.,6.59289321881346,0.,0.,      1575P   1526
1.,0.;                                                              1575P   1527
100,0.,0.,0.,0.49999999999998,-0.00000000000001,                    1577P   1528
0.35355339059325,0.35355339059326;                                  1577P   1529
110,4.55355339059327,6.94644660940673,0.,4.55355339059327,          1579P   1530
6.94644660940673,6.58;                                              1579P   1531
124,1.,0.,0.,4.2,0.,-1.,0.,6.59289321881345,0.,0.,-1.,6.58;         1581P   1532
100,0.,0.,0.,0.35355339059328,-0.35355339059328,0.5,-0.;            1583P   1533
110,4.7,6.59289321881345,6.58,4.7,6.59289321881345,0.;              1585P   1534
102,4,1577,1579,1583,1585;                                          1587P   1535
142,1,1563,1573,1587,2;                                             1589P   1536
144,1563,1,0,1589;                                                  1591P   1537
110,-6.11276469208288,11.,5.08,-6.11276469208288,11.,               1593P   1538
-994.92000000000007;                                                1593P   1539
110,-6.61276469208288,11.,0.,-6.61276469208288,11.,6.58;            1595P   1540
120,1593,1595,0.,6.28318530717959;                                  1597P   1541
126,1,1,1,0,1,0,1.5707963267949,1.5707963267949,                    1599P   1542
2.79252680319092,2.79252680319092,1.,1.,-0.,1.57079632679489,0.,    1599P   1543
-0.,0.34906585039887,0.,1.5707963267949,2.79252680319092,0.,0.,     1599P   1544
1.;                                                                 1599P   1545
126,1,1,1,0,1,0,-0.00508,-0.00508,0.0015,0.0015,1.,1.,-0.,          1601P   1546
0.34906585039887,0.,1.,0.34906585039887,0.,-0.00508,0.0015,0.,      1601P   1547
0.,1.;                                                              1601P   1548
126,1,1,1,0,1,0,-2.79252680319092,-2.79252680319092,                1603P   1549
-1.5707963267949,-1.5707963267949,1.,1.,1.,0.34906585039887,0.,     1603P   1550
1.,1.57079632679489,0.,-2.79252680319092,-1.5707963267949,0.,0.,    1603P   1551
1.;                                                                 1603P   1552
126,1,1,1,0,1,0,-0.0015,-0.0015,0.00508,0.00508,1.,1.,1.,           1605P   1553
1.57079632679489,0.,-0.,1.57079632679489,0.,-0.0015,0.00508,0.,     1605P   1554
0.,1.;                                                              1605P   1555
102,4,1599,1601,1603,1605;                                          1607P   1556
124,1.,0.,0.,-6.11276469208288,0.,1.,0.,11.,0.,0.,1.,0.;            1609P   1557
100,0.,0.,0.,-0.,0.5,-0.46984631039296,0.17101007166284;            1611P   1558
110,-6.58261100247583,11.17101007166284,0.,-6.58261100247583,       1613P   1559
11.17101007166284,6.58;                                             1613P   1560
124,1.,0.,0.,-6.11276469208288,0.,-1.,0.,11.,0.,0.,-1.,6.58;        1615P   1561
100,0.,0.,0.,-0.46984631039296,-0.17101007166284,-0.,-0.5;          1617P   1562
110,-6.11276469208288,11.5,6.58,-6.11276469208288,11.5,0.;          1619P   1563
102,4,1611,1613,1617,1619;                                          1621P   1564
142,1,1597,1607,1621,2;                                             1623P   1565
144,1597,1,0,1623;                                                  1625P   1566
110,-6.58261100247583,11.17101007166284,0.,-7.3,9.2,0.;             1627P   1567
122,1627,-6.58261100247583,11.17101007166284,6.58;                  1629P   1568
126,1,1,1,0,1,0,0.,0.,0.00209750510759,0.00209750510759,1.,1.,      1631P   1569
0.,0.,0.,1.,0.,0.,0.,0.00209750510759,0.,0.,1.;                     1631P   1570
126,1,1,1,0,1,0,-0.00508,-0.00508,0.0015,0.0015,1.,1.,1.,0.,0.,     1633P   1571
1.,1.,0.,-0.00508,0.0015,0.,0.,1.;                                  1633P   1572
126,1,1,1,0,1,0,-0.00209750510759,-0.00209750510759,0.,0.,1.,1.,    1635P   1573
1.,1.,0.,0.,1.,0.,-0.00209750510759,0.,0.,0.,1.;                    1635P   1574
126,1,1,1,0,1,0,-0.0015,-0.0015,0.00508,0.00508,1.,1.,0.,1.,0.,     1637P   1575
0.,0.,0.,-0.0015,0.00508,0.,0.,1.;                                  1637P   1576
102,4,1631,1633,1635,1637;                                          1639P   1577
110,-6.58261100247583,11.17101007166284,0.,-7.3,9.2,0.;             1641P   1578
110,-7.3,9.2,0.,-7.3,9.2,6.58;                                      1643P   1579
110,-7.3,9.2,6.58,-6.58261100247583,11.17101007166284,6.58;         1645P   1580
110,-6.58261100247583,11.17101007166284,6.58,-6.58261100247583,     1647P   1581
11.17101007166284,0.;                                               1647P   1582
102,4,1641,1643,1645,1647;                                          1649P   1583
142,1,1629,1639,1649,2;                                             1651P   1584
144,1629,1,0,1651;                                                  1653P   1585
110,4.7,0.,0.,-7.3,0.,0.;                                           1655P   1586
122,1655,4.7,11.5,0.;                                               1657P   1587
126,1,1,1,0,1,0,-0.0112,-0.0112,-0.0008,-0.0008,1.,1.,              1659P   1588
0.06666666666667,0.02608695652174,0.,0.93333333333333,              1659P   1589
0.02608695652174,0.,-0.0112,-0.0008,0.,0.,1.;                       1659P   1590
126,1,1,1,0,1,0,-0.0003,-0.0003,0.,0.,1.,1.,0.93333333333333,       1661P   1591
0.02608695652174,0.,0.93333333333333,0.,0.,-0.0003,0.,0.,0.,1.;     1661P   1592
126,1,1,1,0,1,0,-0.0006,-0.0006,0.,0.,1.,1.,0.93333333333333,0.,    1663P   1593
0.,0.98333333333333,0.,0.,-0.0006,0.,0.,0.,1.;                      1663P   1594
126,4,2,1,0,1,0,-4.71238898038469,-4.71238898038469,                1665P   1595
-4.71238898038469,-3.92699081698724,-3.92699081698724,              1665P   1596
-3.14159265358979,-3.14159265358979,-3.14159265358979,1.,1.,1.,     1665P   1597
1.,1.,0.98333333333333,0.,0.,0.99023689270622,0.,0.,                1665P   1598
0.99511844635311,0.0050937951098,0.,1.,0.0101875902196,0.,1.,       1665P   1599
0.01739130434783,0.,-4.71238898038469,-3.14159265358979,0.,0.,      1665P   1600
1.;                                                                 1665P   1601
126,1,1,1,0,1,0,-0.0039,-0.0039,-0.,-0.,1.,1.,1.,                   1667P   1602
0.01739130434783,0.,1.,0.35652173913043,0.,-0.0039,-0.,0.,0.,1.;    1667P   1603
126,4,2,1,0,1,0,4.7123889803847,4.7123889803847,4.7123889803847,    1669P   1604
5.49778714378214,5.49778714378214,6.28318530717958,                 1669P   1605
6.28318530717958,6.28318530717958,1.,1.,1.,1.,1.,1.,                1669P   1606
0.35652173913043,0.,0.99482233047034,0.35652173913043,0.,           1669P   1607
0.99116116523517,0.36034208546278,0.,0.9875,0.36416243179513,0.,    1669P   1608
0.9875,0.3695652173913,0.,4.7123889803847,6.28318530717958,0.,      1669P   1609
0.,1.;                                                              1669P   1610
126,1,1,1,0,1,0,-0.0013,-0.0013,0.,0.,1.,1.,0.9875,                 1671P   1611
0.3695652173913,0.,0.9875,0.48260869565217,0.,-0.0013,0.,0.,0.,     1671P   1612
1.;                                                                 1671P   1613
126,4,2,1,0,1,0,0.00000000000002,0.00000000000002,                  1673P   1614
0.00000000000002,0.78539816339745,0.78539816339745,                 1673P   1615
1.57079632679489,1.57079632679489,1.57079632679489,1.,1.,1.,1.,     1673P   1616
1.,0.9875,0.48260869565217,0.,0.9875,0.48801148124834,0.,           1673P   1617
0.99116116523517,0.49183182758069,0.,0.99482233047034,              1673P   1618
0.49565217391304,0.,1.,0.49565217391304,0.,0.00000000000002,        1673P   1619
1.57079632679489,0.,0.,1.;                                          1673P   1620
126,1,1,1,0,1,0,-0.0035,-0.0035,0.,0.,1.,1.,1.,0.49565217391304,    1675P   1621
0.,1.,0.8,0.,-0.0035,0.,0.,0.,1.;                                   1675P   1622
126,1,1,1,0,1,0,-0.00209750510759,-0.00209750510759,0.,0.,1.,1.,    1677P   1623
1.,0.8,0.,0.94021758353965,0.97139218014459,0.,                     1677P   1624
-0.00209750510759,0.,0.,0.,1.;                                      1677P   1625
126,4,2,1,0,1,0,-2.79252680319092,-2.79252680319092,                1679P   1626
-2.79252680319092,-2.18166156499291,-2.18166156499291,              1679P   1627
-1.5707963267949,-1.5707963267949,-1.5707963267949,1.,1.,1.,1.,     1679P   1628
1.,0.94021758353965,0.97139218014459,0.,0.9357243111662,            1679P   1629
0.98427409080774,0.,0.92496274252153,0.99213704540387,0.,           1679P   1630
0.91420117387686,1.,0.,0.90106372434024,1.,0.,-2.79252680319092,    1679P   1631
-1.5707963267949,0.,0.,1.;                                          1679P   1632
126,1,1,1,0,1,0,-0.0059056579109,-0.0059056579109,0.,0.,1.,1.,      1681P   1633
0.90106372434024,1.,0.,0.40892556509888,1.,0.,-0.0059056579109,     1681P   1634
-0.,0.,0.,1.;                                                       1681P   1635
126,4,2,1,0,1,0,-1.57079632679489,-1.57079632679489,                1683P   1636
-1.57079632679489,-1.17809724509617,-1.17809724509617,              1683P   1637
-0.78539816339745,-0.78539816339745,-0.78539816339745,1.,1.,1.,     1683P   1638
1.,1.,0.40892556509888,1.,0.,0.40063754979139,1.,0.,                1683P   1639
0.39298042208367,0.99669041445701,0.,0.38532329437594,              1683P   1640
0.99338082891403,0.,0.37946278254944,0.9872655122255,0.,            1683P   1641
-1.57079632679489,-0.78539816339745,0.,0.,1.;                       1683P   1642
126,1,1,1,0,1,0,-0.00623259018078,-0.00623259018078,0.,0.,1.,1.,    1685P   1643
0.37946278254944,0.9872655122255,0.,0.01220388411723,               1685P   1644
0.60403883560058,0.,-0.00623259018078,0.,0.,0.,1.;                  1685P   1645
126,4,2,1,0,1,0,-0.78539816339747,-0.78539816339747,                1687P   1646
-0.78539816339747,-0.39269908169872,-0.39269908169872,              1687P   1647
0.00000000000002,0.00000000000002,0.00000000000002,1.,1.,1.,1.,     1687P   1648
1.,0.01220388411723,0.60403883560058,0.,0.00634337229073,           1687P   1649
0.59792351891206,0.,0.00317168614536,0.58993347260835,0.,0.,        1687P   1650
0.58194342630463,0.,0.,0.57329506250552,0.,-0.78539816339747,       1687P   1651
0.00000000000002,0.,0.,1.;                                          1687P   1652
126,1,1,1,0,1,0,-0.00629289321881,-0.00629289321881,0.0001,         1689P   1653
0.0001,1.,1.,0.,0.57329506250552,0.,0.,0.01739130434783,0.,         1689P   1654
-0.00629289321881,0.0001,0.,0.,1.;                                  1689P   1655
126,4,2,1,0,1,0,-6.28318530717958,-6.28318530717958,                1691P   1656
-6.28318530717958,-5.49778714378214,-5.49778714378214,              1691P   1657
-4.71238898038469,-4.71238898038469,-4.71238898038469,1.,1.,1.,     1691P   1658
1.,1.,0.,0.01739130434783,0.,0.,0.0101875902196,0.,                 1691P   1659
0.00488155364689,0.0050937951098,0.,0.00976310729378,0.,0.,         1691P   1660
0.01666666666667,0.,0.,-6.28318530717958,-4.71238898038469,0.,      1691P   1661
0.,1.;                                                              1691P   1662
126,1,1,1,0,1,0,-0.0006,-0.0006,0.,0.,1.,1.,0.01666666666667,0.,    1693P   1663
0.,0.06666666666667,0.,0.,-0.0006,0.,0.,0.,1.;                      1693P   1664
126,1,1,1,0,1,0,-0.0005,-0.0005,-0.0002,-0.0002,1.,1.,              1695P   1665
0.06666666666667,0.,0.,0.06666666666667,0.02608695652174,0.,        1695P   1666
-0.0005,-0.0002,0.,0.,1.;                                           1695P   1667
102,19,1659,1661,1663,1665,1667,1669,1671,1673,1675,1677,1679,      1697P   1668
1681,1683,1685,1687,1689,1691,1693,1695;                            1697P   1669
110,3.9,0.3,0.,-6.5,0.3,0.;                                         1699P   1670
110,-6.5,0.3,0.,-6.5,0.,0.;                                         1701P   1671
110,-6.5,0.,0.,-7.1,0.,0.;                                          1703P   1672
124,1.,0.,0.,-7.1,0.,-1.,0.,0.2,0.,0.,-1.,0.;                       1705P   1673
100,0.,0.,0.,-0.,0.2,-0.2,-0.;                                      1707P   1674
110,-7.3,0.2,0.,-7.3,4.1,0.;                                        1709P   1675
124,1.,0.,0.,-7.3,0.,1.,0.,4.25,0.,0.,1.,0.;                        1711P   1676
100,0.,0.,0.,0.,-0.15,0.15,-0.;                                     1713P   1677
110,-7.15,4.25,0.,-7.15,5.55,0.;                                    1715P   1678
124,1.,0.,0.,-7.3,0.,1.,0.,5.55,0.,0.,1.,0.;                        1717P   1679
100,0.,0.,0.,0.15,0.,0.,0.15;                                       1719P   1680
110,-7.3,5.7,0.,-7.3,9.2,0.;                                        1721P   1681
110,-7.3,9.2,0.,-6.58261100247583,11.17101007166284,0.;             1723P   1682
124,1.,0.,0.,-6.11276469208288,0.,-1.,0.,11.,0.,0.,-1.,0.;          1725P   1683
100,0.,0.,0.,-0.46984631039296,-0.17101007166284,-0.,-0.5;          1727P   1684
110,-6.11276469208288,11.5,0.,-0.20710678118654,11.5,0.;            1729P   1685
124,1.,0.,0.,-0.20710678118655,0.,-1.,0.,11.,0.,0.,-1.,0.;          1731P   1686
100,0.,0.,0.,0.,-0.5,0.35355339059328,-0.35355339059328;            1733P   1687
110,0.14644660940673,11.35355339059327,0.,4.55355339059327,         1735P   1688
6.94644660940673,0.;                                                1735P   1689
124,1.,0.,0.,4.20000000000002,0.,-1.,0.,6.59289321881346,0.,0.,     1737P   1690
-1.,0.;                                                             1737P   1691
100,0.,0.,0.,0.35355339059325,-0.35355339059326,                    1739P   1692
0.49999999999998,0.00000000000001;                                  1739P   1693
110,4.7,6.59289321881345,0.,4.7,0.2,0.;                             1741P   1694
124,1.,0.,0.,4.5,0.,-1.,0.,0.2,0.,0.,-1.,0.;                        1743P   1695
100,0.,0.,0.,0.2,0.,0.,0.2;                                         1745P   1696
110,4.5,0.,0.,3.9,0.,0.;                                            1747P   1697
110,3.9,0.,0.,3.9,0.3,0.;                                           1749P   1698
102,19,1699,1701,1703,1707,1709,1713,1715,1719,1721,1723,1727,      1751P   1699
1729,1733,1735,1739,1741,1745,1747,1749;                            1751P   1700
142,1,1657,1697,1751,2;                                             1753P   1701
144,1657,1,0,1753;                                                  1755P   1702
110,3.9,0.,1.5,3.9,0.,0.;                                           1757P   1703
122,1757,4.5,0.,1.5;                                                1759P   1704
126,1,1,1,0,1,0,0.,0.,0.0006,0.0006,1.,1.,1.,0.,0.,1.,1.,0.,0.,     1761P   1705
0.0006,0.,0.,1.;                                                    1761P   1706
126,1,1,1,0,1,0,-0.0015,-0.0015,0.,0.,1.,1.,1.,1.,0.,0.,1.,0.,      1763P   1707
-0.0015,0.,0.,0.,1.;                                                1763P   1708
126,1,1,1,0,1,0,-0.0006,-0.0006,0.,0.,1.,1.,0.,1.,0.,0.,0.,0.,      1765P   1709
-0.0006,0.,0.,0.,1.;                                                1765P   1710
126,1,1,1,0,1,0,0.,0.,0.0015,0.0015,1.,1.,0.,0.,0.,1.,0.,0.,0.,     1767P   1711
0.0015,0.,0.,1.;                                                    1767P   1712
102,4,1761,1763,1765,1767;                                          1769P   1713
110,3.9,0.,0.,4.5,0.,0.;                                            1771P   1714
110,4.5,0.,0.,4.5,0.,1.5;                                           1773P   1715
110,4.5,0.,1.5,3.9,0.,1.5;                                          1775P   1716
110,3.9,0.,1.5,3.9,0.,0.;                                           1777P   1717
102,4,1771,1773,1775,1777;                                          1779P   1718
142,1,1759,1769,1779,2;                                             1781P   1719
144,1759,1,0,1781;                                                  1783P   1720
110,4.5,0.2,1.5,4.5,0.2,-998.5;                                     1785P   1721
110,4.3,0.2,0.,4.3,0.2,1.5;                                         1787P   1722
120,1785,1787,0.,6.28318530717959;                                  1789P   1723
126,1,1,1,0,1,0,4.71238898038469,4.71238898038469,                  1791P   1724
6.28318530717958,6.28318530717958,1.,1.,0.,4.71238898038469,0.,     1791P   1725
0.,3.14159265358979,0.,4.71238898038469,6.28318530717958,0.,0.,     1791P   1726
1.;                                                                 1791P   1727
126,1,1,1,0,1,0,-0.0015,-0.0015,0.,0.,1.,1.,0.,3.14159265358979,    1793P   1728
0.,1.,3.14159265358979,0.,-0.0015,0.,0.,0.,1.;                      1793P   1729
126,1,1,1,0,1,0,-6.28318530717958,-6.28318530717958,                1795P   1730
-4.71238898038469,-4.71238898038469,1.,1.,1.,3.14159265358979,      1795P   1731
0.,1.,4.71238898038469,0.,-6.28318530717958,-4.71238898038469,      1795P   1732
0.,0.,1.;                                                           1795P   1733
126,1,1,1,0,1,0,0.,0.,0.0015,0.0015,1.,1.,1.,4.71238898038469,      1797P   1734
0.,0.,4.71238898038469,0.,0.,0.0015,0.,0.,1.;                       1797P   1735
102,4,1791,1793,1795,1797;                                          1799P   1736
124,1.,0.,0.,4.5,0.,1.,0.,0.2,0.,0.,1.,0.;                          1801P   1737
100,0.,0.,0.,0.,-0.2,0.2,-0.;                                       1803P   1738
110,4.7,0.2,0.,4.7,0.2,1.5;                                         1805P   1739
124,1.,0.,0.,4.5,0.,-1.,0.,0.2,0.,0.,-1.,1.5;                       1807P   1740
100,0.,0.,0.,0.2,0.,0.,0.2;                                         1809P   1741
110,4.5,0.,1.5,4.5,0.,0.;                                           1811P   1742
102,4,1803,1805,1809,1811;                                          1813P   1743
142,1,1789,1799,1813,2;                                             1815P   1744
144,1789,1,0,1815;                                                  1817P   1745
110,3.9,0.,1.5,4.7,0.,1.5;                                          1819P   1746
122,1819,3.9,0.3,1.5;                                               1821P   1747
126,1,1,1,0,1,0,-0.012,-0.012,-0.0112,-0.0112,1.,1.,1.,1.,0.,       1823P   1748
-0.,1.,0.,-0.012,-0.0112,0.,0.,1.;                                  1823P   1749
126,1,1,1,0,1,0,0.0002,0.0002,0.0005,0.0005,1.,1.,-0.,1.,0.,-0.,    1825P   1750
0.,0.,0.0002,0.0005,0.,0.,1.;                                       1825P   1751
126,1,1,1,0,1,0,0.,0.,0.0006,0.0006,1.,1.,-0.,0.,0.,0.75,0.,0.,     1827P   1752
0.,0.0006,0.,0.,1.;                                                 1827P   1753
126,4,2,1,0,1,0,4.71238898038469,4.71238898038469,                  1829P   1754
4.71238898038469,5.49778714378214,5.49778714378214,                 1829P   1755
6.28318530717958,6.28318530717958,6.28318530717958,1.,1.,1.,1.,     1829P   1756
1.,0.75,0.,0.,0.85355339059327,0.,0.,0.92677669529663,              1829P   1757
0.19526214587564,0.,1.,0.39052429175128,0.,1.,0.66666666666667,     1829P   1758
0.,4.71238898038469,6.28318530717958,0.,0.,1.;                      1829P   1759
126,1,1,1,0,1,0,0.,0.,0.0001,0.0001,1.,1.,1.,0.66666666666667,      1831P   1760
0.,1.,1.,0.,0.,0.0001,0.,0.,1.;                                     1831P   1761
102,5,1823,1825,1827,1829,1831;                                     1833P   1762
110,4.7,0.3,1.5,3.9,0.3,1.5;                                        1835P   1763
110,3.9,0.3,1.5,3.9,0.,1.5;                                         1837P   1764
110,3.9,0.,1.5,4.5,0.,1.5;                                          1839P   1765
124,1.,0.,0.,4.5,0.,1.,0.,0.2,0.,0.,1.,1.5;                         1841P   1766
100,0.,0.,0.,0.,-0.2,0.2,-0.;                                       1843P   1767
110,4.7,0.2,1.5,4.7,0.3,1.5;                                        1845P   1768
102,5,1835,1837,1839,1843,1845;                                     1847P   1769
142,1,1821,1833,1847,2;                                             1849P   1770
144,1821,1,0,1849;                                                  1851P   1771
110,3.9,0.3,0.,3.9,0.,0.;                                           1853P   1772
122,1853,3.9,0.3,1.5;                                               1855P   1773
126,1,1,1,0,1,0,-0.0005,-0.0005,-0.0002,-0.0002,1.,1.,1.,1.,0.,     1857P   1774
0.,1.,0.,-0.0005,-0.0002,0.,0.,1.;                                  1857P   1775
126,1,1,1,0,1,0,0.00358,0.00358,0.00508,0.00508,1.,1.,0.,1.,0.,     1859P   1776
0.,0.,0.,0.00358,0.00508,0.,0.,1.;                                  1859P   1777
126,1,1,1,0,1,0,0.0002,0.0002,0.0005,0.0005,1.,1.,0.,0.,0.,1.,      1861P   1778
0.,0.,0.0002,0.0005,0.,0.,1.;                                       1861P   1779
126,1,1,1,0,1,0,-0.0015,-0.0015,0.,0.,1.,1.,1.,0.,0.,1.,1.,0.,      1863P   1780
-0.0015,0.,0.,0.,1.;                                                1863P   1781
102,4,1857,1859,1861,1863;                                          1865P   1782
110,3.9,0.,1.5,3.9,0.3,1.5;                                         1867P   1783
110,3.9,0.3,1.5,3.9,0.3,0.;                                         1869P   1784
110,3.9,0.3,0.,3.9,0.,0.;                                           1871P   1785
110,3.9,0.,0.,3.9,0.,1.5;                                           1873P   1786
102,4,1867,1869,1871,1873;                                          1875P   1787
142,1,1855,1865,1875,2;                                             1877P   1788
144,1855,1,0,1877;                                                  1879P   1789
110,-7.3,0.,1.5,-6.5,0.,1.5;                                        1881P   1790
122,1881,-7.3,0.3,1.5;                                              1883P   1791
126,1,1,1,0,1,0,-0.0008,-0.0008,0.,0.,1.,1.,1.,1.,0.,-0.,1.,0.,     1885P   1792
-0.0008,0.,0.,0.,1.;                                                1885P   1793
126,1,1,1,0,1,0,0.0007,0.0007,0.0008,0.0008,1.,1.,-0.,1.,0.,-0.,    1887P   1794
0.66666666666667,0.,0.0007,0.0008,0.,0.,1.;                         1887P   1795
126,4,2,1,0,1,0,3.14159265358979,3.14159265358979,                  1889P   1796
3.14159265358979,3.92699081698724,3.92699081698724,                 1889P   1797
4.71238898038469,4.71238898038469,4.71238898038469,1.,1.,1.,1.,     1889P   1798
1.,-0.,0.66666666666667,0.,-0.,0.39052429175127,0.,                 1889P   1799
0.07322330470336,0.19526214587564,0.,0.14644660940673,0.,0.,        1889P   1800
0.25,0.,0.,3.14159265358979,4.71238898038469,0.,0.,1.;              1889P   1801
126,1,1,1,0,1,0,0.,0.,0.0006,0.0006,1.,1.,0.25,0.,0.,1.,0.,0.,      1891P   1802
0.,0.0006,0.,0.,1.;                                                 1891P   1803
126,1,1,1,0,1,0,0.,0.,0.0003,0.0003,1.,1.,1.,0.,0.,1.,1.,0.,0.,     1893P   1804
0.0003,0.,0.,1.;                                                    1893P   1805
102,5,1885,1887,1889,1891,1893;                                     1895P   1806
110,-6.5,0.3,1.5,-7.3,0.3,1.5;                                      1897P   1807
110,-7.3,0.3,1.5,-7.3,0.2,1.5;                                      1899P   1808
124,1.,0.,0.,-7.1,0.,1.,0.,0.2,0.,0.,1.,1.5;                        1901P   1809
100,0.,0.,0.,-0.2,0.,-0.,-0.2;                                      1903P   1810
110,-7.1,0.,1.5,-6.5,0.,1.5;                                        1905P   1811
110,-6.5,0.,1.5,-6.5,0.3,1.5;                                       1907P   1812
102,5,1897,1899,1903,1905,1907;                                     1909P   1813
142,1,1883,1895,1909,2;                                             1911P   1814
144,1883,1,0,1911;                                                  1913P   1815
110,-6.5,0.,0.,-6.5,0.3,0.;                                         1915P   1816
122,1915,-6.5,0.,1.5;                                               1917P   1817
126,1,1,1,0,1,0,0.,0.,0.0003,0.0003,1.,1.,0.,0.,0.,1.,0.,0.,0.,     1919P   1818
0.0003,0.,0.,1.;                                                    1919P   1819
126,1,1,1,0,1,0,-0.00508,-0.00508,-0.00358,-0.00358,1.,1.,1.,0.,    1921P   1820
0.,1.,1.,0.,-0.00508,-0.00358,0.,0.,1.;                             1921P   1821
126,1,1,1,0,1,0,-0.0003,-0.0003,0.,0.,1.,1.,1.,1.,0.,0.,1.,0.,      1923P   1822
-0.0003,0.,0.,0.,1.;                                                1923P   1823
126,1,1,1,0,1,0,0.,0.,0.0015,0.0015,1.,1.,0.,1.,0.,0.,0.,0.,0.,     1925P   1824
0.0015,0.,0.,1.;                                                    1925P   1825
102,4,1919,1921,1923,1925;                                          1927P   1826
110,-6.5,0.,0.,-6.5,0.3,0.;                                         1929P   1827
110,-6.5,0.3,0.,-6.5,0.3,1.5;                                       1931P   1828
110,-6.5,0.3,1.5,-6.5,0.,1.5;                                       1933P   1829
110,-6.5,0.,1.5,-6.5,0.,0.;                                         1935P   1830
102,4,1929,1931,1933,1935;                                          1937P   1831
142,1,1917,1927,1937,2;                                             1939P   1832
144,1917,1,0,1939;                                                  1941P   1833
110,-7.1,0.2,1.5,-7.1,0.2,-998.5;                                   1943P   1834
110,-7.3,0.2,0.,-7.3,0.2,1.5;                                       1945P   1835
120,1943,1945,0.,6.28318530717959;                                  1947P   1836
126,1,1,1,0,1,0,3.14159265358979,3.14159265358979,                  1949P   1837
4.71238898038469,4.71238898038469,1.,1.,0.,6.28318530717959,0.,     1949P   1838
0.,4.71238898038469,0.,3.14159265358979,4.71238898038469,0.,0.,     1949P   1839
1.;                                                                 1949P   1840
126,1,1,1,0,1,0,-0.0015,-0.0015,0.,0.,1.,1.,0.,4.71238898038469,    1951P   1841
0.,1.,4.71238898038469,0.,-0.0015,0.,0.,0.,1.;                      1951P   1842
126,1,1,1,0,1,0,-4.71238898038469,-4.71238898038469,                1953P   1843
-3.14159265358979,-3.14159265358979,1.,1.,1.,4.71238898038469,      1953P   1844
0.,1.,6.28318530717959,0.,-4.71238898038469,-3.14159265358979,      1953P   1845
0.,0.,1.;                                                           1953P   1846
126,1,1,1,0,1,0,0.,0.,0.0015,0.0015,1.,1.,1.,6.28318530717959,      1955P   1847
0.,0.,6.28318530717959,0.,0.,0.0015,0.,0.,1.;                       1955P   1848
102,4,1949,1951,1953,1955;                                          1957P   1849
124,1.,0.,0.,-7.1,0.,1.,0.,0.2,0.,0.,1.,0.;                         1959P   1850
100,0.,0.,0.,-0.2,0.,-0.,-0.2;                                      1961P   1851
110,-7.1,0.,0.,-7.1,0.,1.5;                                         1963P   1852
124,1.,0.,0.,-7.1,0.,-1.,0.,0.2,0.,0.,-1.,1.5;                      1965P   1853
100,0.,0.,0.,-0.,0.2,-0.2,-0.;                                      1967P   1854
110,-7.3,0.2,1.5,-7.3,0.2,0.;                                       1969P   1855
102,4,1961,1963,1967,1969;                                          1971P   1856
142,1,1947,1957,1971,2;                                             1973P   1857
144,1947,1,0,1973;                                                  1975P   1858
110,-7.1,0.,1.5,-7.1,0.,0.;                                         1977P   1859
122,1977,-6.5,0.,1.5;                                               1979P   1860
126,1,1,1,0,1,0,0.,0.,0.0006,0.0006,1.,1.,1.,0.,0.,1.,1.,0.,0.,     1981P   1861
0.0006,0.,0.,1.;                                                    1981P   1862
126,1,1,1,0,1,0,-0.0015,-0.0015,0.,0.,1.,1.,1.,1.,0.,0.,1.,0.,      1983P   1863
-0.0015,0.,0.,0.,1.;                                                1983P   1864
126,1,1,1,0,1,0,-0.0006,-0.0006,0.,0.,1.,1.,0.,1.,0.,0.,0.,0.,      1985P   1865
-0.0006,0.,0.,0.,1.;                                                1985P   1866
126,1,1,1,0,1,0,0.,0.,0.0015,0.0015,1.,1.,0.,0.,0.,1.,0.,0.,0.,     1987P   1867
0.0015,0.,0.,1.;                                                    1987P   1868
102,4,1981,1983,1985,1987;                                          1989P   1869
110,-7.1,0.,0.,-6.5,0.,0.;                                          1991P   1870
110,-6.5,0.,0.,-6.5,0.,1.5;                                         1993P   1871
110,-6.5,0.,1.5,-7.1,0.,1.5;                                        1995P   1872
110,-7.1,0.,1.5,-7.1,0.,0.;                                         1997P   1873
102,4,1991,1993,1995,1997;                                          1999P   1874
142,1,1979,1989,1999,2;                                             2001P   1875
144,1979,1,0,2001;                                                  2003P   1876
110,3.9,0.,4.04,3.9,0.,2.54;                                        2005P   1877
122,2005,4.5,0.,4.04;                                               2007P   1878
126,1,1,1,0,1,0,0.,0.,0.0006,0.0006,1.,1.,1.,0.,0.,1.,1.,0.,0.,     2009P   1879
0.0006,0.,0.,1.;                                                    2009P   1880
126,1,1,1,0,1,0,-0.0015,-0.0015,0.,0.,1.,1.,1.,1.,0.,0.,1.,0.,      2011P   1881
-0.0015,0.,0.,0.,1.;                                                2011P   1882
126,1,1,1,0,1,0,-0.0006,-0.0006,0.,0.,1.,1.,0.,1.,0.,0.,0.,0.,      2013P   1883
-0.0006,0.,0.,0.,1.;                                                2013P   1884
126,1,1,1,0,1,0,0.,0.,0.0015,0.0015,1.,1.,0.,0.,0.,1.,0.,0.,0.,     2015P   1885
0.0015,0.,0.,1.;                                                    2015P   1886
102,4,2009,2011,2013,2015;                                          2017P   1887
110,3.9,0.,2.54,4.5,0.,2.54;                                        2019P   1888
110,4.5,0.,2.54,4.5,0.,4.04;                                        2021P   1889
110,4.5,0.,4.04,3.9,0.,4.04;                                        2023P   1890
110,3.9,0.,4.04,3.9,0.,2.54;                                        2025P   1891
102,4,2019,2021,2023,2025;                                          2027P   1892
142,1,2007,2017,2027,2;                                             2029P   1893
144,2007,1,0,2029;                                                  2031P   1894
110,4.5,0.2,4.04,4.5,0.2,-995.95999999999992;                       2033P   1895
110,4.3,0.2,2.54,4.3,0.2,4.04;                                      2035P   1896
120,2033,2035,0.,6.28318530717959;                                  2037P   1897
126,1,1,1,0,1,0,4.71238898038469,4.71238898038469,                  2039P   1898
6.28318530717958,6.28318530717958,1.,1.,0.,4.71238898038469,0.,     2039P   1899
0.,3.14159265358979,0.,4.71238898038469,6.28318530717958,0.,0.,     2039P   1900
1.;                                                                 2039P   1901
126,1,1,1,0,1,0,-0.0015,-0.0015,0.,0.,1.,1.,0.,3.14159265358979,    2041P   1902
0.,1.,3.14159265358979,0.,-0.0015,0.,0.,0.,1.;                      2041P   1903
126,1,1,1,0,1,0,-6.28318530717958,-6.28318530717958,                2043P   1904
-4.71238898038469,-4.71238898038469,1.,1.,1.,3.14159265358979,      2043P   1905
0.,1.,4.71238898038469,0.,-6.28318530717958,-4.71238898038469,      2043P   1906
0.,0.,1.;                                                           2043P   1907
126,1,1,1,0,1,0,0.,0.,0.0015,0.0015,1.,1.,1.,4.71238898038469,      2045P   1908
0.,0.,4.71238898038469,0.,0.,0.0015,0.,0.,1.;                       2045P   1909
102,4,2039,2041,2043,2045;                                          2047P   1910
124,1.,0.,0.,4.5,0.,1.,0.,0.2,0.,0.,1.,2.54;                        2049P   1911
100,0.,0.,0.,0.,-0.2,0.2,-0.;                                       2051P   1912
110,4.7,0.2,2.54,4.7,0.2,4.04;                                      2053P   1913
124,1.,0.,0.,4.5,0.,-1.,0.,0.2,0.,0.,-1.,4.04;                      2055P   1914
100,0.,0.,0.,0.2,0.,0.,0.2;                                         2057P   1915
110,4.5,0.,4.04,4.5,0.,2.54;                                        2059P   1916
102,4,2051,2053,2057,2059;                                          2061P   1917
142,1,2037,2047,2061,2;                                             2063P   1918
144,2037,1,0,2063;                                                  2065P   1919
110,3.9,0.,4.04,4.7,0.,4.04;                                        2067P   1920
122,2067,3.9,0.3,4.04;                                              2069P   1921
126,1,1,1,0,1,0,-0.012,-0.012,-0.0112,-0.0112,1.,1.,1.,1.,0.,       2071P   1922
-0.,1.,0.,-0.012,-0.0112,0.,0.,1.;                                  2071P   1923
126,1,1,1,0,1,0,0.0002,0.0002,0.0005,0.0005,1.,1.,-0.,1.,0.,-0.,    2073P   1924
0.,0.,0.0002,0.0005,0.,0.,1.;                                       2073P   1925
126,1,1,1,0,1,0,0.,0.,0.0006,0.0006,1.,1.,-0.,0.,0.,0.75,0.,0.,     2075P   1926
0.,0.0006,0.,0.,1.;                                                 2075P   1927
126,4,2,1,0,1,0,4.71238898038469,4.71238898038469,                  2077P   1928
4.71238898038469,5.49778714378214,5.49778714378214,                 2077P   1929
6.28318530717958,6.28318530717958,6.28318530717958,1.,1.,1.,1.,     2077P   1930
1.,0.75,0.,0.,0.85355339059327,0.,0.,0.92677669529663,              2077P   1931
0.19526214587564,0.,1.,0.39052429175128,0.,1.,0.66666666666667,     2077P   1932
0.,4.71238898038469,6.28318530717958,0.,0.,1.;                      2077P   1933
126,1,1,1,0,1,0,0.,0.,0.0001,0.0001,1.,1.,1.,0.66666666666667,      2079P   1934
0.,1.,1.,0.,0.,0.0001,0.,0.,1.;                                     2079P   1935
102,5,2071,2073,2075,2077,2079;                                     2081P   1936
110,4.7,0.3,4.04,3.9,0.3,4.04;                                      2083P   1937
110,3.9,0.3,4.04,3.9,0.,4.04;                                       2085P   1938
110,3.9,0.,4.04,4.5,0.,4.04;                                        2087P   1939
124,1.,0.,0.,4.5,0.,1.,0.,0.2,0.,0.,1.,4.04;                        2089P   1940
100,0.,0.,0.,0.,-0.2,0.2,-0.;                                       2091P   1941
110,4.7,0.2,4.04,4.7,0.3,4.04;                                      2093P   1942
102,5,2083,2085,2087,2091,2093;                                     2095P   1943
142,1,2069,2081,2095,2;                                             2097P   1944
144,2069,1,0,2097;                                                  2099P   1945
110,4.7,0.,2.54,3.9,0.,2.54;                                        2101P   1946
122,2101,4.7,0.3,2.54;                                              2103P   1947
126,1,1,1,0,1,0,-0.0005,-0.0005,-0.0002,-0.0002,1.,1.,1.,0.,0.,     2105P   1948
1.,1.,0.,-0.0005,-0.0002,0.,0.,1.;                                  2105P   1949
126,1,1,1,0,1,0,0.0112,0.0112,0.012,0.012,1.,1.,1.,1.,0.,0.,1.,     2107P   1950
0.,0.0112,0.012,0.,0.,1.;                                           2107P   1951
126,1,1,1,0,1,0,-0.0001,-0.0001,-0.,-0.,1.,1.,0.,1.,0.,0.,          2109P   1952
0.66666666666667,0.,-0.0001,-0.,0.,0.,1.;                           2109P   1953
126,4,2,1,0,1,0,-6.28318530717958,-6.28318530717958,                2111P   1954
-6.28318530717958,-5.49778714378214,-5.49778714378214,              2111P   1955
-4.71238898038469,-4.71238898038469,-4.71238898038469,1.,1.,1.,     2111P   1956
1.,1.,0.,0.66666666666667,0.,0.,0.39052429175128,0.,                2111P   1957
0.07322330470337,0.19526214587564,0.,0.14644660940673,0.,0.,        2111P   1958
0.25,0.,0.,-6.28318530717958,-4.71238898038469,0.,0.,1.;            2111P   1959
126,1,1,1,0,1,0,-0.0006,-0.0006,0.,0.,1.,1.,0.25,0.,0.,1.,0.,0.,    2113P   1960
-0.0006,0.,0.,0.,1.;                                                2113P   1961
102,5,2105,2107,2109,2111,2113;                                     2115P   1962
110,3.9,0.,2.54,3.9,0.3,2.54;                                       2117P   1963
110,3.9,0.3,2.54,4.7,0.3,2.54;                                      2119P   1964
110,4.7,0.3,2.54,4.7,0.2,2.54;                                      2121P   1965
124,1.,0.,0.,4.5,0.,-1.,0.,0.2,0.,0.,-1.,2.54;                      2123P   1966
100,0.,0.,0.,0.2,0.,0.,0.2;                                         2125P   1967
110,4.5,0.,2.54,3.9,0.,2.54;                                        2127P   1968
102,5,2117,2119,2121,2125,2127;                                     2129P   1969
142,1,2103,2115,2129,2;                                             2131P   1970
144,2103,1,0,2131;                                                  2133P   1971
110,3.9,0.3,2.54,3.9,0.,2.54;                                       2135P   1972
122,2135,3.9,0.3,4.04;                                              2137P   1973
126,1,1,1,0,1,0,-0.0005,-0.0005,-0.0002,-0.0002,1.,1.,1.,1.,0.,     2139P   1974
0.,1.,0.,-0.0005,-0.0002,0.,0.,1.;                                  2139P   1975
126,1,1,1,0,1,0,0.00104,0.00104,0.00254,0.00254,1.,1.,0.,1.,0.,     2141P   1976
0.,0.,0.,0.00104,0.00254,0.,0.,1.;                                  2141P   1977
126,1,1,1,0,1,0,0.0002,0.0002,0.0005,0.0005,1.,1.,0.,0.,0.,1.,      2143P   1978
0.,0.,0.0002,0.0005,0.,0.,1.;                                       2143P   1979
126,1,1,1,0,1,0,-0.0015,-0.0015,0.,0.,1.,1.,1.,0.,0.,1.,1.,0.,      2145P   1980
-0.0015,0.,0.,0.,1.;                                                2145P   1981
102,4,2139,2141,2143,2145;                                          2147P   1982
110,3.9,0.,4.04,3.9,0.3,4.04;                                       2149P   1983
110,3.9,0.3,4.04,3.9,0.3,2.54;                                      2151P   1984
110,3.9,0.3,2.54,3.9,0.,2.54;                                       2153P   1985
110,3.9,0.,2.54,3.9,0.,4.04;                                        2155P   1986
102,4,2149,2151,2153,2155;                                          2157P   1987
142,1,2137,2147,2157,2;                                             2159P   1988
144,2137,1,0,2159;                                                  2161P   1989
110,-6.5,0.,2.54,-6.5,0.3,2.54;                                     2163P   1990
122,2163,-6.5,0.,4.04;                                              2165P   1991
126,1,1,1,0,1,0,0.,0.,0.0003,0.0003,1.,1.,0.,0.,0.,1.,0.,0.,0.,     2167P   1992
0.0003,0.,0.,1.;                                                    2167P   1993
126,1,1,1,0,1,0,-0.00254,-0.00254,-0.00104,-0.00104,1.,1.,1.,0.,    2169P   1994
0.,1.,1.,0.,-0.00254,-0.00104,0.,0.,1.;                             2169P   1995
126,1,1,1,0,1,0,-0.0003,-0.0003,0.,0.,1.,1.,1.,1.,0.,0.,1.,0.,      2171P   1996
-0.0003,0.,0.,0.,1.;                                                2171P   1997
126,1,1,1,0,1,0,0.,0.,0.0015,0.0015,1.,1.,0.,1.,0.,0.,0.,0.,0.,     2173P   1998
0.0015,0.,0.,1.;                                                    2173P   1999
102,4,2167,2169,2171,2173;                                          2175P   2000
110,-6.5,0.,2.54,-6.5,0.3,2.54;                                     2177P   2001
110,-6.5,0.3,2.54,-6.5,0.3,4.04;                                    2179P   2002
110,-6.5,0.3,4.04,-6.5,0.,4.04;                                     2181P   2003
110,-6.5,0.,4.04,-6.5,0.,2.54;                                      2183P   2004
102,4,2177,2179,2181,2183;                                          2185P   2005
142,1,2165,2175,2185,2;                                             2187P   2006
144,2165,1,0,2187;                                                  2189P   2007
110,-7.3,0.,4.04,-6.5,0.,4.04;                                      2191P   2008
122,2191,-7.3,0.3,4.04;                                             2193P   2009
126,1,1,1,0,1,0,-0.0008,-0.0008,0.,0.,1.,1.,1.,1.,0.,-0.,1.,0.,     2195P   2010
-0.0008,0.,0.,0.,1.;                                                2195P   2011
126,1,1,1,0,1,0,0.0007,0.0007,0.0008,0.0008,1.,1.,-0.,1.,0.,-0.,    2197P   2012
0.66666666666667,0.,0.0007,0.0008,0.,0.,1.;                         2197P   2013
126,4,2,1,0,1,0,3.14159265358979,3.14159265358979,                  2199P   2014
3.14159265358979,3.92699081698724,3.92699081698724,                 2199P   2015
4.71238898038469,4.71238898038469,4.71238898038469,1.,1.,1.,1.,     2199P   2016
1.,-0.,0.66666666666667,0.,-0.,0.39052429175127,0.,                 2199P   2017
0.07322330470336,0.19526214587564,0.,0.14644660940673,0.,0.,        2199P   2018
0.25,0.,0.,3.14159265358979,4.71238898038469,0.,0.,1.;              2199P   2019
126,1,1,1,0,1,0,0.,0.,0.0006,0.0006,1.,1.,0.25,0.,0.,1.,0.,0.,      2201P   2020
0.,0.0006,0.,0.,1.;                                                 2201P   2021
126,1,1,1,0,1,0,0.,0.,0.0003,0.0003,1.,1.,1.,0.,0.,1.,1.,0.,0.,     2203P   2022
0.0003,0.,0.,1.;                                                    2203P   2023
102,5,2195,2197,2199,2201,2203;                                     2205P   2024
110,-6.5,0.3,4.04,-7.3,0.3,4.04;                                    2207P   2025
110,-7.3,0.3,4.04,-7.3,0.2,4.04;                                    2209P   2026
124,1.,0.,0.,-7.1,0.,1.,0.,0.2,0.,0.,1.,4.04;                       2211P   2027
100,0.,0.,0.,-0.2,0.,-0.,-0.2;                                      2213P   2028
110,-7.1,0.,4.04,-6.5,0.,4.04;                                      2215P   2029
110,-6.5,0.,4.04,-6.5,0.3,4.04;                                     2217P   2030
102,5,2207,2209,2213,2215,2217;                                     2219P   2031
142,1,2193,2205,2219,2;                                             2221P   2032
144,2193,1,0,2221;                                                  2223P   2033
110,-6.5,0.,2.54,-7.3,0.,2.54;                                      2225P   2034
122,2225,-6.5,0.3,2.54;                                             2227P   2035
126,1,1,1,0,1,0,-0.0008,-0.0008,-0.0007,-0.0007,1.,1.,1.,           2229P   2036
0.66666666666667,0.,1.,1.,0.,-0.0008,-0.0007,0.,0.,1.;              2229P   2037
126,1,1,1,0,1,0,0.,0.,0.0008,0.0008,1.,1.,1.,1.,0.,0.,1.,0.,0.,     2231P   2038
0.0008,0.,0.,1.;                                                    2231P   2039
126,1,1,1,0,1,0,-0.0003,-0.0003,0.,0.,1.,1.,0.,1.,0.,0.,0.,0.,      2233P   2040
-0.0003,0.,0.,0.,1.;                                                2233P   2041
126,1,1,1,0,1,0,-0.0006,-0.0006,0.,0.,1.,1.,0.,0.,0.,0.75,0.,0.,    2235P   2042
-0.0006,0.,0.,0.,1.;                                                2235P   2043
126,4,2,1,0,1,0,-4.71238898038469,-4.71238898038469,                2237P   2044
-4.71238898038469,-3.92699081698724,-3.92699081698724,              2237P   2045
-3.14159265358979,-3.14159265358979,-3.14159265358979,1.,1.,1.,     2237P   2046
1.,1.,0.75,0.,0.,0.85355339059327,0.,0.,0.92677669529664,           2237P   2047
0.19526214587564,0.,1.,0.39052429175127,0.,1.,0.66666666666667,     2237P   2048
0.,-4.71238898038469,-3.14159265358979,0.,0.,1.;                    2237P   2049
102,5,2229,2231,2233,2235,2237;                                     2239P   2050
110,-7.3,0.2,2.54,-7.3,0.3,2.54;                                    2241P   2051
110,-7.3,0.3,2.54,-6.5,0.3,2.54;                                    2243P   2052
110,-6.5,0.3,2.54,-6.5,0.,2.54;                                     2245P   2053
110,-6.5,0.,2.54,-7.1,0.,2.54;                                      2247P   2054
124,1.,0.,0.,-7.1,0.,-1.,0.,0.2,0.,0.,-1.,2.54;                     2249P   2055
100,0.,0.,0.,-0.,0.2,-0.2,-0.;                                      2251P   2056
102,5,2241,2243,2245,2247,2251;                                     2253P   2057
142,1,2227,2239,2253,2;                                             2255P   2058
144,2227,1,0,2255;                                                  2257P   2059
110,-7.1,0.2,4.04,-7.1,0.2,-995.95999999999992;                     2259P   2060
110,-7.3,0.2,2.54,-7.3,0.2,4.04;                                    2261P   2061
120,2259,2261,0.,6.28318530717959;                                  2263P   2062
126,1,1,1,0,1,0,3.14159265358979,3.14159265358979,                  2265P   2063
4.71238898038469,4.71238898038469,1.,1.,0.,6.28318530717959,0.,     2265P   2064
0.,4.71238898038469,0.,3.14159265358979,4.71238898038469,0.,0.,     2265P   2065
1.;                                                                 2265P   2066
126,1,1,1,0,1,0,-0.0015,-0.0015,0.,0.,1.,1.,0.,4.71238898038469,    2267P   2067
0.,1.,4.71238898038469,0.,-0.0015,0.,0.,0.,1.;                      2267P   2068
126,1,1,1,0,1,0,-4.71238898038469,-4.71238898038469,                2269P   2069
-3.14159265358979,-3.14159265358979,1.,1.,1.,4.71238898038469,      2269P   2070
0.,1.,6.28318530717959,0.,-4.71238898038469,-3.14159265358979,      2269P   2071
0.,0.,1.;                                                           2269P   2072
126,1,1,1,0,1,0,0.,0.,0.0015,0.0015,1.,1.,1.,6.28318530717959,      2271P   2073
0.,0.,6.28318530717959,0.,0.,0.0015,0.,0.,1.;                       2271P   2074
102,4,2265,2267,2269,2271;                                          2273P   2075
124,1.,0.,0.,-7.1,0.,1.,0.,0.2,0.,0.,1.,2.54;                       2275P   2076
100,0.,0.,0.,-0.2,0.,-0.,-0.2;                                      2277P   2077
110,-7.1,0.,2.54,-7.1,0.,4.04;                                      2279P   2078
124,1.,0.,0.,-7.1,0.,-1.,0.,0.2,0.,0.,-1.,4.04;                     2281P   2079
100,0.,0.,0.,-0.,0.2,-0.2,-0.;                                      2283P   2080
110,-7.3,0.2,4.04,-7.3,0.2,2.54;                                    2285P   2081
102,4,2277,2279,2283,2285;                                          2287P   2082
142,1,2263,2273,2287,2;                                             2289P   2083
144,2263,1,0,2289;                                                  2291P   2084
110,-7.1,0.,4.04,-7.1,0.,2.54;                                      2293P   2085
122,2293,-6.5,0.,4.04;                                              2295P   2086
126,1,1,1,0,1,0,0.,0.,0.0006,0.0006,1.,1.,1.,0.,0.,1.,1.,0.,0.,     2297P   2087
0.0006,0.,0.,1.;                                                    2297P   2088
126,1,1,1,0,1,0,-0.0015,-0.0015,0.,0.,1.,1.,1.,1.,0.,0.,1.,0.,      2299P   2089
-0.0015,0.,0.,0.,1.;                                                2299P   2090
126,1,1,1,0,1,0,-0.0006,-0.0006,0.,0.,1.,1.,0.,1.,0.,0.,0.,0.,      2301P   2091
-0.0006,0.,0.,0.,1.;                                                2301P   2092
126,1,1,1,0,1,0,0.,0.,0.0015,0.0015,1.,1.,0.,0.,0.,1.,0.,0.,0.,     2303P   2093
0.0015,0.,0.,1.;                                                    2303P   2094
102,4,2297,2299,2301,2303;                                          2305P   2095
110,-7.1,0.,2.54,-6.5,0.,2.54;                                      2307P   2096
110,-6.5,0.,2.54,-6.5,0.,4.04;                                      2309P   2097
110,-6.5,0.,4.04,-7.1,0.,4.04;                                      2311P   2098
110,-7.1,0.,4.04,-7.1,0.,2.54;                                      2313P   2099
102,4,2307,2309,2311,2313;                                          2315P   2100
142,1,2295,2305,2315,2;                                             2317P   2101
144,2295,1,0,2317;                                                  2319P   2102
110,-6.5,0.,5.08,-7.3,0.,5.08;                                      2321P   2103
122,2321,-6.5,0.3,5.08;                                             2323P   2104
126,1,1,1,0,1,0,-0.0039,-0.0039,-0.0038,-0.0038,1.,1.,1.,           2325P   2105
0.66666666666667,0.,1.,1.,0.,-0.0039,-0.0038,0.,0.,1.;              2325P   2106
126,1,1,1,0,1,0,0.,0.,0.0008,0.0008,1.,1.,1.,1.,0.,0.,1.,0.,0.,     2327P   2107
0.0008,0.,0.,1.;                                                    2327P   2108
126,1,1,1,0,1,0,-0.0003,-0.0003,0.,0.,1.,1.,0.,1.,0.,0.,0.,0.,      2329P   2109
-0.0003,0.,0.,0.,1.;                                                2329P   2110
126,1,1,1,0,1,0,-0.0006,-0.0006,0.,0.,1.,1.,0.,0.,0.,0.75,0.,0.,    2331P   2111
-0.0006,0.,0.,0.,1.;                                                2331P   2112
126,4,2,1,0,1,0,-4.71238898038469,-4.71238898038469,                2333P   2113
-4.71238898038469,-3.92699081698724,-3.92699081698724,              2333P   2114
-3.1415926535898,-3.1415926535898,-3.1415926535898,1.,1.,1.,1.,     2333P   2115
1.,0.75,0.,0.,0.85355339059327,0.,0.,0.92677669529664,              2333P   2116
0.19526214587563,0.,1.,0.39052429175127,0.,1.,0.66666666666667,     2333P   2117
0.,-4.71238898038469,-3.1415926535898,0.,0.,1.;                     2333P   2118
102,5,2325,2327,2329,2331,2333;                                     2335P   2119
110,-7.3,0.2,5.08,-7.3,0.3,5.08;                                    2337P   2120
110,-7.3,0.3,5.08,-6.5,0.3,5.08;                                    2339P   2121
110,-6.5,0.3,5.08,-6.5,0.,5.08;                                     2341P   2122
110,-6.5,0.,5.08,-7.1,0.,5.08;                                      2343P   2123
124,1.,0.,0.,-7.1,0.,-1.,0.,0.2,0.,0.,-1.,5.08;                     2345P   2124
100,0.,0.,0.,-0.,0.2,-0.2,0.;                                       2347P   2125
102,5,2337,2339,2341,2343,2347;                                     2349P   2126
142,1,2323,2335,2349,2;                                             2351P   2127
144,2323,1,0,2351;                                                  2353P   2128
110,4.7,0.,5.08,3.9,0.,5.08;                                        2355P   2129
122,2355,4.7,0.3,5.08;                                              2357P   2130
126,1,1,1,0,1,0,-0.0003,-0.0003,0.,0.,1.,1.,1.,0.,0.,1.,1.,0.,      2359P   2131
-0.0003,0.,0.,0.,1.;                                                2359P   2132
126,1,1,1,0,1,0,0.0112,0.0112,0.012,0.012,1.,1.,1.,1.,0.,0.,1.,     2361P   2133
0.,0.0112,0.012,0.,0.,1.;                                           2361P   2134
126,1,1,1,0,1,0,-0.0001,-0.0001,-0.,-0.,1.,1.,0.,1.,0.,0.,          2363P   2135
0.66666666666667,0.,-0.0001,-0.,0.,0.,1.;                           2363P   2136
126,4,2,1,0,1,0,-6.28318530717958,-6.28318530717958,                2365P   2137
-6.28318530717958,-5.49778714378214,-5.49778714378214,              2365P   2138
-4.71238898038469,-4.71238898038469,-4.71238898038469,1.,1.,1.,     2365P   2139
1.,1.,0.,0.66666666666667,0.,0.,0.39052429175127,0.,                2365P   2140
0.07322330470337,0.19526214587564,0.,0.14644660940673,0.,0.,        2365P   2141
0.25,0.,0.,-6.28318530717958,-4.71238898038469,0.,0.,1.;            2365P   2142
126,1,1,1,0,1,0,-0.0006,-0.0006,0.,0.,1.,1.,0.25,0.,0.,1.,0.,0.,    2367P   2143
-0.0006,0.,0.,0.,1.;                                                2367P   2144
102,5,2359,2361,2363,2365,2367;                                     2369P   2145
110,3.9,0.,5.08,3.9,0.3,5.08;                                       2371P   2146
110,3.9,0.3,5.08,4.7,0.3,5.08;                                      2373P   2147
110,4.7,0.3,5.08,4.7,0.2,5.08;                                      2375P   2148
124,1.,0.,0.,4.5,0.,-1.,0.,0.2,0.,0.,-1.,5.08;                      2377P   2149
100,0.,0.,0.,0.2,0.,0.,0.2;                                         2379P   2150
110,4.5,0.,5.08,3.9,0.,5.08;                                        2381P   2151
102,5,2371,2373,2375,2379,2381;                                     2383P   2152
142,1,2357,2369,2383,2;                                             2385P   2153
144,2357,1,0,2385;                                                  2387P   2154
110,-7.1,0.2,6.58,-7.1,0.2,-993.41999999999996;                     2389P   2155
110,-7.3,0.2,5.08,-7.3,0.2,6.58;                                    2391P   2156
120,2389,2391,0.,6.28318530717959;                                  2393P   2157
126,1,1,1,0,1,0,3.1415926535898,3.1415926535898,                    2395P   2158
4.71238898038469,4.71238898038469,1.,1.,0.,6.28318530717959,0.,     2395P   2159
0.,4.71238898038469,0.,3.1415926535898,4.71238898038469,0.,0.,      2395P   2160
1.;                                                                 2395P   2161
126,1,1,1,0,1,0,-0.0015,-0.0015,0.,0.,1.,1.,0.,4.71238898038469,    2397P   2162
0.,1.,4.71238898038469,0.,-0.0015,0.,0.,0.,1.;                      2397P   2163
126,1,1,1,0,1,0,-4.71238898038469,-4.71238898038469,                2399P   2164
-3.1415926535898,-3.1415926535898,1.,1.,1.,4.71238898038469,0.,     2399P   2165
1.,6.28318530717959,0.,-4.71238898038469,-3.1415926535898,0.,0.,    2399P   2166
1.;                                                                 2399P   2167
126,1,1,1,0,1,0,0.,0.,0.0015,0.0015,1.,1.,1.,6.28318530717959,      2401P   2168
0.,0.,6.28318530717959,0.,0.,0.0015,0.,0.,1.;                       2401P   2169
102,4,2395,2397,2399,2401;                                          2403P   2170
124,1.,0.,0.,-7.1,0.,1.,0.,0.2,0.,0.,1.,5.08;                       2405P   2171
100,0.,0.,0.,-0.2,-0.,-0.,-0.2;                                     2407P   2172
110,-7.1,-0.,5.08,-7.1,-0.,6.58;                                    2409P   2173
124,1.,0.,0.,-7.1,0.,-1.,0.,0.2,0.,0.,-1.,6.58;                     2411P   2174
100,0.,0.,0.,-0.,0.2,-0.2,0.;                                       2413P   2175
110,-7.3,0.2,6.58,-7.3,0.2,5.08;                                    2415P   2176
102,4,2407,2409,2413,2415;                                          2417P   2177
142,1,2393,2403,2417,2;                                             2419P   2178
144,2393,1,0,2419;                                                  2421P   2179
110,-7.1,0.,6.58,-7.1,0.,5.08;                                      2423P   2180
122,2423,-6.5,0.,6.58;                                              2425P   2181
126,1,1,1,0,1,0,0.,0.,0.0006,0.0006,1.,1.,1.,0.,0.,1.,1.,0.,0.,     2427P   2182
0.0006,0.,0.,1.;                                                    2427P   2183
126,1,1,1,0,1,0,-0.0015,-0.0015,0.,0.,1.,1.,1.,1.,0.,0.,1.,0.,      2429P   2184
-0.0015,0.,0.,0.,1.;                                                2429P   2185
126,1,1,1,0,1,0,-0.0006,-0.0006,0.,0.,1.,1.,0.,1.,0.,0.,0.,0.,      2431P   2186
-0.0006,0.,0.,0.,1.;                                                2431P   2187
126,1,1,1,0,1,0,0.,0.,0.0015,0.0015,1.,1.,0.,0.,0.,1.,0.,0.,0.,     2433P   2188
0.0015,0.,0.,1.;                                                    2433P   2189
102,4,2427,2429,2431,2433;                                          2435P   2190
110,-7.1,0.,5.08,-6.5,0.,5.08;                                      2437P   2191
110,-6.5,0.,5.08,-6.5,0.,6.58;                                      2439P   2192
110,-6.5,0.,6.58,-7.1,0.,6.58;                                      2441P   2193
110,-7.1,-0.,6.58,-7.1,-0.,5.08;                                    2443P   2194
102,4,2437,2439,2441,2443;                                          2445P   2195
142,1,2425,2435,2445,2;                                             2447P   2196
144,2425,1,0,2447;                                                  2449P   2197
110,-6.5,0.,5.08,-6.5,0.3,5.08;                                     2451P   2198
122,2451,-6.5,0.,6.58;                                              2453P   2199
126,1,1,1,0,1,0,0.,0.,0.0003,0.0003,1.,1.,0.,0.,0.,1.,0.,0.,0.,     2455P   2200
0.0003,0.,0.,1.;                                                    2455P   2201
126,1,1,1,0,1,0,-0.0015,-0.0015,0.,0.,1.,1.,1.,0.,0.,1.,1.,0.,      2457P   2202
-0.0015,0.,0.,0.,1.;                                                2457P   2203
126,1,1,1,0,1,0,-0.0003,-0.0003,0.,0.,1.,1.,1.,1.,0.,0.,1.,0.,      2459P   2204
-0.0003,0.,0.,0.,1.;                                                2459P   2205
126,1,1,1,0,1,0,0.,0.,0.0015,0.0015,1.,1.,0.,1.,0.,0.,0.,0.,0.,     2461P   2206
0.0015,0.,0.,1.;                                                    2461P   2207
102,4,2455,2457,2459,2461;                                          2463P   2208
110,-6.5,0.,5.08,-6.5,0.3,5.08;                                     2465P   2209
110,-6.5,0.3,5.08,-6.5,0.3,6.58;                                    2467P   2210
110,-6.5,0.3,6.58,-6.5,0.,6.58;                                     2469P   2211
110,-6.5,0.,6.58,-6.5,0.,5.08;                                      2471P   2212
102,4,2465,2467,2469,2471;                                          2473P   2213
142,1,2453,2463,2473,2;                                             2475P   2214
144,2453,1,0,2475;                                                  2477P   2215
110,3.9,0.3,5.08,3.9,0.,5.08;                                       2479P   2216
122,2479,3.9,0.3,6.58;                                              2481P   2217
126,1,1,1,0,1,0,0.,0.,0.0003,0.0003,1.,1.,0.,0.,0.,1.,0.,0.,0.,     2483P   2218
0.0003,0.,0.,1.;                                                    2483P   2219
126,1,1,1,0,1,0,-0.0015,-0.0015,0.,0.,1.,1.,1.,0.,0.,1.,1.,0.,      2485P   2220
-0.0015,0.,0.,0.,1.;                                                2485P   2221
126,1,1,1,0,1,0,-0.0003,-0.0003,0.,0.,1.,1.,1.,1.,0.,0.,1.,0.,      2487P   2222
-0.0003,0.,0.,0.,1.;                                                2487P   2223
126,1,1,1,0,1,0,0.,0.,0.0015,0.0015,1.,1.,0.,1.,0.,0.,0.,0.,0.,     2489P   2224
0.0015,0.,0.,1.;                                                    2489P   2225
102,4,2483,2485,2487,2489;                                          2491P   2226
110,3.9,0.3,5.08,3.9,0.,5.08;                                       2493P   2227
110,3.9,0.,5.08,3.9,0.,6.58;                                        2495P   2228
110,3.9,0.,6.58,3.9,0.3,6.58;                                       2497P   2229
110,3.9,0.3,6.58,3.9,0.3,5.08;                                      2499P   2230
102,4,2493,2495,2497,2499;                                          2501P   2231
142,1,2481,2491,2501,2;                                             2503P   2232
144,2481,1,0,2503;                                                  2505P   2233
110,3.9,0.,6.58,3.9,0.,5.08;                                        2507P   2234
122,2507,4.5,0.,6.58;                                               2509P   2235
126,1,1,1,0,1,0,0.,0.,0.0006,0.0006,1.,1.,1.,0.,0.,1.,1.,0.,0.,     2511P   2236
0.0006,0.,0.,1.;                                                    2511P   2237
126,1,1,1,0,1,0,-0.0015,-0.0015,0.,0.,1.,1.,1.,1.,0.,0.,1.,0.,      2513P   2238
-0.0015,0.,0.,0.,1.;                                                2513P   2239
126,1,1,1,0,1,0,-0.0006,-0.0006,0.,0.,1.,1.,0.,1.,0.,0.,0.,0.,      2515P   2240
-0.0006,0.,0.,0.,1.;                                                2515P   2241
126,1,1,1,0,1,0,0.,0.,0.0015,0.0015,1.,1.,0.,0.,0.,1.,0.,0.,0.,     2517P   2242
0.0015,0.,0.,1.;                                                    2517P   2243
102,4,2511,2513,2515,2517;                                          2519P   2244
110,3.9,0.,5.08,4.5,0.,5.08;                                        2521P   2245
110,4.5,0.,5.08,4.5,0.,6.58;                                        2523P   2246
110,4.5,0.,6.58,3.9,0.,6.58;                                        2525P   2247
110,3.9,0.,6.58,3.9,0.,5.08;                                        2527P   2248
102,4,2521,2523,2525,2527;                                          2529P   2249
142,1,2509,2519,2529,2;                                             2531P   2250
144,2509,1,0,2531;                                                  2533P   2251
110,4.5,0.2,6.58,4.5,0.2,-993.41999999999996;                       2535P   2252
110,4.3,0.2,5.08,4.3,0.2,6.58;                                      2537P   2253
120,2535,2537,0.,6.28318530717959;                                  2539P   2254
126,1,1,1,0,1,0,4.71238898038469,4.71238898038469,                  2541P   2255
6.28318530717958,6.28318530717958,1.,1.,0.,4.71238898038469,0.,     2541P   2256
0.,3.14159265358979,0.,4.71238898038469,6.28318530717958,0.,0.,     2541P   2257
1.;                                                                 2541P   2258
126,1,1,1,0,1,0,-0.0015,-0.0015,0.,0.,1.,1.,0.,3.14159265358979,    2543P   2259
0.,1.,3.14159265358979,0.,-0.0015,0.,0.,0.,1.;                      2543P   2260
126,1,1,1,0,1,0,-6.28318530717958,-6.28318530717958,                2545P   2261
-4.71238898038469,-4.71238898038469,1.,1.,1.,3.14159265358979,      2545P   2262
0.,1.,4.71238898038469,0.,-6.28318530717958,-4.71238898038469,      2545P   2263
0.,0.,1.;                                                           2545P   2264
126,1,1,1,0,1,0,0.,0.,0.0015,0.0015,1.,1.,1.,4.71238898038469,      2547P   2265
0.,0.,4.71238898038469,0.,0.,0.0015,0.,0.,1.;                       2547P   2266
102,4,2541,2543,2545,2547;                                          2549P   2267
124,1.,0.,0.,4.5,0.,1.,0.,0.2,0.,0.,1.,5.08;                        2551P   2268
100,0.,0.,0.,0.,-0.2,0.2,-0.;                                       2553P   2269
110,4.7,0.2,5.08,4.7,0.2,6.58;                                      2555P   2270
124,1.,0.,0.,4.5,0.,-1.,0.,0.2,0.,0.,-1.,6.58;                      2557P   2271
100,0.,0.,0.,0.2,0.,0.,0.2;                                         2559P   2272
110,4.5,0.,6.58,4.5,0.,5.08;                                        2561P   2273
102,4,2553,2555,2559,2561;                                          2563P   2274
142,1,2539,2549,2563,2;                                             2565P   2275
144,2539,1,0,2565;                                                  2567P   2276
110,-7.3,0.,6.58,4.7,0.,6.58;                                       2569P   2277
122,2569,-7.3,11.5,6.58;                                            2571P   2278
126,1,1,1,0,1,0,0.,0.,0.0035,0.0035,1.,1.,0.,0.8,0.,0.,             2573P   2279
0.49565217391304,0.,0.,0.0035,0.,0.,1.;                             2573P   2280
126,4,2,1,0,1,0,-1.57079632679489,-1.57079632679489,                2575P   2281
-1.57079632679489,-0.78539816339745,-0.78539816339745,              2575P   2282
-0.00000000000002,-0.00000000000002,-0.00000000000002,1.,1.,1.,     2575P   2283
1.,1.,0.,0.49565217391304,0.,0.00517766952966,0.49565217391304,     2575P   2284
0.,0.00883883476483,0.49183182758069,0.,0.0125,0.48801148124834,    2575P   2285
0.,0.0125,0.48260869565217,0.,-1.57079632679489,                    2575P   2286
-0.00000000000002,0.,0.,1.;                                         2575P   2287
126,1,1,1,0,1,0,0.,0.,0.0013,0.0013,1.,1.,0.0125,                   2577P   2288
0.48260869565217,0.,0.0125,0.3695652173913,0.,0.,0.0013,0.,0.,      2577P   2289
1.;                                                                 2577P   2290
126,4,2,1,0,1,0,-6.28318530717958,-6.28318530717958,                2579P   2291
-6.28318530717958,-5.49778714378214,-5.49778714378214,              2579P   2292
-4.7123889803847,-4.7123889803847,-4.7123889803847,1.,1.,1.,1.,     2579P   2293
1.,0.0125,0.3695652173913,0.,0.0125,0.36416243179513,0.,            2579P   2294
0.00883883476483,0.36034208546278,0.,0.00517766952966,              2579P   2295
0.35652173913043,0.,0.,0.35652173913043,0.,-6.28318530717958,       2579P   2296
-4.7123889803847,0.,0.,1.;                                          2579P   2297
126,1,1,1,0,1,0,0.,0.,0.0039,0.0039,1.,1.,0.,0.35652173913043,      2581P   2298
0.,0.,0.01739130434783,0.,0.,0.0039,0.,0.,1.;                       2581P   2299
126,4,2,1,0,1,0,3.1415926535898,3.1415926535898,3.1415926535898,    2583P   2300
3.92699081698724,3.92699081698724,4.71238898038469,                 2583P   2301
4.71238898038469,4.71238898038469,1.,1.,1.,1.,1.,0.,                2583P   2302
0.01739130434783,0.,0.,0.0101875902196,0.,0.00488155364689,         2583P   2303
0.0050937951098,0.,0.00976310729378,0.,0.,0.01666666666667,0.,      2583P   2304
0.,3.1415926535898,4.71238898038469,0.,0.,1.;                       2583P   2305
126,1,1,1,0,1,0,0.,0.,0.0006,0.0006,1.,1.,0.01666666666667,0.,      2585P   2306
0.,0.06666666666667,0.,0.,0.,0.0006,0.,0.,1.;                       2585P   2307
126,1,1,1,0,1,0,0.,0.,0.0003,0.0003,1.,1.,0.06666666666667,0.,      2587P   2308
0.,0.06666666666667,0.02608695652174,0.,0.,0.0003,0.,0.,1.;         2587P   2309
126,1,1,1,0,1,0,0.,0.,0.0104,0.0104,1.,1.,0.06666666666667,         2589P   2310
0.02608695652174,0.,0.93333333333333,0.02608695652174,0.,0.,        2589P   2311
0.0104,0.,0.,1.;                                                    2589P   2312
126,1,1,1,0,1,0,0.,0.,0.0003,0.0003,1.,1.,0.93333333333333,         2591P   2313
0.02608695652174,0.,0.93333333333333,0.,0.,0.,0.0003,0.,0.,1.;      2591P   2314
126,1,1,1,0,1,0,0.,0.,0.0006,0.0006,1.,1.,0.93333333333333,0.,      2593P   2315
0.,0.98333333333333,0.,0.,0.,0.0006,0.,0.,1.;                       2593P   2316
126,4,2,1,0,1,0,4.71238898038469,4.71238898038469,                  2595P   2317
4.71238898038469,5.49778714378214,5.49778714378214,                 2595P   2318
6.28318530717958,6.28318530717958,6.28318530717958,1.,1.,1.,1.,     2595P   2319
1.,0.98333333333333,0.,0.,0.99023689270622,0.,0.,                   2595P   2320
0.99511844635311,0.0050937951098,0.,1.,0.0101875902196,0.,1.,       2595P   2321
0.01739130434783,0.,4.71238898038469,6.28318530717958,0.,0.,1.;     2595P   2322
126,1,1,1,0,1,0,0.,0.,0.00639289321881,0.00639289321881,1.,1.,      2597P   2323
1.,0.01739130434783,0.,1.,0.57329506250552,0.,0.,                   2597P   2324
0.00639289321881,0.,0.,1.;                                          2597P   2325
126,4,2,1,0,1,0,0.00000000000001,0.00000000000001,                  2599P   2326
0.00000000000001,0.39269908169873,0.39269908169873,                 2599P   2327
0.78539816339745,0.78539816339745,0.78539816339745,1.,1.,1.,1.,     2599P   2328
1.,1.,0.57329506250552,0.,1.,0.58194342630463,0.,                   2599P   2329
0.99682831385464,0.58993347260835,0.,0.99365662770927,              2599P   2330
0.59792351891206,0.,0.98779611588277,0.60403883560058,0.,           2599P   2331
0.00000000000001,0.78539816339745,0.,0.,1.;                         2599P   2332
126,1,1,1,0,1,0,0.,0.,0.00623259018078,0.00623259018078,1.,1.,      2601P   2333
0.98779611588277,0.60403883560058,0.,0.62053721745056,              2601P   2334
0.9872655122255,0.,0.,0.00623259018078,0.,0.,1.;                    2601P   2335
126,4,2,1,0,1,0,0.78539816339745,0.78539816339745,                  2603P   2336
0.78539816339745,1.17809724509617,1.17809724509617,                 2603P   2337
1.57079632679489,1.57079632679489,1.57079632679489,1.,1.,1.,1.,     2603P   2338
1.,0.62053721745056,0.9872655122255,0.,0.61467670562406,            2603P   2339
0.99338082891403,0.,0.60701957791633,0.99669041445701,0.,           2603P   2340
0.59936245020861,1.,0.,0.59107443490112,1.,0.,0.78539816339745,     2603P   2341
1.57079632679489,0.,0.,1.;                                          2603P   2342
126,1,1,1,0,1,0,0.,0.,0.0059056579109,0.0059056579109,1.,1.,        2605P   2343
0.59107443490112,1.,0.,0.09893627565976,1.,0.,0.,                   2605P   2344
0.0059056579109,0.,0.,1.;                                           2605P   2345
126,4,2,1,0,1,0,1.5707963267949,1.5707963267949,1.5707963267949,    2607P   2346
2.18166156499291,2.18166156499291,2.79252680319092,                 2607P   2347
2.79252680319092,2.79252680319092,1.,1.,1.,1.,1.,                   2607P   2348
0.09893627565976,1.,0.,0.08579882612314,1.,0.,0.07503725747847,     2607P   2349
0.99213704540387,0.,0.0642756888338,0.98427409080774,0.,            2607P   2350
0.05978241646035,0.97139218014459,0.,1.5707963267949,               2607P   2351
2.79252680319092,0.,0.,1.;                                          2607P   2352
126,1,1,1,0,1,0,0.,0.,0.00209750510759,0.00209750510759,1.,1.,      2609P   2353
0.05978241646035,0.97139218014459,0.,0.,0.8,0.,0.,                  2609P   2354
0.00209750510759,0.,0.,1.;                                          2609P   2355
102,19,2573,2575,2577,2579,2581,2583,2585,2587,2589,2591,2593,      2611P   2356
2595,2597,2599,2601,2603,2605,2607,2609;                            2611P   2357
110,-7.3,9.2,6.58,-7.3,5.7,6.58;                                    2613P   2358
124,1.,0.,0.,-7.3,0.,-1.,0.,5.55,0.,0.,-1.,6.58;                    2615P   2359
100,0.,0.,0.,0.,-0.15,0.15,-0.;                                     2617P   2360
110,-7.15,5.55,6.58,-7.15,4.25,6.58;                                2619P   2361
124,1.,0.,0.,-7.3,0.,-1.,0.,4.25,0.,0.,-1.,6.58;                    2621P   2362
100,0.,0.,0.,0.15,0.,0.,0.15;                                       2623P   2363
110,-7.3,4.1,6.58,-7.3,0.2,6.58;                                    2625P   2364
124,1.,0.,0.,-7.1,0.,1.,0.,0.2,0.,0.,1.,6.58;                       2627P   2365
100,0.,0.,0.,-0.2,-0.,-0.,-0.2;                                     2629P   2366
110,-7.1,0.,6.58,-6.5,0.,6.58;                                      2631P   2367
110,-6.5,0.,6.58,-6.5,0.3,6.58;                                     2633P   2368
110,-6.5,0.3,6.58,3.9,0.3,6.58;                                     2635P   2369
110,3.9,0.3,6.58,3.9,0.,6.58;                                       2637P   2370
110,3.9,0.,6.58,4.5,0.,6.58;                                        2639P   2371
124,1.,0.,0.,4.5,0.,1.,0.,0.2,0.,0.,1.,6.58;                        2641P   2372
100,0.,0.,0.,0.,-0.2,0.2,-0.;                                       2643P   2373
110,4.7,0.2,6.58,4.7,6.59289321881345,6.58;                         2645P   2374
124,1.,0.,0.,4.2,0.,1.,0.,6.59289321881345,0.,0.,1.,6.58;           2647P   2375
100,0.,0.,0.,0.5,0.,0.35355339059328,0.35355339059328;              2649P   2376
110,4.55355339059327,6.94644660940673,6.58,0.14644660940673,        2651P   2377
11.35355339059327,6.58;                                             2651P   2378
124,1.,0.,0.,-0.20710678118655,0.,1.,0.,11.,0.,0.,1.,6.58;          2653P   2379
100,0.,0.,0.,0.35355339059328,0.35355339059328,0.,0.5;              2655P   2380
110,-0.20710678118654,11.5,6.58,-6.11276469208288,11.5,6.58;        2657P   2381
124,1.,0.,0.,-6.11276469208288,0.,1.,0.,11.,0.,0.,1.,6.58;          2659P   2382
100,0.,0.,0.,-0.,0.5,-0.46984631039296,0.17101007166284;            2661P   2383
110,-6.58261100247583,11.17101007166284,6.58,-7.3,9.2,6.58;         2663P   2384
102,19,2613,2617,2619,2623,2625,2629,2631,2633,2635,2637,2639,      2665P   2385
2643,2645,2649,2651,2655,2657,2661,2663;                            2665P   2386
142,1,2571,2611,2665,2;                                             2667P   2387
144,2571,1,0,2667;                                                  2669P   2388
110,1.50848528137424,8.57730115625267,0.258,0.0857864376269,10.,    2671P   2389
0.258;                                                              2671P   2390
122,2671,1.50848528137424,8.57730115625267,2.282;                   2673P   2391
126,1,1,1,0,1,0,-0.00047321731236,-0.00047321731236,0.,0.,1.,1.,    2675P   2392
0.76480252864942,0.0800395256917,0.,1.,0.0800395256917,0.,          2675P   2393
-0.00047321731236,0.,0.,0.,1.;                                      2675P   2394
126,1,1,1,0,1,0,-0.0017,-0.0017,0.,0.,1.,1.,1.,0.0800395256917,     2677P   2395
0.,1.,0.9199604743083,0.,-0.0017,0.,0.,0.,1.;                       2677P   2396
126,1,1,1,0,1,0,-0.,-0.,0.00047321731236,0.00047321731236,1.,1.,    2679P   2397
1.,0.9199604743083,0.,0.76480252864942,0.9199604743083,0.,-0.,      2679P   2398
0.00047321731236,0.,0.,1.;                                          2679P   2399
126,8,2,1,0,1,0,-2.12560735977497,-2.12560735977497,                2681P   2400
-2.12560735977497,-1.59420551983123,-1.59420551983123,              2681P   2401
-1.06280367988748,-1.06280367988748,-0.53140183994374,              2681P   2402
-0.53140183994374,0.,0.,0.,1.,1.,1.,1.,1.,1.,1.,1.,1.,              2681P   2403
0.76480252864942,0.9199604743083,0.,0.64983485793037,               2681P   2404
0.99078860316768,0.,0.51461583255122,0.99393577932445,0.,           2681P   2405
0.37939680717207,0.99708295548122,0.,0.2612204979491,               2681P   2406
0.9316811723059,0.,0.14304418872614,0.86627938913058,0.,            2681P   2407
0.07450420171893,0.75036677939636,0.,0.00596421471173,              2681P   2408
0.63445416966214,0.,0.00596421471173,0.5,0.,-2.12560735977497,      2681P   2409
0.,0.,0.,1.;                                                        2681P   2410
126,8,2,1,0,1,0,-6.28318530717959,-6.28318530717959,                2683P   2411
-6.28318530717959,-5.75178346723584,-5.75178346723584,              2683P   2412
-5.2203816272921,-5.2203816272921,-4.68897978734836,                2683P   2413
-4.68897978734836,-4.15757794740462,-4.15757794740462,              2683P   2414
-4.15757794740462,1.,1.,1.,1.,1.,1.,1.,1.,1.,0.00596421471173,      2683P   2415
0.5,0.,0.00596421471173,0.36554583033786,0.,0.07450420171894,       2683P   2416
0.24963322060364,0.,0.14304418872614,0.13372061086942,0.,           2683P   2417
0.2612204979491,0.0683188276941,0.,0.37939680717207,                2683P   2418
0.00291704451878,0.,0.51461583255122,0.00606422067555,0.,           2683P   2419
0.64983485793037,0.00921139683232,0.,0.76480252864942,              2683P   2420
0.0800395256917,0.,-6.28318530717959,-4.15757794740462,0.,0.,1.;    2683P   2421
102,5,2675,2677,2679,2681,2683;                                     2685P   2422
110,0.42040160816967,9.66538482945723,0.42,0.08578643762691,10.,    2687P   2423
0.42;                                                               2687P   2424
110,0.08578643762691,10.,0.42,0.08578643762691,10.,2.12;            2689P   2425
110,0.08578643762691,10.,2.12,0.42040160816967,9.66538482945723,    2691P   2426
2.12;                                                               2691P   2427
124,0.70710678118655,0.,0.70710678118655,0.79289321881345,          2693P   2428
-0.70710678118655,0.,0.70710678118655,9.29289321881345,0.,-1.,      2693P   2429
0.,1.27;                                                            2693P   2430
100,0.,0.,0.,-0.52678268764264,-0.85,1.,0.;                         2695P   2431
124,0.70710678118655,0.,0.70710678118655,0.79289321881345,          2697P   2432
-0.70710678118655,0.,0.70710678118655,9.29289321881345,0.,-1.,      2697P   2433
0.,1.27;                                                            2697P   2434
100,0.,0.,0.,1.,0.,-0.52678268764264,0.85;                          2699P   2435
102,5,2687,2689,2691,2695,2699;                                     2701P   2436
142,1,2673,2685,2701,2;                                             2703P   2437
144,2673,1,0,2703;                                                  2705P   2438
110,1.50848528137424,8.57730115625267,2.798,0.0857864376269,10.,    2707P   2439
2.798;                                                              2707P   2440
122,2707,1.50848528137424,8.57730115625267,4.822;                   2709P   2441
126,1,1,1,0,1,0,-0.00047321731236,-0.00047321731236,0.,0.,1.,1.,    2711P   2442
0.76480252864942,0.0800395256917,0.,1.,0.0800395256917,0.,          2711P   2443
-0.00047321731236,0.,0.,0.,1.;                                      2711P   2444
126,1,1,1,0,1,0,-0.0017,-0.0017,0.,0.,1.,1.,1.,0.0800395256917,     2713P   2445
0.,1.,0.9199604743083,0.,-0.0017,0.,0.,0.,1.;                       2713P   2446
126,1,1,1,0,1,0,-0.,-0.,0.00047321731236,0.00047321731236,1.,1.,    2715P   2447
1.,0.9199604743083,0.,0.76480252864942,0.9199604743083,0.,-0.,      2715P   2448
0.00047321731236,0.,0.,1.;                                          2715P   2449
126,8,2,1,0,1,0,-2.12560735977497,-2.12560735977497,                2717P   2450
-2.12560735977497,-1.59420551983123,-1.59420551983123,              2717P   2451
-1.06280367988748,-1.06280367988748,-0.53140183994374,              2717P   2452
-0.53140183994374,0.,0.,0.,1.,1.,1.,1.,1.,1.,1.,1.,1.,              2717P   2453
0.76480252864942,0.9199604743083,0.,0.64983485793037,               2717P   2454
0.99078860316768,0.,0.51461583255122,0.99393577932445,0.,           2717P   2455
0.37939680717207,0.99708295548122,0.,0.2612204979491,               2717P   2456
0.9316811723059,0.,0.14304418872614,0.86627938913058,0.,            2717P   2457
0.07450420171894,0.75036677939636,0.,0.00596421471173,              2717P   2458
0.63445416966214,0.,0.00596421471173,0.5,0.,-2.12560735977497,      2717P   2459
0.,0.,0.,1.;                                                        2717P   2460
126,8,2,1,0,1,0,-6.28318530717959,-6.28318530717959,                2719P   2461
-6.28318530717959,-5.75178346723584,-5.75178346723584,              2719P   2462
-5.2203816272921,-5.2203816272921,-4.68897978734836,                2719P   2463
-4.68897978734836,-4.15757794740462,-4.15757794740462,              2719P   2464
-4.15757794740462,1.,1.,1.,1.,1.,1.,1.,1.,1.,0.00596421471173,      2719P   2465
0.5,0.,0.00596421471173,0.36554583033786,0.,0.07450420171894,       2719P   2466
0.24963322060364,0.,0.14304418872614,0.13372061086942,0.,           2719P   2467
0.2612204979491,0.0683188276941,0.,0.37939680717207,                2719P   2468
0.00291704451878,0.,0.51461583255122,0.00606422067555,0.,           2719P   2469
0.64983485793037,0.00921139683232,0.,0.76480252864942,              2719P   2470
0.0800395256917,0.,-6.28318530717959,-4.15757794740462,0.,0.,1.;    2719P   2471
102,5,2711,2713,2715,2717,2719;                                     2721P   2472
110,0.42040160816967,9.66538482945723,2.96,0.08578643762691,10.,    2723P   2473
2.96;                                                               2723P   2474
110,0.08578643762691,10.,2.96,0.08578643762691,10.,4.66;            2725P   2475
110,0.08578643762691,10.,4.66,0.42040160816967,9.66538482945724,    2727P   2476
4.66;                                                               2727P   2477
124,0.70710678118655,0.,0.70710678118655,0.79289321881345,          2729P   2478
-0.70710678118655,0.,0.70710678118655,9.29289321881345,0.,-1.,      2729P   2479
0.,3.81;                                                            2729P   2480
100,0.,0.,0.,-0.52678268764264,-0.85,1.,0.;                         2731P   2481
124,0.70710678118655,0.,0.70710678118655,0.79289321881345,          2733P   2482
-0.70710678118655,0.,0.70710678118655,9.29289321881345,0.,-1.,      2733P   2483
0.,3.81;                                                            2733P   2484
100,0.,0.,0.,1.,0.,-0.52678268764264,0.85;                          2735P   2485
102,5,2723,2725,2727,2731,2735;                                     2737P   2486
142,1,2709,2721,2737,2;                                             2739P   2487
144,2709,1,0,2739;                                                  2741P   2488
110,-0.2,-3.6,1.615,0.2,-3.6,1.615;                                 2743P   2489
122,2743,-0.2,0.3,1.615;                                            2745P   2490
126,1,1,1,0,1,0,-0.0041,-0.0041,-0.0002,-0.0002,1.,1.,1.,0.,0.,     2747P   2491
1.,1.,0.,-0.0041,-0.0002,0.,0.,1.;                                  2747P   2492
126,1,1,1,0,1,0,-0.0075,-0.0075,-0.0071,-0.0071,1.,1.,1.,1.,0.,     2749P   2493
0.,1.,0.,-0.0075,-0.0071,0.,0.,1.;                                  2749P   2494
126,1,1,1,0,1,0,0.0002,0.0002,0.0041,0.0041,1.,1.,0.,1.,0.,0.,      2751P   2495
0.,0.,0.0002,0.0041,0.,0.,1.;                                       2751P   2496
126,1,1,1,0,1,0,-0.0004,-0.0004,0.,0.,1.,1.,0.,0.,0.,1.,0.,0.,      2753P   2497
-0.0004,0.,0.,0.,1.;                                                2753P   2498
102,4,2747,2749,2751,2753;                                          2755P   2499
110,0.2,-3.6,1.615,0.2,0.3,1.615;                                   2757P   2500
110,0.2,0.3,1.615,-0.2,0.3,1.615;                                   2759P   2501
110,-0.2,0.3,1.615,-0.2,-3.6,1.615;                                 2761P   2502
110,-0.2,-3.6,1.615,0.2,-3.6,1.615;                                 2763P   2503
102,4,2757,2759,2761,2763;                                          2765P   2504
142,1,2745,2755,2765,2;                                             2767P   2505
144,2745,1,0,2767;                                                  2769P   2506
110,0.2,-3.6,0.865,-0.2,-3.6,0.865;                                 2771P   2507
122,2771,0.2,0.3,0.865;                                             2773P   2508
126,1,1,1,0,1,0,0.,0.,0.0039,0.0039,1.,1.,1.,0.,0.,1.,1.,0.,0.,     2775P   2509
0.0039,0.,0.,1.;                                                    2775P   2510
126,1,1,1,0,1,0,0.0071,0.0071,0.0075,0.0075,1.,1.,1.,1.,0.,0.,      2777P   2511
1.,0.,0.0071,0.0075,0.,0.,1.;                                       2777P   2512
126,1,1,1,0,1,0,-0.0039,-0.0039,0.,0.,1.,1.,0.,1.,0.,0.,0.,0.,      2779P   2513
-0.0039,0.,0.,0.,1.;                                                2779P   2514
126,1,1,1,0,1,0,0.,0.,0.0004,0.0004,1.,1.,0.,0.,0.,1.,0.,0.,0.,     2781P   2515
0.0004,0.,0.,1.;                                                    2781P   2516
102,4,2775,2777,2779,2781;                                          2783P   2517
110,-0.2,-3.6,0.865,-0.2,0.3,0.865;                                 2785P   2518
110,-0.2,0.3,0.865,0.2,0.3,0.865;                                   2787P   2519
110,0.2,0.3,0.865,0.2,-3.6,0.865;                                   2789P   2520
110,0.2,-3.6,0.865,-0.2,-3.6,0.865;                                 2791P   2521
102,4,2785,2787,2789,2791;                                          2793P   2522
142,1,2773,2783,2793,2;                                             2795P   2523
144,2773,1,0,2795;                                                  2797P   2524
110,0.2,-3.6,1.615,0.2,-3.6,0.865;                                  2799P   2525
122,2799,0.2,0.3,1.615;                                             2801P   2526
126,1,1,1,0,1,0,-0.004215,-0.004215,-0.003465,-0.003465,1.,1.,      2803P   2527
1.,1.,0.,0.,1.,0.,-0.004215,-0.003465,0.,0.,1.;                     2803P   2528
126,1,1,1,0,1,0,0.0002,0.0002,0.0041,0.0041,1.,1.,0.,1.,0.,0.,      2805P   2529
0.,0.,0.0002,0.0041,0.,0.,1.;                                       2805P   2530
126,1,1,1,0,1,0,0.,0.,0.00075,0.00075,1.,1.,0.,0.,0.,1.,0.,0.,      2807P   2531
0.,0.00075,0.,0.,1.;                                                2807P   2532
126,1,1,1,0,1,0,0.,0.,0.0039,0.0039,1.,1.,1.,0.,0.,1.,1.,0.,0.,     2809P   2533
0.0039,0.,0.,1.;                                                    2809P   2534
102,4,2803,2805,2807,2809;                                          2811P   2535
110,0.2,0.3,0.865,0.2,0.3,1.615;                                    2813P   2536
110,0.2,0.3,1.615,0.2,-3.6,1.615;                                   2815P   2537
110,0.2,-3.6,1.615,0.2,-3.6,0.865;                                  2817P   2538
110,0.2,-3.6,0.865,0.2,0.3,0.865;                                   2819P   2539
102,4,2813,2815,2817,2819;                                          2821P   2540
142,1,2801,2811,2821,2;                                             2823P   2541
144,2801,1,0,2823;                                                  2825P   2542
110,-0.2,-3.6,0.865,-0.2,-3.6,1.615;                                2827P   2543
122,2827,-0.2,0.3,0.865;                                            2829P   2544
126,1,1,1,0,1,0,-0.0041,-0.0041,-0.0002,-0.0002,1.,1.,1.,0.,0.,     2831P   2545
1.,1.,0.,-0.0041,-0.0002,0.,0.,1.;                                  2831P   2546
126,1,1,1,0,1,0,0.003465,0.003465,0.004215,0.004215,1.,1.,1.,1.,    2833P   2547
0.,0.,1.,0.,0.003465,0.004215,0.,0.,1.;                             2833P   2548
126,1,1,1,0,1,0,-0.0039,-0.0039,0.,0.,1.,1.,0.,1.,0.,0.,0.,0.,      2835P   2549
-0.0039,0.,0.,0.,1.;                                                2835P   2550
126,1,1,1,0,1,0,-0.00075,-0.00075,0.,0.,1.,1.,0.,0.,0.,1.,0.,0.,    2837P   2551
-0.00075,0.,0.,0.,1.;                                               2837P   2552
102,4,2831,2833,2835,2837;                                          2839P   2553
110,-0.2,-3.6,1.615,-0.2,0.3,1.615;                                 2841P   2554
110,-0.2,0.3,1.615,-0.2,0.3,0.865;                                  2843P   2555
110,-0.2,0.3,0.865,-0.2,-3.6,0.865;                                 2845P   2556
110,-0.2,-3.6,0.865,-0.2,-3.6,1.615;                                2847P   2557
102,4,2841,2843,2845,2847;                                          2849P   2558
142,1,2829,2839,2849,2;                                             2851P   2559
144,2829,1,0,2851;                                                  2853P   2560
110,-0.2,-3.6,1.615,-0.2,-3.6,0.865;                                2855P   2561
122,2855,0.2,-3.6,1.615;                                            2857P   2562
126,1,1,1,0,1,0,0.,0.,0.00075,0.00075,1.,1.,0.,0.,0.,1.,0.,0.,      2859P   2563
0.,0.00075,0.,0.,1.;                                                2859P   2564
126,1,1,1,0,1,0,-0.0004,-0.0004,0.,0.,1.,1.,1.,0.,0.,1.,1.,0.,      2861P   2565
-0.0004,0.,0.,0.,1.;                                                2861P   2566
126,1,1,1,0,1,0,-0.00075,-0.00075,0.,0.,1.,1.,1.,1.,0.,0.,1.,0.,    2863P   2567
-0.00075,0.,0.,0.,1.;                                               2863P   2568
126,1,1,1,0,1,0,0.,0.,0.0004,0.0004,1.,1.,0.,1.,0.,0.,0.,0.,0.,     2865P   2569
0.0004,0.,0.,1.;                                                    2865P   2570
102,4,2859,2861,2863,2865;                                          2867P   2571
110,-0.2,-3.6,1.615,-0.2,-3.6,0.865;                                2869P   2572
110,-0.2,-3.6,0.865,0.2,-3.6,0.865;                                 2871P   2573
110,0.2,-3.6,0.865,0.2,-3.6,1.615;                                  2873P   2574
110,0.2,-3.6,1.615,-0.2,-3.6,1.615;                                 2875P   2575
102,4,2869,2871,2873,2875;                                          2877P   2576
142,1,2857,2867,2877,2;                                             2879P   2577
144,2857,1,0,2879;                                                  2881P   2578
110,-5.2,-3.6,4.155,-4.8,-3.6,4.155;                                2883P   2579
122,2883,-5.2,0.3,4.155;                                            2885P   2580
126,1,1,1,0,1,0,-0.0041,-0.0041,-0.0002,-0.0002,1.,1.,1.,0.,0.,     2887P   2581
1.,1.,0.,-0.0041,-0.0002,0.,0.,1.;                                  2887P   2582
126,1,1,1,0,1,0,-0.0025,-0.0025,-0.0021,-0.0021,1.,1.,1.,1.,0.,     2889P   2583
0.,1.,0.,-0.0025,-0.0021,0.,0.,1.;                                  2889P   2584
126,1,1,1,0,1,0,0.0002,0.0002,0.0041,0.0041,1.,1.,0.,1.,0.,0.,      2891P   2585
0.,0.,0.0002,0.0041,0.,0.,1.;                                       2891P   2586
126,1,1,1,0,1,0,-0.0004,-0.0004,0.,0.,1.,1.,0.,0.,0.,1.,0.,0.,      2893P   2587
-0.0004,0.,0.,0.,1.;                                                2893P   2588
102,4,2887,2889,2891,2893;                                          2895P   2589
110,-4.8,-3.6,4.155,-4.8,0.3,4.155;                                 2897P   2590
110,-4.8,0.3,4.155,-5.2,0.3,4.155;                                  2899P   2591
110,-5.2,0.3,4.155,-5.2,-3.6,4.155;                                 2901P   2592
110,-5.2,-3.6,4.155,-4.8,-3.6,4.155;                                2903P   2593
102,4,2897,2899,2901,2903;                                          2905P   2594
142,1,2885,2895,2905,2;                                             2907P   2595
144,2885,1,0,2907;                                                  2909P   2596
110,-4.8,-3.6,3.405,-5.2,-3.6,3.405;                                2911P   2597
122,2911,-4.8,0.3,3.405;                                            2913P   2598
126,1,1,1,0,1,0,0.,0.,0.0039,0.0039,1.,1.,1.,0.,0.,1.,1.,0.,0.,     2915P   2599
0.0039,0.,0.,1.;                                                    2915P   2600
126,1,1,1,0,1,0,0.0021,0.0021,0.0025,0.0025,1.,1.,1.,1.,0.,0.,      2917P   2601
1.,0.,0.0021,0.0025,0.,0.,1.;                                       2917P   2602
126,1,1,1,0,1,0,-0.0039,-0.0039,0.,0.,1.,1.,0.,1.,0.,0.,0.,0.,      2919P   2603
-0.0039,0.,0.,0.,1.;                                                2919P   2604
126,1,1,1,0,1,0,0.,0.,0.0004,0.0004,1.,1.,0.,0.,0.,1.,0.,0.,0.,     2921P   2605
0.0004,0.,0.,1.;                                                    2921P   2606
102,4,2915,2917,2919,2921;                                          2923P   2607
110,-5.2,-3.6,3.405,-5.2,0.3,3.405;                                 2925P   2608
110,-5.2,0.3,3.405,-4.8,0.3,3.405;                                  2927P   2609
110,-4.8,0.3,3.405,-4.8,-3.6,3.405;                                 2929P   2610
110,-4.8,-3.6,3.405,-5.2,-3.6,3.405;                                2931P   2611
102,4,2925,2927,2929,2931;                                          2933P   2612
142,1,2913,2923,2933,2;                                             2935P   2613
144,2913,1,0,2935;                                                  2937P   2614
110,-4.8,-3.6,4.155,-4.8,-3.6,3.405;                                2939P   2615
122,2939,-4.8,0.3,4.155;                                            2941P   2616
126,1,1,1,0,1,0,-0.001675,-0.001675,-0.000925,-0.000925,1.,1.,      2943P   2617
1.,1.,0.,-0.,1.,0.,-0.001675,-0.000925,0.,0.,1.;                    2943P   2618
126,1,1,1,0,1,0,0.0002,0.0002,0.0041,0.0041,1.,1.,-0.,1.,0.,-0.,    2945P   2619
0.,0.,0.0002,0.0041,0.,0.,1.;                                       2945P   2620
126,1,1,1,0,1,0,0.,0.,0.00075,0.00075,1.,1.,-0.,0.,0.,1.,0.,0.,     2947P   2621
0.,0.00075,0.,0.,1.;                                                2947P   2622
126,1,1,1,0,1,0,0.,0.,0.0039,0.0039,1.,1.,1.,0.,0.,1.,1.,0.,0.,     2949P   2623
0.0039,0.,0.,1.;                                                    2949P   2624
102,4,2943,2945,2947,2949;                                          2951P   2625
110,-4.8,0.3,3.405,-4.8,0.3,4.155;                                  2953P   2626
110,-4.8,0.3,4.155,-4.8,-3.6,4.155;                                 2955P   2627
110,-4.8,-3.6,4.155,-4.8,-3.6,3.405;                                2957P   2628
110,-4.8,-3.6,3.405,-4.8,0.3,3.405;                                 2959P   2629
102,4,2953,2955,2957,2959;                                          2961P   2630
142,1,2941,2951,2961,2;                                             2963P   2631
144,2941,1,0,2963;                                                  2965P   2632
110,-5.2,-3.6,3.405,-5.2,-3.6,4.155;                                2967P   2633
122,2967,-5.2,0.3,3.405;                                            2969P   2634
126,1,1,1,0,1,0,-0.0041,-0.0041,-0.0002,-0.0002,1.,1.,1.,0.,0.,     2971P   2635
1.,1.,0.,-0.0041,-0.0002,0.,0.,1.;                                  2971P   2636
126,1,1,1,0,1,0,0.000925,0.000925,0.001675,0.001675,1.,1.,1.,1.,    2973P   2637
0.,0.,1.,0.,0.000925,0.001675,0.,0.,1.;                             2973P   2638
126,1,1,1,0,1,0,-0.0039,-0.0039,0.,0.,1.,1.,0.,1.,0.,0.,0.,0.,      2975P   2639
-0.0039,0.,0.,0.,1.;                                                2975P   2640
126,1,1,1,0,1,0,-0.00075,-0.00075,0.,0.,1.,1.,0.,0.,0.,1.,0.,0.,    2977P   2641
-0.00075,0.,0.,0.,1.;                                               2977P   2642
102,4,2971,2973,2975,2977;                                          2979P   2643
110,-5.2,-3.6,4.155,-5.2,0.3,4.155;                                 2981P   2644
110,-5.2,0.3,4.155,-5.2,0.3,3.405;                                  2983P   2645
110,-5.2,0.3,3.405,-5.2,-3.6,3.405;                                 2985P   2646
110,-5.2,-3.6,3.405,-5.2,-3.6,4.155;                                2987P   2647
102,4,2981,2983,2985,2987;                                          2989P   2648
142,1,2969,2979,2989,2;                                             2991P   2649
144,2969,1,0,2991;                                                  2993P   2650
110,-5.2,-3.6,4.155,-5.2,-3.6,3.405;                                2995P   2651
122,2995,-4.8,-3.6,4.155;                                           2997P   2652
126,1,1,1,0,1,0,0.,0.,0.00075,0.00075,1.,1.,0.,0.,0.,1.,0.,0.,      2999P   2653
0.,0.00075,0.,0.,1.;                                                2999P   2654
126,1,1,1,0,1,0,-0.0004,-0.0004,0.,0.,1.,1.,1.,0.,0.,1.,1.,0.,      3001P   2655
-0.0004,0.,0.,0.,1.;                                                3001P   2656
126,1,1,1,0,1,0,-0.00075,-0.00075,0.,0.,1.,1.,1.,1.,0.,0.,1.,0.,    3003P   2657
-0.00075,0.,0.,0.,1.;                                               3003P   2658
126,1,1,1,0,1,0,0.,0.,0.0004,0.0004,1.,1.,0.,1.,0.,0.,0.,0.,0.,     3005P   2659
0.0004,0.,0.,1.;                                                    3005P   2660
102,4,2999,3001,3003,3005;                                          3007P   2661
110,-5.2,-3.6,4.155,-5.2,-3.6,3.405;                                3009P   2662
110,-5.2,-3.6,3.405,-4.8,-3.6,3.405;                                3011P   2663
110,-4.8,-3.6,3.405,-4.8,-3.6,4.155;                                3013P   2664
110,-4.8,-3.6,4.155,-5.2,-3.6,4.155;                                3015P   2665
102,4,3009,3011,3013,3015;                                          3017P   2666
142,1,2997,3007,3017,2;                                             3019P   2667
144,2997,1,0,3019;                                                  3021P   2668
110,-4.8,11.5,0.84,-4.8,11.5,2.54;                                  3023P   2669
122,3023,-4.8,12.1,0.84;                                            3025P   2670
126,1,1,1,0,1,0,-0.00424,-0.00424,-0.00254,-0.00254,1.,1.,0.,0.,    3027P   2671
0.,1.,0.,0.,-0.00424,-0.00254,0.,0.,1.;                             3027P   2672
126,1,1,1,0,1,0,-0.0006,-0.0006,0.,0.,1.,1.,1.,0.,0.,1.,1.,0.,      3029P   2673
-0.0006,0.,0.,0.,1.;                                                3029P   2674
126,1,1,1,0,1,0,-0.0017,-0.0017,0.,0.,1.,1.,1.,1.,0.,0.,1.,0.,      3031P   2675
-0.0017,0.,0.,0.,1.;                                                3031P   2676
126,1,1,1,0,1,0,0.,0.,0.0006,0.0006,1.,1.,0.,1.,0.,0.,0.,0.,0.,     3033P   2677
0.0006,0.,0.,1.;                                                    3033P   2678
102,4,3027,3029,3031,3033;                                          3035P   2679
110,-4.8,11.5,0.84,-4.8,11.5,2.54;                                  3037P   2680
110,-4.8,11.5,2.54,-4.8,12.1,2.54;                                  3039P   2681
110,-4.8,12.1,2.54,-4.8,12.1,0.84;                                  3041P   2682
110,-4.8,12.1,0.84,-4.8,11.5,0.84;                                  3043P   2683
102,4,3037,3039,3041,3043;                                          3045P   2684
142,1,3025,3035,3045,2;                                             3047P   2685
144,3025,1,0,3047;                                                  3049P   2686
110,-2.5,11.5,2.54,-2.5,11.5,0.84;                                  3051P   2687
122,3051,-2.5,12.7,2.54;                                            3053P   2688
126,1,1,1,0,1,0,0.00179135941491,0.00179135941491,                  3055P   2689
0.00199841465099,0.00199841465099,1.,1.,0.44117647058824,           3055P   2690
0.83333333333333,0.,0.40965303618457,1.,0.,0.00179135941491,        3055P   2691
0.00199841465099,0.,0.,1.;                                          3055P   2692
126,1,1,1,0,1,0,0.00100358983849,0.00100358983849,0.0017,0.0017,    3057P   2693
1.,1.,0.40965303618457,1.,0.,0.,1.,0.,0.00100358983849,0.0017,      3057P   2694
0.,0.,1.;                                                           3057P   2695
126,1,1,1,0,1,0,-0.0018,-0.0018,-0.0006,-0.0006,1.,1.,0.,1.,0.,     3059P   2696
0.,0.,0.,-0.0018,-0.0006,0.,0.,1.;                                  3059P   2697
126,1,1,1,0,1,0,0.00254,0.00254,0.00424,0.00424,1.,1.,0.,0.,0.,     3061P   2698
1.,0.,0.,0.00254,0.00424,0.,0.,1.;                                  3061P   2699
126,1,1,1,0,1,0,0.0006,0.0006,0.0018,0.0018,1.,1.,1.,0.,0.,1.,      3063P   2700
1.,0.,0.0006,0.0018,0.,0.,1.;                                       3063P   2701
126,1,1,1,0,1,0,0.,0.,0.00069641016151,0.00069641016151,1.,1.,      3065P   2702
1.,1.,0.,0.59034696381543,1.,0.,0.,0.00069641016151,0.,0.,1.;       3065P   2703
126,1,1,1,0,1,0,-0.00155842227432,-0.00155842227432,                3067P   2704
-0.00135136703824,-0.00135136703824,1.,1.,0.59034696381543,1.,      3067P   2705
0.,0.55882352941176,0.83333333333333,0.,-0.00155842227432,          3067P   2706
-0.00135136703824,0.,0.,1.;                                         3067P   2707
126,1,1,1,0,1,0,0.00075,0.00075,0.00095,0.00095,1.,1.,              3069P   2708
0.55882352941176,0.83333333333333,0.,0.44117647058824,              3069P   2709
0.83333333333333,0.,0.00075,0.00095,0.,0.,1.;                       3069P   2710
102,8,3055,3057,3059,3061,3063,3065,3067,3069;                      3071P   2711
110,-2.5,12.5,1.79,-2.5,12.7,1.84358983848622;                      3073P   2712
110,-2.5,12.7,1.84358983848622,-2.5,12.7,2.54;                      3075P   2713
110,-2.5,12.7,2.54,-2.5,11.5,2.54;                                  3077P   2714
110,-2.5,11.5,2.54,-2.5,11.5,0.84;                                  3079P   2715
110,-2.5,11.5,0.84,-2.5,12.7,0.84;                                  3081P   2716
110,-2.5,12.7,0.84,-2.5,12.7,1.53641016151378;                      3083P   2717
110,-2.5,12.7,1.53641016151378,-2.5,12.5,1.59;                      3085P   2718
110,-2.5,12.5,1.59,-2.5,12.5,1.79;                                  3087P   2719
102,8,3073,3075,3077,3079,3081,3083,3085,3087;                      3089P   2720
142,1,3053,3071,3089,2;                                             3091P   2721
144,3053,1,0,3091;                                                  3093P   2722
110,-2.5,11.5,0.84,-5.3,11.5,0.84;                                  3095P   2723
122,3095,-2.5,13.1,0.84;                                            3097P   2724
126,1,1,1,0,1,0,-0.0018,-0.0018,-0.0006,-0.0006,1.,1.,0.,0.75,      3099P   2725
0.,0.,0.,0.,-0.0018,-0.0006,0.,0.,1.;                               3099P   2726
126,1,1,1,0,1,0,0.00229289321881,0.00229289321881,                  3101P   2727
0.00459289321881,0.00459289321881,1.,1.,0.,0.,0.,                   3101P   2728
0.82142857142857,0.,0.,0.00229289321881,0.00459289321881,0.,0.,     3101P   2729
1.;                                                                 3101P   2730
126,1,1,1,0,1,0,-0.0006,-0.0006,0.,0.,1.,1.,0.82142857142857,0.,    3103P   2731
0.,0.82142857142857,0.375,0.,-0.0006,0.,0.,0.,1.;                   3103P   2732
126,1,1,1,0,1,0,-0.0003,-0.0003,0.,0.,1.,1.,0.82142857142857,       3105P   2733
0.375,0.,0.92857142857143,0.375,0.,-0.0003,0.,0.,0.,1.;             3105P   2734
126,4,2,1,0,1,0,-4.71238898038469,-4.71238898038469,                3107P   2735
-4.71238898038469,-3.92699081698725,-3.92699081698725,              3107P   2736
-3.14159265358981,-3.14159265358981,-3.14159265358981,1.,1.,1.,     3107P   2737
1.,1.,0.92857142857143,0.375,0.,0.95815811159808,0.375,0.,          3107P   2738
0.97907905579904,0.41161165235168,0.,1.,0.44822330470336,0.,1.,     3107P   2739
0.5,0.,-4.71238898038469,-3.14159265358981,0.,0.,1.;                3107P   2740
126,1,1,1,0,1,0,-0.0002,-0.0002,0.,0.,1.,1.,1.,0.5,0.,1.,0.625,     3109P   2741
0.,-0.0002,0.,0.,0.,1.;                                             3109P   2742
126,1,1,1,0,1,0,-0.00084852813742,-0.00084852813742,0.,0.,1.,1.,    3111P   2743
1.,0.625,0.,0.78571428571429,1.,0.,-0.00084852813742,0.,0.,0.,      3111P   2744
1.;                                                                 3111P   2745
126,1,1,1,0,1,0,-0.0018,-0.0018,0.,0.,1.,1.,0.78571428571429,1.,    3113P   2746
0.,0.14285714285714,1.,0.,-0.0018,0.,0.,0.,1.;                      3113P   2747
126,8,2,1,0,1,0,-1.57079632679488,-1.57079632679488,                3115P   2748
-1.57079632679488,-1.17809724509616,-1.17809724509616,              3115P   2749
-0.78539816339745,-0.78539816339745,-0.39269908169873,              3115P   2750
-0.39269908169873,-0.00000000000001,-0.00000000000001,              3115P   2751
-0.00000000000001,1.,1.,1.,1.,1.,1.,1.,1.,1.,0.14285714285714,      3115P   2752
1.,0.,0.11444109037433,1.,0.,0.0881880810907,0.98096988312782,      3115P   2753
0.,0.06193507180707,0.96193976625564,0.,0.04184188840192,           3115P   2754
0.92677669529664,0.,0.02174870499678,0.89161362433763,0.,           3115P   2755
0.01087435249839,0.84567085809127,0.,0.,0.79972809184491,0.,0.,     3115P   2756
0.75,0.,-1.57079632679488,-0.00000000000001,0.,0.,1.;               3115P   2757
102,9,3099,3101,3103,3105,3107,3109,3111,3113,3115;                 3117P   2758
110,-2.5,12.7,0.84,-2.5,11.5,0.84;                                  3119P   2759
110,-2.5,11.5,0.84,-4.8,11.5,0.84;                                  3121P   2760
110,-4.8,11.5,0.84,-4.8,12.1,0.84;                                  3123P   2761
110,-4.8,12.1,0.84,-5.1,12.1,0.84;                                  3125P   2762
124,1.,0.,0.,-5.1,0.,-1.,0.,12.3,0.,0.,-1.,0.84;                    3127P   2763
100,0.,0.,0.,-0.,0.2,-0.2,0.;                                       3129P   2764
110,-5.3,12.3,0.84,-5.3,12.5,0.84;                                  3131P   2765
110,-5.3,12.5,0.84,-4.7,13.1,0.84;                                  3133P   2766
110,-4.7,13.1,0.84,-2.9,13.1,0.84;                                  3135P   2767
124,1.,0.,0.,-2.9,0.,-1.,0.,12.7,0.,0.,-1.,0.84;                    3137P   2768
100,0.,0.,0.,0.00000000000001,-0.4,0.4,-0.;                         3139P   2769
102,9,3119,3121,3123,3125,3129,3131,3133,3135,3139;                 3141P   2770
142,1,3097,3117,3141,2;                                             3143P   2771
144,3097,1,0,3143;                                                  3145P   2772
110,-5.3,11.5,2.54,-2.5,11.5,2.54;                                  3147P   2773
122,3147,-5.3,13.1,2.54;                                            3149P   2774
126,1,1,1,0,1,0,-0.00459289321881,-0.00459289321881,                3151P   2775
-0.00229289321881,-0.00229289321881,1.,1.,0.17857142857143,0.,      3151P   2776
0.,1.,0.,0.,-0.00459289321881,-0.00229289321881,0.,0.,1.;           3151P   2777
126,1,1,1,0,1,0,0.0006,0.0006,0.0018,0.0018,1.,1.,1.,0.,0.,1.,      3153P   2778
0.75,0.,0.0006,0.0018,0.,0.,1.;                                     3153P   2779
126,8,2,1,0,1,0,0.00000000000001,0.00000000000001,                  3155P   2780
0.00000000000001,0.39269908169873,0.39269908169873,                 3155P   2781
0.78539816339745,0.78539816339745,1.17809724509616,                 3155P   2782
1.17809724509616,1.57079632679488,1.57079632679488,                 3155P   2783
1.57079632679488,1.,1.,1.,1.,1.,1.,1.,1.,1.,1.,0.75,0.,1.,          3155P   2784
0.79972809184491,0.,0.98912564750161,0.84567085809127,0.,           3155P   2785
0.97825129500322,0.89161362433763,0.,0.95815811159808,              3155P   2786
0.92677669529664,0.,0.93806492819293,0.96193976625564,0.,           3155P   2787
0.9118119189093,0.98096988312782,0.,0.88555890962567,1.,0.,         3155P   2788
0.85714285714286,1.,0.,0.00000000000001,1.57079632679488,0.,0.,     3155P   2789
1.;                                                                 3155P   2790
126,1,1,1,0,1,0,0.,0.,0.0018,0.0018,1.,1.,0.85714285714286,1.,      3157P   2791
0.,0.21428571428571,1.,0.,0.,0.0018,0.,0.,1.;                       3157P   2792
126,1,1,1,0,1,0,0.,0.,0.00084852813742,0.00084852813742,1.,1.,      3159P   2793
0.21428571428571,1.,0.,0.,0.625,0.,0.,0.00084852813742,0.,0.,1.;    3159P   2794
126,1,1,1,0,1,0,0.,0.,0.0002,0.0002,1.,1.,0.,0.625,0.,0.,0.5,0.,    3161P   2795
0.,0.0002,0.,0.,1.;                                                 3161P   2796
126,4,2,1,0,1,0,3.14159265358981,3.14159265358981,                  3163P   2797
3.14159265358981,3.92699081698725,3.92699081698725,                 3163P   2798
4.71238898038469,4.71238898038469,4.71238898038469,1.,1.,1.,1.,     3163P   2799
1.,0.,0.5,0.,0.,0.44822330470336,0.,0.02092094420096,               3163P   2800
0.41161165235168,0.,0.04184188840192,0.375,0.,0.07142857142857,     3163P   2801
0.375,0.,3.14159265358981,4.71238898038469,0.,0.,1.;                3163P   2802
126,1,1,1,0,1,0,0.,0.,0.0003,0.0003,1.,1.,0.07142857142857,         3165P   2803
0.375,0.,0.17857142857143,0.375,0.,0.,0.0003,0.,0.,1.;              3165P   2804
126,1,1,1,0,1,0,0.,0.,0.0006,0.0006,1.,1.,0.17857142857143,         3167P   2805
0.375,0.,0.17857142857143,0.,0.,0.,0.0006,0.,0.,1.;                 3167P   2806
102,9,3151,3153,3155,3157,3159,3161,3163,3165,3167;                 3169P   2807
110,-4.8,11.5,2.54,-2.5,11.5,2.54;                                  3171P   2808
110,-2.5,11.5,2.54,-2.5,12.7,2.54;                                  3173P   2809
124,1.,0.,0.,-2.9,0.,1.,0.,12.7,0.,0.,1.,2.54;                      3175P   2810
100,0.,0.,0.,0.4,0.,0.00000000000001,0.4;                           3177P   2811
110,-2.9,13.1,2.54,-4.7,13.1,2.54;                                  3179P   2812
110,-4.7,13.1,2.54,-5.3,12.5,2.54;                                  3181P   2813
110,-5.3,12.5,2.54,-5.3,12.3,2.54;                                  3183P   2814
124,1.,0.,0.,-5.1,0.,1.,0.,12.3,0.,0.,1.,2.54;                      3185P   2815
100,0.,0.,0.,-0.2,-0.,-0.,-0.2;                                     3187P   2816
110,-5.1,12.1,2.54,-4.8,12.1,2.54;                                  3189P   2817
110,-4.8,12.1,2.54,-4.8,11.5,2.54;                                  3191P   2818
102,9,3171,3173,3177,3179,3181,3183,3187,3189,3191;                 3193P   2819
142,1,3149,3169,3193,2;                                             3195P   2820
144,3149,1,0,3195;                                                  3197P   2821
110,-4.7,13.1,0.84,-5.3,12.5,0.84;                                  3199P   2822
122,3199,-4.7,13.1,1.5945;                                          3201P   2823
126,1,1,1,0,1,0,-0.00097331349965,-0.00097331349965,                3203P   2824
-0.00010968925433,-0.00010968925433,1.,1.,1.,0.99403578528827,      3203P   2825
0.,0.,0.78095491655577,0.,-0.00097331349965,-0.00010968925433,      3203P   2826
0.,0.,1.;                                                           3203P   2827
126,1,1,1,0,1,0,-0.00058923048454,-0.00058923048454,0.,0.,1.,1.,    3205P   2828
0.,0.78095491655577,0.,0.,0.,0.,-0.00058923048454,0.,0.,0.,1.;      3205P   2829
126,1,1,1,0,1,0,0.,0.,0.00084852813742,0.00084852813742,1.,1.,      3207P   2830
0.,0.,0.,1.,0.,0.,0.,0.00084852813742,0.,0.,1.;                     3207P   2831
126,1,1,1,0,1,0,0.,0.,0.00075,0.00075,1.,1.,1.,0.,0.,1.,            3209P   2832
0.99403578528827,0.,0.,0.00075,0.,0.,1.;                            3209P   2833
102,4,3203,3205,3207,3209;                                          3211P   2834
110,-5.3,12.5,1.59,-4.7,13.1,1.42923048454133;                      3213P   2835
110,-4.7,13.1,1.42923048454133,-4.7,13.1,0.84;                      3215P   2836
110,-4.7,13.1,0.84,-5.3,12.5,0.84;                                  3217P   2837
110,-5.3,12.5,0.84,-5.3,12.5,1.59;                                  3219P   2838
102,4,3213,3215,3217,3219;                                          3221P   2839
142,1,3201,3211,3221,2;                                             3223P   2840
144,3201,1,0,3223;                                                  3225P   2841
110,-5.3,12.3,0.84,-5.3,12.3,2.54;                                  3227P   2842
122,3227,-5.3,12.5,0.84;                                            3229P   2843
126,1,1,1,0,1,0,-0.0002,-0.0002,0.,0.,1.,1.,1.,0.,0.,1.,1.,0.,      3231P   2844
-0.0002,0.,0.,0.,1.;                                                3231P   2845
126,1,1,1,0,1,0,-0.0017,-0.0017,-0.00095,-0.00095,1.,1.,1.,1.,      3233P   2846
0.,0.55882352941176,1.,0.,-0.0017,-0.00095,0.,0.,1.;                3233P   2847
126,1,1,1,0,1,0,-0.00095,-0.00095,-0.00075,-0.00075,1.,1.,          3235P   2848
0.55882352941176,1.,0.,0.44117647058824,1.,0.,-0.00095,-0.00075,    3235P   2849
0.,0.,1.;                                                           3235P   2850
126,1,1,1,0,1,0,-0.00075,-0.00075,0.,0.,1.,1.,0.44117647058824,     3237P   2851
1.,0.,0.,1.,0.,-0.00075,0.,0.,0.,1.;                                3237P   2852
126,1,1,1,0,1,0,0.,0.,0.0002,0.0002,1.,1.,0.,1.,0.,0.,0.,0.,0.,     3239P   2853
0.0002,0.,0.,1.;                                                    3239P   2854
126,1,1,1,0,1,0,0.,0.,0.0017,0.0017,1.,1.,0.,0.,0.,1.,0.,0.,0.,     3241P   2855
0.0017,0.,0.,1.;                                                    3241P   2856
102,6,3231,3233,3235,3237,3239,3241;                                3243P   2857
110,-5.3,12.3,2.54,-5.3,12.5,2.54;                                  3245P   2858
110,-5.3,12.5,2.54,-5.3,12.5,1.79;                                  3247P   2859
110,-5.3,12.5,1.79,-5.3,12.5,1.59;                                  3249P   2860
110,-5.3,12.5,1.59,-5.3,12.5,0.84;                                  3251P   2861
110,-5.3,12.5,0.84,-5.3,12.3,0.84;                                  3253P   2862
110,-5.3,12.3,0.84,-5.3,12.3,2.54;                                  3255P   2863
102,6,3245,3247,3249,3251,3253,3255;                                3257P   2864
142,1,3229,3243,3257,2;                                             3259P   2865
144,3229,1,0,3259;                                                  3261P   2866
110,-5.1,12.3,0.84,-5.1,12.3,1000.83999999999992;                   3263P   2867
110,-4.9,12.3,2.54,-4.9,12.3,0.84;                                  3265P   2868
120,3263,3265,0.,6.28318530717959;                                  3267P   2869
126,1,1,1,0,1,0,-4.71238898038469,-4.71238898038469,                3269P   2870
-3.14159265358981,-3.14159265358981,1.,1.,0.,4.71238898038469,      3269P   2871
0.,0.,3.14159265358981,0.,-4.71238898038469,-3.14159265358981,      3269P   2872
0.,0.,1.;                                                           3269P   2873
126,1,1,1,0,1,0,-0.0017,-0.0017,0.,0.,1.,1.,0.,3.14159265358981,    3271P   2874
0.,1.,3.14159265358981,0.,-0.0017,0.,0.,0.,1.;                      3271P   2875
126,1,1,1,0,1,0,3.14159265358981,3.14159265358981,                  3273P   2876
4.71238898038469,4.71238898038469,1.,1.,1.,3.14159265358981,0.,     3273P   2877
1.,4.71238898038469,0.,3.14159265358981,4.71238898038469,0.,0.,     3273P   2878
1.;                                                                 3273P   2879
126,1,1,1,0,1,0,0.,0.,0.0017,0.0017,1.,1.,1.,4.71238898038469,      3275P   2880
0.,0.,4.71238898038469,0.,0.,0.0017,0.,0.,1.;                       3275P   2881
102,4,3269,3271,3273,3275;                                          3277P   2882
124,1.,0.,0.,-5.1,0.,-1.,0.,12.3,0.,0.,-1.,2.54;                    3279P   2883
100,0.,0.,0.,-0.,0.2,-0.2,0.;                                       3281P   2884
110,-5.3,12.3,2.54,-5.3,12.3,0.84;                                  3283P   2885
124,1.,0.,0.,-5.1,0.,1.,0.,12.3,0.,0.,1.,0.84;                      3285P   2886
100,0.,0.,0.,-0.2,-0.,-0.,-0.2;                                     3287P   2887
110,-5.1,12.1,0.84,-5.1,12.1,2.54;                                  3289P   2888
102,4,3281,3283,3287,3289;                                          3291P   2889
142,1,3267,3277,3291,2;                                             3293P   2890
144,3267,1,0,3293;                                                  3295P   2891
110,-5.1,12.1,2.54,-5.1,12.1,0.84;                                  3297P   2892
122,3297,-4.8,12.1,2.54;                                            3299P   2893
126,1,1,1,0,1,0,-0.0003,-0.0003,0.,0.,1.,1.,0.,1.,0.,0.,0.,0.,      3301P   2894
-0.0003,0.,0.,0.,1.;                                                3301P   2895
126,1,1,1,0,1,0,-0.0017,-0.0017,0.,0.,1.,1.,0.,0.,0.,1.,0.,0.,      3303P   2896
-0.0017,0.,0.,0.,1.;                                                3303P   2897
126,1,1,1,0,1,0,0.,0.,0.0003,0.0003,1.,1.,1.,0.,0.,1.,1.,0.,0.,     3305P   2898
0.0003,0.,0.,1.;                                                    3305P   2899
126,1,1,1,0,1,0,0.,0.,0.0017,0.0017,1.,1.,1.,1.,0.,0.,1.,0.,0.,     3307P   2900
0.0017,0.,0.,1.;                                                    3307P   2901
102,4,3301,3303,3305,3307;                                          3309P   2902
110,-4.8,12.1,2.54,-5.1,12.1,2.54;                                  3311P   2903
110,-5.1,12.1,2.54,-5.1,12.1,0.84;                                  3313P   2904
110,-5.1,12.1,0.84,-4.8,12.1,0.84;                                  3315P   2905
110,-4.8,12.1,0.84,-4.8,12.1,2.54;                                  3317P   2906
102,4,3311,3313,3315,3317;                                          3319P   2907
142,1,3299,3309,3319,2;                                             3321P   2908
144,3299,1,0,3321;                                                  3323P   2909
110,-2.9,12.7,0.84,-2.9,12.7,1000.83999999999992;                   3325P   2910
110,-2.5,12.7,1.54058862248286,-2.5,12.7,0.84;                      3327P   2911
120,3325,3327,0.,6.28318530717959;                                  3329P   2912
126,4,2,1,0,1,0,3.14159265358981,3.14159265358981,                  3331P   2913
3.14159265358981,3.92699081698724,3.92699081698724,                 3331P   2914
4.71238898038468,4.71238898038468,4.71238898038468,1.,1.,1.,1.,     3331P   2915
1.,0.15894939536255,1.57079632679488,0.,0.15894939536255,           3331P   2916
1.19961172577055,0.,0.11414107337097,0.78539816339745,0.,           3331P   2917
0.0852250205447,0.51809466443602,0.,0.00596421471173,0.,0.,         3331P   2918
3.14159265358981,4.71238898038468,0.,0.,1.;                         3331P   2919
126,1,1,1,0,1,0,-0.00069641016151,-0.00069641016151,0.,0.,1.,1.,    3333P   2920
0.00596421471173,0.,0.,1.,0.,0.,-0.00069641016151,0.,0.,0.,1.;      3333P   2921
126,1,1,1,0,1,0,0.00000000000001,0.00000000000001,                  3335P   2922
1.57079632679488,1.57079632679488,1.,1.,1.,0.,0.,1.,                3335P   2923
1.57079632679488,0.,0.00000000000001,1.57079632679488,0.,0.,1.;     3335P   2924
126,1,1,1,0,1,0,0.,0.,0.00058923048454,0.00058923048454,1.,1.,      3337P   2925
1.,1.57079632679488,0.,0.15894939536255,1.57079632679488,0.,0.,     3337P   2926
0.00058923048454,0.,0.,1.;                                          3337P   2927
102,4,3331,3333,3335,3337;                                          3339P   2928
124,0.,-1.,0.,-2.9,-0.96592582628907,0.,-0.25881904510252,12.7,     3341P   2929
0.25881904510252,0.,-0.96592582628907,1.53641016151378;             3341P   2930
104,0.00000000000016,0.,0.00000000000017,0.,0.,                     3343P   2931
-0.00000000000003,0.,-0.41411047216404,-0.00000000000001,-0.,       3343P   2932
-0.4;                                                               3343P   2933
110,-2.5,12.7,1.53641016151378,-2.5,12.7,0.84;                      3345P   2934
124,1.,0.,0.,-2.9,0.,1.,0.,12.7,0.,0.,1.,0.84;                      3347P   2935
100,0.,0.,0.,0.4,0.,0.00000000000001,0.4;                           3349P   2936
110,-2.9,13.1,0.84,-2.9,13.1,1.42923048454133;                      3351P   2937
102,4,3343,3345,3349,3351;                                          3353P   2938
142,1,3329,3339,3353,2;                                             3355P   2939
144,3329,1,0,3355;                                                  3357P   2940
110,-4.7,13.1,0.84,-4.7,13.1,1.42923048454133;                      3359P   2941
122,3359,-2.9,13.1,0.84;                                            3361P   2942
126,1,1,1,0,1,0,-0.0018,-0.0018,0.,0.,1.,1.,1.,0.,0.,1.,1.,0.,      3363P   2943
-0.0018,0.,0.,0.,1.;                                                3363P   2944
126,1,1,1,0,1,0,-0.00058923048454,-0.00058923048454,0.,0.,1.,1.,    3365P   2945
1.,1.,0.,0.,1.,0.,-0.00058923048454,0.,0.,0.,1.;                    3365P   2946
126,1,1,1,0,1,0,0.,0.,0.0018,0.0018,1.,1.,0.,1.,0.,0.,0.,0.,0.,     3367P   2947
0.0018,0.,0.,1.;                                                    3367P   2948
126,1,1,1,0,1,0,0.,0.,0.00058923048454,0.00058923048454,1.,1.,      3369P   2949
0.,0.,0.,1.,0.,0.,0.,0.00058923048454,0.,0.,1.;                     3369P   2950
102,4,3363,3365,3367,3369;                                          3371P   2951
110,-4.7,13.1,1.42923048454133,-2.9,13.1,1.42923048454133;          3373P   2952
110,-2.9,13.1,1.42923048454133,-2.9,13.1,0.84;                      3375P   2953
110,-2.9,13.1,0.84,-4.7,13.1,0.84;                                  3377P   2954
110,-4.7,13.1,0.84,-4.7,13.1,1.42923048454133;                      3379P   2955
102,4,3373,3375,3377,3379;                                          3381P   2956
142,1,3361,3371,3381,2;                                             3383P   2957
144,3361,1,0,3383;                                                  3385P   2958
110,-4.8,11.5,3.38,-4.8,11.5,5.08;                                  3387P   2959
122,3387,-4.8,12.1,3.38;                                            3389P   2960
126,1,1,1,0,1,0,-0.0017,-0.0017,0.,0.,1.,1.,0.,0.,0.,1.,0.,0.,      3391P   2961
-0.0017,0.,0.,0.,1.;                                                3391P   2962
126,1,1,1,0,1,0,-0.0006,-0.0006,0.,0.,1.,1.,1.,0.,0.,1.,1.,0.,      3393P   2963
-0.0006,0.,0.,0.,1.;                                                3393P   2964
126,1,1,1,0,1,0,-0.0017,-0.0017,0.,0.,1.,1.,1.,1.,0.,0.,1.,0.,      3395P   2965
-0.0017,0.,0.,0.,1.;                                                3395P   2966
126,1,1,1,0,1,0,0.,0.,0.0006,0.0006,1.,1.,0.,1.,0.,0.,0.,0.,0.,     3397P   2967
0.0006,0.,0.,1.;                                                    3397P   2968
102,4,3391,3393,3395,3397;                                          3399P   2969
110,-4.8,11.5,3.38,-4.8,11.5,5.08;                                  3401P   2970
110,-4.8,11.5,5.08,-4.8,12.1,5.08;                                  3403P   2971
110,-4.8,12.1,5.08,-4.8,12.1,3.38;                                  3405P   2972
110,-4.8,12.1,3.38,-4.8,11.5,3.38;                                  3407P   2973
102,4,3401,3403,3405,3407;                                          3409P   2974
142,1,3389,3399,3409,2;                                             3411P   2975
144,3389,1,0,3411;                                                  3413P   2976
110,-2.5,11.5,5.08,-2.5,11.5,3.38;                                  3415P   2977
122,3415,-2.5,12.7,5.08;                                            3417P   2978
126,1,1,1,0,1,0,0.00179135941491,0.00179135941491,                  3419P   2979
0.00199841465099,0.00199841465099,1.,1.,0.44117647058824,           3419P   2980
0.83333333333333,0.,0.40965303618457,1.,0.,0.00179135941491,        3419P   2981
0.00199841465099,0.,0.,1.;                                          3419P   2982
126,1,1,1,0,1,0,0.00100358983849,0.00100358983849,0.0017,0.0017,    3421P   2983
1.,1.,0.40965303618457,1.,0.,0.,1.,0.,0.00100358983849,0.0017,      3421P   2984
0.,0.,1.;                                                           3421P   2985
126,1,1,1,0,1,0,-0.0018,-0.0018,-0.0006,-0.0006,1.,1.,0.,1.,0.,     3423P   2986
0.,0.,0.,-0.0018,-0.0006,0.,0.,1.;                                  3423P   2987
126,1,1,1,0,1,0,0.,0.,0.0017,0.0017,1.,1.,0.,0.,0.,1.,0.,0.,0.,     3425P   2988
0.0017,0.,0.,1.;                                                    3425P   2989
126,1,1,1,0,1,0,0.0006,0.0006,0.0018,0.0018,1.,1.,1.,0.,0.,1.,      3427P   2990
1.,0.,0.0006,0.0018,0.,0.,1.;                                       3427P   2991
126,1,1,1,0,1,0,0.,0.,0.00069641016151,0.00069641016151,1.,1.,      3429P   2992
1.,1.,0.,0.59034696381543,1.,0.,0.,0.00069641016151,0.,0.,1.;       3429P   2993
126,1,1,1,0,1,0,-0.00155842227432,-0.00155842227432,                3431P   2994
-0.00135136703824,-0.00135136703824,1.,1.,0.59034696381543,1.,      3431P   2995
0.,0.55882352941176,0.83333333333333,0.,-0.00155842227432,          3431P   2996
-0.00135136703824,0.,0.,1.;                                         3431P   2997
126,1,1,1,0,1,0,0.00075,0.00075,0.00095,0.00095,1.,1.,              3433P   2998
0.55882352941176,0.83333333333333,0.,0.44117647058824,              3433P   2999
0.83333333333333,0.,0.00075,0.00095,0.,0.,1.;                       3433P   3000
102,8,3419,3421,3423,3425,3427,3429,3431,3433;                      3435P   3001
110,-2.5,12.5,4.33,-2.5,12.7,4.38358983848623;                      3437P   3002
110,-2.5,12.7,4.38358983848623,-2.5,12.7,5.08;                      3439P   3003
110,-2.5,12.7,5.08,-2.5,11.5,5.08;                                  3441P   3004
110,-2.5,11.5,5.08,-2.5,11.5,3.38;                                  3443P   3005
110,-2.5,11.5,3.38,-2.5,12.7,3.38;                                  3445P   3006
110,-2.5,12.7,3.38,-2.5,12.7,4.07641016151378;                      3447P   3007
110,-2.5,12.7,4.07641016151378,-2.5,12.5,4.13;                      3449P   3008
110,-2.5,12.5,4.13,-2.5,12.5,4.33;                                  3451P   3009
102,8,3437,3439,3441,3443,3445,3447,3449,3451;                      3453P   3010
142,1,3417,3435,3453,2;                                             3455P   3011
144,3417,1,0,3455;                                                  3457P   3012
110,-2.5,11.5,3.38,-5.3,11.5,3.38;                                  3459P   3013
122,3459,-2.5,13.1,3.38;                                            3461P   3014
126,1,1,1,0,1,0,-0.0018,-0.0018,-0.0006,-0.0006,1.,1.,0.,0.75,      3463P   3015
0.,0.,0.,0.,-0.0018,-0.0006,0.,0.,1.;                               3463P   3016
126,1,1,1,0,1,0,0.00229289321881,0.00229289321881,                  3465P   3017
0.00459289321881,0.00459289321881,1.,1.,0.,0.,0.,                   3465P   3018
0.82142857142857,0.,0.,0.00229289321881,0.00459289321881,0.,0.,     3465P   3019
1.;                                                                 3465P   3020
126,1,1,1,0,1,0,-0.0006,-0.0006,0.,0.,1.,1.,0.82142857142857,0.,    3467P   3021
0.,0.82142857142857,0.375,0.,-0.0006,0.,0.,0.,1.;                   3467P   3022
126,1,1,1,0,1,0,-0.0003,-0.0003,0.,0.,1.,1.,0.82142857142857,       3469P   3023
0.375,0.,0.92857142857143,0.375,0.,-0.0003,0.,0.,0.,1.;             3469P   3024
126,4,2,1,0,1,0,-4.71238898038469,-4.71238898038469,                3471P   3025
-4.71238898038469,-3.92699081698725,-3.92699081698725,              3471P   3026
-3.14159265358981,-3.14159265358981,-3.14159265358981,1.,1.,1.,     3471P   3027
1.,1.,0.92857142857143,0.375,0.,0.95815811159808,0.375,0.,          3471P   3028
0.97907905579904,0.41161165235168,0.,1.,0.44822330470336,0.,1.,     3471P   3029
0.5,0.,-4.71238898038469,-3.14159265358981,0.,0.,1.;                3471P   3030
126,1,1,1,0,1,0,-0.0002,-0.0002,0.,0.,1.,1.,1.,0.5,0.,1.,0.625,     3473P   3031
0.,-0.0002,0.,0.,0.,1.;                                             3473P   3032
126,1,1,1,0,1,0,-0.00084852813742,-0.00084852813742,0.,0.,1.,1.,    3475P   3033
1.,0.625,0.,0.78571428571429,1.,0.,-0.00084852813742,0.,0.,0.,      3475P   3034
1.;                                                                 3475P   3035
126,1,1,1,0,1,0,-0.0018,-0.0018,0.,0.,1.,1.,0.78571428571429,1.,    3477P   3036
0.,0.14285714285714,1.,0.,-0.0018,0.,0.,0.,1.;                      3477P   3037
126,8,2,1,0,1,0,-1.57079632679488,-1.57079632679488,                3479P   3038
-1.57079632679488,-1.17809724509616,-1.17809724509616,              3479P   3039
-0.78539816339745,-0.78539816339745,-0.39269908169873,              3479P   3040
-0.39269908169873,-0.00000000000001,-0.00000000000001,              3479P   3041
-0.00000000000001,1.,1.,1.,1.,1.,1.,1.,1.,1.,0.14285714285714,      3479P   3042
1.,0.,0.11444109037433,1.,0.,0.0881880810907,0.98096988312782,      3479P   3043
0.,0.06193507180707,0.96193976625564,0.,0.04184188840192,           3479P   3044
0.92677669529664,0.,0.02174870499678,0.89161362433763,0.,           3479P   3045
0.01087435249839,0.84567085809127,0.,0.,0.79972809184491,0.,0.,     3479P   3046
0.75,0.,-1.57079632679488,-0.00000000000001,0.,0.,1.;               3479P   3047
102,9,3463,3465,3467,3469,3471,3473,3475,3477,3479;                 3481P   3048
110,-2.5,12.7,3.38,-2.5,11.5,3.38;                                  3483P   3049
110,-2.5,11.5,3.38,-4.8,11.5,3.38;                                  3485P   3050
110,-4.8,11.5,3.38,-4.8,12.1,3.38;                                  3487P   3051
110,-4.8,12.1,3.38,-5.1,12.1,3.38;                                  3489P   3052
124,1.,0.,0.,-5.1,0.,-1.,0.,12.3,0.,0.,-1.,3.38;                    3491P   3053
100,0.,0.,0.,-0.,0.2,-0.2,0.;                                       3493P   3054
110,-5.3,12.3,3.38,-5.3,12.5,3.38;                                  3495P   3055
110,-5.3,12.5,3.38,-4.7,13.1,3.38;                                  3497P   3056
110,-4.7,13.1,3.38,-2.9,13.1,3.38;                                  3499P   3057
124,1.,0.,0.,-2.9,0.,-1.,0.,12.7,0.,0.,-1.,3.38;                    3501P   3058
100,0.,0.,0.,0.00000000000001,-0.4,0.4,-0.;                         3503P   3059
102,9,3483,3485,3487,3489,3493,3495,3497,3499,3503;                 3505P   3060
142,1,3461,3481,3505,2;                                             3507P   3061
144,3461,1,0,3507;                                                  3509P   3062
110,-5.3,11.5,5.08,-2.5,11.5,5.08;                                  3511P   3063
122,3511,-5.3,13.1,5.08;                                            3513P   3064
126,1,1,1,0,1,0,-0.00459289321881,-0.00459289321881,                3515P   3065
-0.00229289321881,-0.00229289321881,1.,1.,0.17857142857143,0.,      3515P   3066
0.,1.,0.,0.,-0.00459289321881,-0.00229289321881,0.,0.,1.;           3515P   3067
126,1,1,1,0,1,0,0.0006,0.0006,0.0018,0.0018,1.,1.,1.,0.,0.,1.,      3517P   3068
0.75,0.,0.0006,0.0018,0.,0.,1.;                                     3517P   3069
126,8,2,1,0,1,0,0.00000000000001,0.00000000000001,                  3519P   3070
0.00000000000001,0.39269908169873,0.39269908169873,                 3519P   3071
0.78539816339745,0.78539816339745,1.17809724509616,                 3519P   3072
1.17809724509616,1.57079632679488,1.57079632679488,                 3519P   3073
1.57079632679488,1.,1.,1.,1.,1.,1.,1.,1.,1.,1.,0.75,0.,1.,          3519P   3074
0.79972809184491,0.,0.98912564750161,0.84567085809127,0.,           3519P   3075
0.97825129500322,0.89161362433763,0.,0.95815811159808,              3519P   3076
0.92677669529664,0.,0.93806492819293,0.96193976625564,0.,           3519P   3077
0.9118119189093,0.98096988312782,0.,0.88555890962567,1.,0.,         3519P   3078
0.85714285714286,1.,0.,0.00000000000001,1.57079632679488,0.,0.,     3519P   3079
1.;                                                                 3519P   3080
126,1,1,1,0,1,0,0.,0.,0.0018,0.0018,1.,1.,0.85714285714286,1.,      3521P   3081
0.,0.21428571428571,1.,0.,0.,0.0018,0.,0.,1.;                       3521P   3082
126,1,1,1,0,1,0,0.,0.,0.00084852813742,0.00084852813742,1.,1.,      3523P   3083
0.21428571428571,1.,0.,0.,0.625,0.,0.,0.00084852813742,0.,0.,1.;    3523P   3084
126,1,1,1,0,1,0,0.,0.,0.0002,0.0002,1.,1.,0.,0.625,0.,0.,0.5,0.,    3525P   3085
0.,0.0002,0.,0.,1.;                                                 3525P   3086
126,4,2,1,0,1,0,3.14159265358981,3.14159265358981,                  3527P   3087
3.14159265358981,3.92699081698725,3.92699081698725,                 3527P   3088
4.71238898038469,4.71238898038469,4.71238898038469,1.,1.,1.,1.,     3527P   3089
1.,0.,0.5,0.,0.,0.44822330470336,0.,0.02092094420096,               3527P   3090
0.41161165235168,0.,0.04184188840192,0.375,0.,0.07142857142857,     3527P   3091
0.375,0.,3.14159265358981,4.71238898038469,0.,0.,1.;                3527P   3092
126,1,1,1,0,1,0,0.,0.,0.0003,0.0003,1.,1.,0.07142857142857,         3529P   3093
0.375,0.,0.17857142857143,0.375,0.,0.,0.0003,0.,0.,1.;              3529P   3094
126,1,1,1,0,1,0,0.,0.,0.0006,0.0006,1.,1.,0.17857142857143,         3531P   3095
0.375,0.,0.17857142857143,0.,0.,0.,0.0006,0.,0.,1.;                 3531P   3096
102,9,3515,3517,3519,3521,3523,3525,3527,3529,3531;                 3533P   3097
110,-4.8,11.5,5.08,-2.5,11.5,5.08;                                  3535P   3098
110,-2.5,11.5,5.08,-2.5,12.7,5.08;                                  3537P   3099
124,1.,0.,0.,-2.9,0.,1.,0.,12.7,0.,0.,1.,5.08;                      3539P   3100
100,0.,0.,0.,0.4,0.,0.00000000000001,0.4;                           3541P   3101
110,-2.9,13.1,5.08,-4.7,13.1,5.08;                                  3543P   3102
110,-4.7,13.1,5.08,-5.3,12.5,5.08;                                  3545P   3103
110,-5.3,12.5,5.08,-5.3,12.3,5.08;                                  3547P   3104
124,1.,0.,0.,-5.1,0.,1.,0.,12.3,0.,0.,1.,5.08;                      3549P   3105
100,0.,0.,0.,-0.2,-0.,-0.,-0.2;                                     3551P   3106
110,-5.1,12.1,5.08,-4.8,12.1,5.08;                                  3553P   3107
110,-4.8,12.1,5.08,-4.8,11.5,5.08;                                  3555P   3108
102,9,3535,3537,3541,3543,3545,3547,3551,3553,3555;                 3557P   3109
142,1,3513,3533,3557,2;                                             3559P   3110
144,3513,1,0,3559;                                                  3561P   3111
110,-4.7,13.1,3.38,-5.3,12.5,3.38;                                  3563P   3112
122,3563,-4.7,13.1,4.1345;                                          3565P   3113
126,1,1,1,0,1,0,-0.00097331349965,-0.00097331349965,                3567P   3114
-0.00010968925433,-0.00010968925433,1.,1.,1.,0.99403578528827,      3567P   3115
0.,0.,0.78095491655577,0.,-0.00097331349965,-0.00010968925433,      3567P   3116
0.,0.,1.;                                                           3567P   3117
126,1,1,1,0,1,0,-0.00058923048454,-0.00058923048454,0.,0.,1.,1.,    3569P   3118
0.,0.78095491655577,0.,0.,0.,0.,-0.00058923048454,0.,0.,0.,1.;      3569P   3119
126,1,1,1,0,1,0,0.,0.,0.00084852813742,0.00084852813742,1.,1.,      3571P   3120
0.,0.,0.,1.,0.,0.,0.,0.00084852813742,0.,0.,1.;                     3571P   3121
126,1,1,1,0,1,0,0.,0.,0.00075,0.00075,1.,1.,1.,0.,0.,1.,            3573P   3122
0.99403578528827,0.,0.,0.00075,0.,0.,1.;                            3573P   3123
102,4,3567,3569,3571,3573;                                          3575P   3124
110,-5.3,12.5,4.13,-4.7,13.1,3.96923048454133;                      3577P   3125
110,-4.7,13.1,3.96923048454133,-4.7,13.1,3.38;                      3579P   3126
110,-4.7,13.1,3.38,-5.3,12.5,3.38;                                  3581P   3127
110,-5.3,12.5,3.38,-5.3,12.5,4.13;                                  3583P   3128
102,4,3577,3579,3581,3583;                                          3585P   3129
142,1,3565,3575,3585,2;                                             3587P   3130
144,3565,1,0,3587;                                                  3589P   3131
110,-5.3,12.3,3.38,-5.3,12.3,5.08;                                  3591P   3132
122,3591,-5.3,12.5,3.38;                                            3593P   3133
126,1,1,1,0,1,0,-0.0002,-0.0002,0.,0.,1.,1.,1.,0.,0.,1.,1.,0.,      3595P   3134
-0.0002,0.,0.,0.,1.;                                                3595P   3135
126,1,1,1,0,1,0,-0.0017,-0.0017,-0.00095,-0.00095,1.,1.,1.,1.,      3597P   3136
0.,0.55882352941176,1.,0.,-0.0017,-0.00095,0.,0.,1.;                3597P   3137
126,1,1,1,0,1,0,-0.00095,-0.00095,-0.00075,-0.00075,1.,1.,          3599P   3138
0.55882352941176,1.,0.,0.44117647058824,1.,0.,-0.00095,-0.00075,    3599P   3139
0.,0.,1.;                                                           3599P   3140
126,1,1,1,0,1,0,-0.00075,-0.00075,0.,0.,1.,1.,0.44117647058824,     3601P   3141
1.,0.,0.,1.,0.,-0.00075,0.,0.,0.,1.;                                3601P   3142
126,1,1,1,0,1,0,0.,0.,0.0002,0.0002,1.,1.,0.,1.,0.,0.,0.,0.,0.,     3603P   3143
0.0002,0.,0.,1.;                                                    3603P   3144
126,1,1,1,0,1,0,0.,0.,0.0017,0.0017,1.,1.,0.,0.,0.,1.,0.,0.,0.,     3605P   3145
0.0017,0.,0.,1.;                                                    3605P   3146
102,6,3595,3597,3599,3601,3603,3605;                                3607P   3147
110,-5.3,12.3,5.08,-5.3,12.5,5.08;                                  3609P   3148
110,-5.3,12.5,5.08,-5.3,12.5,4.33;                                  3611P   3149
110,-5.3,12.5,4.33,-5.3,12.5,4.13;                                  3613P   3150
110,-5.3,12.5,4.13,-5.3,12.5,3.38;                                  3615P   3151
110,-5.3,12.5,3.38,-5.3,12.3,3.38;                                  3617P   3152
110,-5.3,12.3,3.38,-5.3,12.3,5.08;                                  3619P   3153
102,6,3609,3611,3613,3615,3617,3619;                                3621P   3154
142,1,3593,3607,3621,2;                                             3623P   3155
144,3593,1,0,3623;                                                  3625P   3156
110,-5.1,12.3,3.38,-5.1,12.3,1003.37999999999988;                   3627P   3157
110,-4.9,12.3,5.08,-4.9,12.3,3.38;                                  3629P   3158
120,3627,3629,0.,6.28318530717959;                                  3631P   3159
126,1,1,1,0,1,0,-4.71238898038469,-4.71238898038469,                3633P   3160
-3.14159265358981,-3.14159265358981,1.,1.,0.,4.71238898038469,      3633P   3161
0.,0.,3.14159265358981,0.,-4.71238898038469,-3.14159265358981,      3633P   3162
0.,0.,1.;                                                           3633P   3163
126,1,1,1,0,1,0,-0.0017,-0.0017,0.,0.,1.,1.,0.,3.14159265358981,    3635P   3164
0.,1.,3.14159265358981,0.,-0.0017,0.,0.,0.,1.;                      3635P   3165
126,1,1,1,0,1,0,3.14159265358981,3.14159265358981,                  3637P   3166
4.71238898038469,4.71238898038469,1.,1.,1.,3.14159265358981,0.,     3637P   3167
1.,4.71238898038469,0.,3.14159265358981,4.71238898038469,0.,0.,     3637P   3168
1.;                                                                 3637P   3169
126,1,1,1,0,1,0,0.,0.,0.0017,0.0017,1.,1.,1.,4.71238898038469,      3639P   3170
0.,0.,4.71238898038469,0.,0.,0.0017,0.,0.,1.;                       3639P   3171
102,4,3633,3635,3637,3639;                                          3641P   3172
124,1.,0.,0.,-5.1,0.,-1.,0.,12.3,0.,0.,-1.,5.08;                    3643P   3173
100,0.,0.,0.,-0.,0.2,-0.2,0.;                                       3645P   3174
110,-5.3,12.3,5.08,-5.3,12.3,3.38;                                  3647P   3175
124,1.,0.,0.,-5.1,0.,1.,0.,12.3,0.,0.,1.,3.38;                      3649P   3176
100,0.,0.,0.,-0.2,-0.,-0.,-0.2;                                     3651P   3177
110,-5.1,12.1,3.38,-5.1,12.1,5.08;                                  3653P   3178
102,4,3645,3647,3651,3653;                                          3655P   3179
142,1,3631,3641,3655,2;                                             3657P   3180
144,3631,1,0,3657;                                                  3659P   3181
110,-5.1,12.1,5.08,-5.1,12.1,3.38;                                  3661P   3182
122,3661,-4.8,12.1,5.08;                                            3663P   3183
126,1,1,1,0,1,0,-0.0003,-0.0003,0.,0.,1.,1.,0.,1.,0.,0.,0.,0.,      3665P   3184
-0.0003,0.,0.,0.,1.;                                                3665P   3185
126,1,1,1,0,1,0,-0.0017,-0.0017,0.,0.,1.,1.,0.,0.,0.,1.,0.,0.,      3667P   3186
-0.0017,0.,0.,0.,1.;                                                3667P   3187
126,1,1,1,0,1,0,0.,0.,0.0003,0.0003,1.,1.,1.,0.,0.,1.,1.,0.,0.,     3669P   3188
0.0003,0.,0.,1.;                                                    3669P   3189
126,1,1,1,0,1,0,0.,0.,0.0017,0.0017,1.,1.,1.,1.,0.,0.,1.,0.,0.,     3671P   3190
0.0017,0.,0.,1.;                                                    3671P   3191
102,4,3665,3667,3669,3671;                                          3673P   3192
110,-4.8,12.1,5.08,-5.1,12.1,5.08;                                  3675P   3193
110,-5.1,12.1,5.08,-5.1,12.1,3.38;                                  3677P   3194
110,-5.1,12.1,3.38,-4.8,12.1,3.38;                                  3679P   3195
110,-4.8,12.1,3.38,-4.8,12.1,5.08;                                  3681P   3196
102,4,3675,3677,3679,3681;                                          3683P   3197
142,1,3663,3673,3683,2;                                             3685P   3198
144,3663,1,0,3685;                                                  3687P   3199
110,-2.9,12.7,3.38,-2.9,12.7,1003.37999999999988;                   3689P   3200
110,-2.5,12.7,4.08058862248286,-2.5,12.7,3.38;                      3691P   3201
120,3689,3691,0.,6.28318530717959;                                  3693P   3202
126,4,2,1,0,1,0,3.14159265358981,3.14159265358981,                  3695P   3203
3.14159265358981,3.92699081698724,3.92699081698724,                 3695P   3204
4.71238898038468,4.71238898038468,4.71238898038468,1.,1.,1.,1.,     3695P   3205
1.,0.15894939536255,1.57079632679488,0.,0.15894939536255,           3695P   3206
1.19961172577054,0.,0.11414107337097,0.78539816339745,0.,           3695P   3207
0.0852250205447,0.51809466443602,0.,0.00596421471173,0.,0.,         3695P   3208
3.14159265358981,4.71238898038468,0.,0.,1.;                         3695P   3209
126,1,1,1,0,1,0,-0.00069641016151,-0.00069641016151,0.,0.,1.,1.,    3697P   3210
0.00596421471173,0.,0.,1.,0.,0.,-0.00069641016151,0.,0.,0.,1.;      3697P   3211
126,1,1,1,0,1,0,0.00000000000001,0.00000000000001,                  3699P   3212
1.57079632679488,1.57079632679488,1.,1.,1.,0.,0.,1.,                3699P   3213
1.57079632679488,0.,0.00000000000001,1.57079632679488,0.,0.,1.;     3699P   3214
126,1,1,1,0,1,0,0.,0.,0.00058923048454,0.00058923048454,1.,1.,      3701P   3215
1.,1.57079632679488,0.,0.15894939536255,1.57079632679488,0.,0.,     3701P   3216
0.00058923048454,0.,0.,1.;                                          3701P   3217
102,4,3695,3697,3699,3701;                                          3703P   3218
124,0.,-1.,0.,-2.9,-0.96592582628907,0.,-0.25881904510252,12.7,     3705P   3219
0.25881904510252,0.,-0.96592582628907,4.07641016151378;             3705P   3220
104,0.00000000000016,0.,0.00000000000017,0.,0.,                     3707P   3221
-0.00000000000003,0.,-0.41411047216404,-0.00000000000001,-0.,       3707P   3222
-0.4;                                                               3707P   3223
110,-2.5,12.7,4.07641016151378,-2.5,12.7,3.38;                      3709P   3224
124,1.,0.,0.,-2.9,0.,1.,0.,12.7,0.,0.,1.,3.38;                      3711P   3225
100,0.,0.,0.,0.4,0.,0.00000000000001,0.4;                           3713P   3226
110,-2.9,13.1,3.38,-2.9,13.1,3.96923048454133;                      3715P   3227
102,4,3707,3709,3713,3715;                                          3717P   3228
142,1,3693,3703,3717,2;                                             3719P   3229
144,3693,1,0,3719;                                                  3721P   3230
110,-4.7,13.1,3.38,-4.7,13.1,3.96923048454133;                      3723P   3231
122,3723,-2.9,13.1,3.38;                                            3725P   3232
126,1,1,1,0,1,0,-0.0018,-0.0018,0.,0.,1.,1.,1.,0.,0.,1.,1.,0.,      3727P   3233
-0.0018,0.,0.,0.,1.;                                                3727P   3234
126,1,1,1,0,1,0,-0.00058923048454,-0.00058923048454,0.,0.,1.,1.,    3729P   3235
1.,1.,0.,0.,1.,0.,-0.00058923048454,0.,0.,0.,1.;                    3729P   3236
126,1,1,1,0,1,0,0.,0.,0.0018,0.0018,1.,1.,0.,1.,0.,0.,0.,0.,0.,     3731P   3237
0.0018,0.,0.,1.;                                                    3731P   3238
126,1,1,1,0,1,0,0.,0.,0.00058923048454,0.00058923048454,1.,1.,      3733P   3239
0.,0.,0.,1.,0.,0.,0.,0.00058923048454,0.,0.,1.;                     3733P   3240
102,4,3727,3729,3731,3733;                                          3735P   3241
110,-4.7,13.1,3.96923048454133,-2.9,13.1,3.96923048454133;          3737P   3242
110,-2.9,13.1,3.96923048454133,-2.9,13.1,3.38;                      3739P   3243
110,-2.9,13.1,3.38,-4.7,13.1,3.38;                                  3741P   3244
110,-4.7,13.1,3.38,-4.7,13.1,3.96923048454133;                      3743P   3245
102,4,3737,3739,3741,3743;                                          3745P   3246
142,1,3725,3735,3745,2;                                             3747P   3247
144,3725,1,0,3747;                                                  3749P   3248
110,-5.3168,12.5,1.79,-5.3168,13.1,1.95076951545867;                3751P   3249
122,3751,-2.5,12.5,1.79;                                            3753P   3250
126,1,1,1,0,1,0,-0.00065684696023,-0.00065684696023,                3755P   3251
0.00020677728509,0.00020677728509,1.,1.,0.,0.00596421471173,0.,     3755P   3252
1.,0.21897188298779,0.,-0.00065684696023,0.00020677728509,0.,0.,    3755P   3253
1.;                                                                 3755P   3254
126,1,1,1,0,1,0,-0.0018,-0.0018,0.,0.,1.,1.,1.,0.21897188298779,    3757P   3255
0.,1.,0.85799488781596,0.,-0.0018,0.,0.,0.,1.;                      3757P   3256
126,8,2,1,0,1,0,-6.28318530717957,-6.28318530717957,                3759P   3257
-6.28318530717957,-5.89048622548085,-5.89048622548085,              3759P   3258
-5.49778714378214,-5.49778714378214,-5.10508806208342,              3759P   3259
-5.10508806208342,-4.7123889803847,-4.7123889803847,                3759P   3260
-4.7123889803847,1.,1.,1.,1.,1.,1.,1.,1.,1.,1.,0.85799488781596,    3759P   3261
0.,1.,0.8862414608605,0.,0.94925302167419,0.91233789155994,0.,      3759P   3262
0.89850604334838,0.93843432225937,0.,0.80473785412436,              3759P   3263
0.95840766560445,0.,0.71096966490034,0.97838100894953,0.,           3759P   3264
0.58845562157672,0.98919050447476,0.,0.4659415782531,1.,0.,         3759P   3265
0.33333333333333,1.,0.,-6.28318530717957,-4.7123889803847,0.,0.,    3759P   3266
1.;                                                                 3759P   3267
126,1,1,1,0,1,0,-0.00199841465099,-0.00199841465099,                3761P   3268
-0.00179135941491,-0.00179135941491,1.,1.,0.33333333333333,1.,      3761P   3269
0.,0.,1.,0.,-0.00199841465099,-0.00179135941491,0.,0.,1.;           3761P   3270
126,1,1,1,0,1,0,-0.0035,-0.0035,-0.0007,-0.0007,1.,1.,0.,1.,0.,     3763P   3271
0.,0.00596421471173,0.,-0.0035,-0.0007,0.,0.,1.;                    3763P   3272
102,5,3755,3757,3759,3761,3763;                                     3765P   3273
110,-5.3,12.5,1.79,-4.7,13.1,1.95076951545867;                      3767P   3274
110,-4.7,13.1,1.95076951545867,-2.9,13.1,1.95076951545867;          3769P   3275
124,0.,1.,0.,-2.9,0.96592582628907,0.,0.25881904510252,12.7,        3771P   3276
0.25881904510252,0.,-0.96592582628907,1.84358983848622;             3771P   3277
104,0.00000000000016,0.,0.00000000000017,0.,0.,                     3773P   3278
-0.00000000000003,0.,0.41411047216404,0.00000000000001,0.,0.4;      3773P   3279
110,-2.5,12.7,1.84358983848622,-2.5,12.5,1.79;                      3775P   3280
110,-2.5,12.5,1.79,-5.3,12.5,1.79;                                  3777P   3281
102,5,3767,3769,3773,3775,3777;                                     3779P   3282
142,1,3753,3765,3779,2;                                             3781P   3283
144,3753,1,0,3781;                                                  3783P   3284
110,-5.3,12.5,1.59,-5.3,12.5,1.79;                                  3785P   3285
122,3785,-2.5,12.5,1.59;                                            3787P   3286
126,1,1,1,0,1,0,-0.00095,-0.00095,-0.00075,-0.00075,1.,1.,1.,1.,    3789P   3287
0.,0.,1.,0.,-0.00095,-0.00075,0.,0.,1.;                             3789P   3288
126,1,1,1,0,1,0,-0.0035,-0.0035,-0.0007,-0.0007,1.,1.,0.,1.,0.,     3791P   3289
0.,-0.,0.,-0.0035,-0.0007,0.,0.,1.;                                 3791P   3290
126,1,1,1,0,1,0,0.00075,0.00075,0.00095,0.00095,1.,1.,0.,-0.,0.,    3793P   3291
1.,-0.,0.,0.00075,0.00095,0.,0.,1.;                                 3793P   3292
126,1,1,1,0,1,0,0.0007,0.0007,0.0035,0.0035,1.,1.,1.,-0.,0.,1.,     3795P   3293
1.,0.,0.0007,0.0035,0.,0.,1.;                                       3795P   3294
102,4,3789,3791,3793,3795;                                          3797P   3295
110,-2.5,12.5,1.79,-2.5,12.5,1.59;                                  3799P   3296
110,-2.5,12.5,1.59,-5.3,12.5,1.59;                                  3801P   3297
110,-5.3,12.5,1.59,-5.3,12.5,1.79;                                  3803P   3298
110,-5.3,12.5,1.79,-2.5,12.5,1.79;                                  3805P   3299
102,4,3799,3801,3803,3805;                                          3807P   3300
142,1,3787,3797,3807,2;                                             3809P   3301
144,3787,1,0,3809;                                                  3811P   3302
110,-5.3168,13.1,1.42923048454133,-5.3168,12.5,1.59;                3813P   3303
122,3813,-2.5,13.1,1.42923048454133;                                3815P   3304
126,1,1,1,0,1,0,0.00010968925433,0.00010968925433,                  3817P   3305
0.00097331349965,0.00097331349965,1.,1.,0.,0.21897188298779,0.,     3817P   3306
1.,0.00596421471173,0.,0.00010968925433,0.00097331349965,0.,0.,     3817P   3307
1.;                                                                 3817P   3308
126,1,1,1,0,1,0,0.0007,0.0007,0.0035,0.0035,1.,1.,1.,               3819P   3309
0.00596421471173,0.,1.,1.,0.,0.0007,0.0035,0.,0.,1.;                3819P   3310
126,1,1,1,0,1,0,0.00135136703824,0.00135136703824,                  3821P   3311
0.00155842227432,0.00155842227432,1.,1.,1.,1.,0.,                   3821P   3312
0.66666666666667,1.,0.,0.00135136703824,0.00155842227432,0.,0.,     3821P   3313
1.;                                                                 3821P   3314
126,8,2,1,0,1,0,-4.71238898038468,-4.71238898038468,                3823P   3315
-4.71238898038468,-4.31968989868596,-4.31968989868596,              3823P   3316
-3.92699081698724,-3.92699081698724,-3.53429173528852,              3823P   3317
-3.53429173528852,-3.14159265358981,-3.14159265358981,              3823P   3318
-3.14159265358981,1.,1.,1.,1.,1.,1.,1.,1.,1.,0.66666666666667,      3823P   3319
1.,0.,0.5340584217469,1.,0.,0.41154437842328,0.98919050447476,      3823P   3320
0.,0.28903033509965,0.97838100894953,0.,0.19526214587564,           3823P   3321
0.95840766560445,0.,0.10149395665162,0.93843432225938,0.,           3823P   3322
0.05074697832581,0.91233789155994,0.,0.,0.8862414608605,0.,0.,      3823P   3323
0.85799488781596,0.,-4.71238898038468,-3.14159265358981,0.,0.,      3823P   3324
1.;                                                                 3823P   3325
126,1,1,1,0,1,0,0.,0.,0.0018,0.0018,1.,1.,0.,0.85799488781596,      3825P   3326
0.,0.,0.21897188298779,0.,0.,0.0018,0.,0.,1.;                       3825P   3327
102,5,3817,3819,3821,3823,3825;                                     3827P   3328
110,-4.7,13.1,1.42923048454133,-5.3,12.5,1.59;                      3829P   3329
110,-5.3,12.5,1.59,-2.5,12.5,1.59;                                  3831P   3330
110,-2.5,12.5,1.59,-2.5,12.7,1.53641016151378;                      3833P   3331
124,0.,1.,0.,-2.9,-0.96592582628907,0.,0.25881904510252,12.7,       3835P   3332
0.25881904510252,0.,0.96592582628907,1.53641016151378;              3835P   3333
104,0.00000000000016,0.,0.00000000000017,0.,0.,                     3837P   3334
-0.00000000000003,0.,-0.,0.4,-0.41411047216404,0.00000000000001;    3837P   3335
110,-2.9,13.1,1.42923048454133,-4.7,13.1,1.42923048454133;          3839P   3336
102,5,3829,3831,3833,3837,3839;                                     3841P   3337
142,1,3815,3827,3841,2;                                             3843P   3338
144,3815,1,0,3843;                                                  3845P   3339
110,-5.3168,12.5,4.33,-5.3168,13.1,4.49076951545867;                3847P   3340
122,3847,-2.5,12.5,4.33;                                            3849P   3341
126,1,1,1,0,1,0,-0.00065684696023,-0.00065684696023,                3851P   3342
0.00020677728509,0.00020677728509,1.,1.,0.,0.00596421471173,0.,     3851P   3343
1.,0.21897188298779,0.,-0.00065684696023,0.00020677728509,0.,0.,    3851P   3344
1.;                                                                 3851P   3345
126,1,1,1,0,1,0,-0.0018,-0.0018,0.,0.,1.,1.,1.,0.21897188298779,    3853P   3346
0.,1.,0.85799488781596,0.,-0.0018,0.,0.,0.,1.;                      3853P   3347
126,8,2,1,0,1,0,-6.28318530717957,-6.28318530717957,                3855P   3348
-6.28318530717957,-5.89048622548085,-5.89048622548085,              3855P   3349
-5.49778714378214,-5.49778714378214,-5.10508806208342,              3855P   3350
-5.10508806208342,-4.7123889803847,-4.7123889803847,                3855P   3351
-4.7123889803847,1.,1.,1.,1.,1.,1.,1.,1.,1.,1.,0.85799488781596,    3855P   3352
0.,1.,0.8862414608605,0.,0.94925302167419,0.91233789155994,0.,      3855P   3353
0.89850604334838,0.93843432225937,0.,0.80473785412436,              3855P   3354
0.95840766560445,0.,0.71096966490034,0.97838100894953,0.,           3855P   3355
0.58845562157672,0.98919050447476,0.,0.4659415782531,1.,0.,         3855P   3356
0.33333333333333,1.,0.,-6.28318530717957,-4.7123889803847,0.,0.,    3855P   3357
1.;                                                                 3855P   3358
126,1,1,1,0,1,0,-0.00199841465099,-0.00199841465099,                3857P   3359
-0.00179135941491,-0.00179135941491,1.,1.,0.33333333333333,1.,      3857P   3360
0.,0.,1.,0.,-0.00199841465099,-0.00179135941491,0.,0.,1.;           3857P   3361
126,1,1,1,0,1,0,-0.0035,-0.0035,-0.0007,-0.0007,1.,1.,0.,1.,0.,     3859P   3362
0.,0.00596421471173,0.,-0.0035,-0.0007,0.,0.,1.;                    3859P   3363
102,5,3851,3853,3855,3857,3859;                                     3861P   3364
110,-5.3,12.5,4.33,-4.7,13.1,4.49076951545867;                      3863P   3365
110,-4.7,13.1,4.49076951545867,-2.9,13.1,4.49076951545867;          3865P   3366
124,0.,1.,0.,-2.9,0.96592582628907,0.,0.25881904510252,12.7,        3867P   3367
0.25881904510252,0.,-0.96592582628907,4.38358983848622;             3867P   3368
104,0.00000000000016,0.,0.00000000000017,0.,0.,                     3869P   3369
-0.00000000000003,0.,0.41411047216404,0.00000000000001,0.,0.4;      3869P   3370
110,-2.5,12.7,4.38358983848623,-2.5,12.5,4.33;                      3871P   3371
110,-2.5,12.5,4.33,-5.3,12.5,4.33;                                  3873P   3372
102,5,3863,3865,3869,3871,3873;                                     3875P   3373
142,1,3849,3861,3875,2;                                             3877P   3374
144,3849,1,0,3877;                                                  3879P   3375
110,-5.3,12.5,4.13,-5.3,12.5,4.33;                                  3881P   3376
122,3881,-2.5,12.5,4.13;                                            3883P   3377
126,1,1,1,0,1,0,-0.00095,-0.00095,-0.00075,-0.00075,1.,1.,1.,1.,    3885P   3378
0.,0.,1.,0.,-0.00095,-0.00075,0.,0.,1.;                             3885P   3379
126,1,1,1,0,1,0,-0.0035,-0.0035,-0.0007,-0.0007,1.,1.,0.,1.,0.,     3887P   3380
0.,0.,0.,-0.0035,-0.0007,0.,0.,1.;                                  3887P   3381
126,1,1,1,0,1,0,0.00075,0.00075,0.00095,0.00095,1.,1.,0.,0.,0.,     3889P   3382
1.,0.,0.,0.00075,0.00095,0.,0.,1.;                                  3889P   3383
126,1,1,1,0,1,0,0.0007,0.0007,0.0035,0.0035,1.,1.,1.,0.,0.,1.,      3891P   3384
1.,0.,0.0007,0.0035,0.,0.,1.;                                       3891P   3385
102,4,3885,3887,3889,3891;                                          3893P   3386
110,-2.5,12.5,4.33,-2.5,12.5,4.13;                                  3895P   3387
110,-2.5,12.5,4.13,-5.3,12.5,4.13;                                  3897P   3388
110,-5.3,12.5,4.13,-5.3,12.5,4.33;                                  3899P   3389
110,-5.3,12.5,4.33,-2.5,12.5,4.33;                                  3901P   3390
102,4,3895,3897,3899,3901;                                          3903P   3391
142,1,3883,3893,3903,2;                                             3905P   3392
144,3883,1,0,3905;                                                  3907P   3393
110,-5.3168,13.1,3.96923048454133,-5.3168,12.5,4.13;                3909P   3394
122,3909,-2.5,13.1,3.96923048454133;                                3911P   3395
126,1,1,1,0,1,0,0.00010968925433,0.00010968925433,                  3913P   3396
0.00097331349965,0.00097331349965,1.,1.,0.,0.21897188298779,0.,     3913P   3397
1.,0.00596421471173,0.,0.00010968925433,0.00097331349965,0.,0.,     3913P   3398
1.;                                                                 3913P   3399
126,1,1,1,0,1,0,0.0007,0.0007,0.0035,0.0035,1.,1.,1.,               3915P   3400
0.00596421471173,0.,1.,1.,0.,0.0007,0.0035,0.,0.,1.;                3915P   3401
126,1,1,1,0,1,0,0.00135136703824,0.00135136703824,                  3917P   3402
0.00155842227432,0.00155842227432,1.,1.,1.,1.,0.,                   3917P   3403
0.66666666666667,1.,0.,0.00135136703824,0.00155842227432,0.,0.,     3917P   3404
1.;                                                                 3917P   3405
126,8,2,1,0,1,0,-4.71238898038468,-4.71238898038468,                3919P   3406
-4.71238898038468,-4.31968989868596,-4.31968989868596,              3919P   3407
-3.92699081698724,-3.92699081698724,-3.53429173528852,              3919P   3408
-3.53429173528852,-3.14159265358981,-3.14159265358981,              3919P   3409
-3.14159265358981,1.,1.,1.,1.,1.,1.,1.,1.,1.,0.66666666666667,      3919P   3410
1.,0.,0.5340584217469,1.,0.,0.41154437842328,0.98919050447476,      3919P   3411
0.,0.28903033509965,0.97838100894953,0.,0.19526214587564,           3919P   3412
0.95840766560445,0.,0.10149395665162,0.93843432225938,0.,           3919P   3413
0.05074697832581,0.91233789155994,0.,0.,0.8862414608605,0.,0.,      3919P   3414
0.85799488781596,0.,-4.71238898038468,-3.14159265358981,0.,0.,      3919P   3415
1.;                                                                 3919P   3416
126,1,1,1,0,1,0,0.,0.,0.0018,0.0018,1.,1.,0.,0.85799488781596,      3921P   3417
0.,0.,0.21897188298779,0.,0.,0.0018,0.,0.,1.;                       3921P   3418
102,5,3913,3915,3917,3919,3921;                                     3923P   3419
110,-4.7,13.1,3.96923048454133,-5.3,12.5,4.13;                      3925P   3420
110,-5.3,12.5,4.13,-2.5,12.5,4.13;                                  3927P   3421
110,-2.5,12.5,4.13,-2.5,12.7,4.07641016151378;                      3929P   3422
124,0.,1.,0.,-2.9,-0.96592582628907,0.,0.25881904510252,12.7,       3931P   3423
0.25881904510252,0.,0.96592582628907,4.07641016151378;              3931P   3424
104,0.00000000000016,0.,0.00000000000017,0.,0.,                     3933P   3425
-0.00000000000003,0.,-0.,0.4,-0.41411047216404,0.00000000000001;    3933P   3426
110,-2.9,13.1,3.96923048454133,-4.7,13.1,3.96923048454133;          3935P   3427
102,5,3925,3927,3929,3933,3935;                                     3937P   3428
142,1,3911,3923,3937,2;                                             3939P   3429
144,3911,1,0,3939;                                                  3941P   3430
110,-0.06369855489918,10.01028021077328,0.7790595870906,            3943P   3431
1.21242987761759,10.01028021077328,0.23764414611206;                3943P   3432
122,3943,-0.28645886138793,11.47059777553287,0.25400850943263;      3945P   3433
126,1,1,1,0,1,0,-0.00251011865185,-0.00251011865185,                3947P   3434
-0.00108580303803,-0.00108580303803,1.,1.,0.99407114624506,         3947P   3435
0.2301759280666,0.,0.32524253202711,0.91985004648022,0.,            3947P   3436
-0.00251011865185,-0.00108580303803,0.,0.,1.;                       3947P   3437
126,2,2,1,0,1,0,-0.,-0.,-0.,0.39269908169873,0.39269908169873,      3949P   3438
0.39269908169873,1.,1.,1.,0.32524253202711,0.91985004648022,0.,     3949P   3439
0.2785400028493,0.96800816195806,0.,0.21108618555979,               3949P   3440
0.99407114624506,0.,-0.,0.39269908169873,0.,0.,1.;                  3949P   3441
126,1,1,1,0,1,0,-0.00016766313427,-0.00016766313427,                3951P   3442
0.00040401842495,0.00040401842495,1.,1.,0.21108618555979,           3951P   3443
0.99407114624506,0.,0.00592885375494,0.67774285067211,0.,           3951P   3444
-0.00016766313427,0.00040401842495,0.,0.,1.;                        3951P   3445
126,1,1,1,0,1,0,-0.00156066017178,-0.00156066017178,                3953P   3446
-0.00017322929705,-0.00017322929705,1.,1.,0.00592885375494,         3953P   3447
0.67774285067211,0.,0.65743717134104,0.00592885375494,0.,           3953P   3448
-0.00156066017178,-0.00017322929705,0.,0.,1.;                       3953P   3449
126,2,2,1,0,1,0,-1.51362232571424,-1.51362232571424,                3955P   3450
-1.51362232571424,-1.19024913510508,-1.19024913510508,              3955P   3451
-1.19024913510508,1.,1.,1.,0.65743717134104,0.00592885375494,0.,    3955P   3452
0.82519566526894,0.12899287493574,0.,0.99407114624506,              3955P   3453
0.2301759280666,0.,-1.51362232571424,-1.19024913510508,0.,0.,1.;    3955P   3454
102,5,3947,3949,3951,3953,3955;                                     3957P   3455
110,1.15358983848622,10.34641016151378,0.12,0.14644660940673,       3959P   3456
11.35355339059327,0.12;                                             3959P   3457
124,0.60633906259083,-0.70710678118655,0.3638034375545,             3961P   3458
-0.20710678118655,0.60633906259083,0.70710678118655,                3961P   3459
0.3638034375545,11.,-0.51449575542753,0.,0.85749292571254,0.42;     3961P   3460
104,0.00000000000025,0.,0.00000000000034,0.,0.,                     3963P   3461
-0.00000000000009,0.,0.58309518948453,0.,0.53870971107055,          3963P   3462
0.19134171618255;                                                   3963P   3463
110,-0.015765065004,11.46193976625564,0.14283614024661,             3965P   3464
-0.20710678118655,11.,0.42;                                         3965P   3465
110,-0.20710678118655,11.,0.42,0.77395499876294,                    3967P   3466
10.01893822005051,0.42;                                             3967P   3467
124,0.60633906259083,0.70710678118655,-0.3638034375545,             3969P   3468
1.08216417475341,0.60633906259083,-0.70710678118655,                3969P   3469
-0.3638034375545,9.58216417475341,-0.51449575542753,-0.,            3969P   3470
-0.85749292571254,0.47454545454545;                                 3969P   3471
104,0.00000000000028,0.,0.00000000000344,0.,0.,                     3971P   3472
-0.00000000000096,0.,0.106017307179,-0.52678268764264,              3971P   3473
0.68911249666353,-0.48989794855664;                                 3971P   3474
102,5,3959,3963,3965,3967,3971;                                     3973P   3475
142,1,3945,3957,3973,2;                                             3975P   3476
144,3945,1,0,3975;                                                  3977P   3477
110,1.21242987761759,10.01028021077328,2.30235585388794,            3979P   3478
-0.06369855489919,10.01028021077328,1.7609404129094;                3979P   3479
122,3979,0.98966957112884,11.47059777553288,2.8274069315459;        3981P   3480
126,1,1,1,0,1,0,-0.00247323391276,-0.00247323391276,                3983P   3481
-0.00108580303803,-0.00108580303803,1.,1.,0.34256282865896,         3983P   3482
0.00592885375494,0.,0.99407114624506,0.67774285067211,0.,           3983P   3483
-0.00247323391276,-0.00108580303803,0.,0.,1.;                       3983P   3484
126,1,1,1,0,1,0,-0.00095348348288,-0.00095348348288,                3985P   3485
-0.00038180192365,-0.00038180192365,1.,1.,0.99407114624506,         3985P   3486
0.67774285067211,0.,0.78891381444021,0.99407114624506,0.,           3985P   3487
-0.00095348348288,-0.00038180192365,0.,0.,1.;                       3985P   3488
126,2,2,1,0,1,0,2.74889357189106,2.74889357189106,                  3987P   3489
2.74889357189106,3.14159265358979,3.14159265358979,                 3987P   3490
3.14159265358979,1.,1.,1.,0.78891381444021,0.99407114624506,0.,     3987P   3491
0.7214599971507,0.96800816195806,0.,0.67475746797289,               3987P   3492
0.91985004648022,0.,2.74889357189106,3.14159265358979,0.,0.,1.;     3987P   3493
126,1,1,1,0,1,0,0.00108580303803,0.00108580303803,                  3989P   3494
0.00251011865185,0.00251011865185,1.,1.,0.67475746797289,           3989P   3495
0.91985004648022,0.,0.00592885375494,0.2301759280666,0.,            3989P   3496
0.00108580303803,0.00251011865185,0.,0.,1.;                         3989P   3497
126,2,2,1,0,1,0,-5.0929361720745,-5.0929361720745,                  3991P   3498
-5.0929361720745,-4.76956298146535,-4.76956298146535,               3991P   3499
-4.76956298146535,1.,1.,1.,0.00592885375494,0.2301759280666,0.,     3991P   3500
0.17480433473106,0.12899287493574,0.,0.34256282865896,              3991P   3501
0.00592885375494,0.,-5.0929361720745,-4.76956298146535,0.,0.,1.;    3991P   3502
102,5,3983,3985,3987,3989,3991;                                     3993P   3503
110,0.77395499876294,10.01893822005051,2.12,-0.20710678118655,      3995P   3504
11.,2.12;                                                           3995P   3505
110,-0.20710678118655,11.,2.12,-0.015765065004,                     3997P   3506
11.46193976625564,2.39716385975339;                                 3997P   3507
124,-0.60633906259083,-0.70710678118655,0.3638034375545,            3999P   3508
-0.20710678118655,-0.60633906259083,0.70710678118655,               3999P   3509
0.3638034375545,11.,-0.51449575542753,0.,-0.85749292571254,2.12;    3999P   3510
104,0.00000000000025,0.,0.00000000000034,0.,0.,                     4001P   3511
-0.00000000000009,0.,-0.53870971107055,0.19134171618255,            4001P   3512
-0.58309518948453,0.;                                               4001P   3513
110,0.14644660940673,11.35355339059327,2.42,1.15358983848623,       4003P   3514
10.34641016151377,2.42;                                             4003P   3515
124,0.60633906259083,-0.70710678118655,-0.3638034375545,            4005P   3516
1.08216417475341,0.60633906259083,0.70710678118655,                 4005P   3517
-0.3638034375545,9.58216417475341,0.51449575542753,-0.,             4005P   3518
0.85749292571254,2.06545454545455;                                  4005P   3519
104,0.00000000000028,0.,0.00000000000344,0.,0.,                     4007P   3520
-0.00000000000096,0.,0.68911249666352,0.48989794855663,             4007P   3521
0.106017307179,0.52678268764263;                                    4007P   3522
102,5,3995,3997,4001,4003,4007;                                     4009P   3523
142,1,3981,3993,4009,2;                                             4011P   3524
144,3981,1,0,4011;                                                  4013P   3525
110,-0.06369855489918,10.01028021077328,3.3190595870906,            4015P   3526
1.21242987761759,10.01028021077328,2.77764414611206;                4015P   3527
122,4015,-0.28645886138793,11.47059777553287,2.79400850943264;      4017P   3528
126,1,1,1,0,1,0,-0.00251011865185,-0.00251011865185,                4019P   3529
-0.00108580303803,-0.00108580303803,1.,1.,0.99407114624506,         4019P   3530
0.2301759280666,0.,0.32524253202711,0.91985004648022,0.,            4019P   3531
-0.00251011865185,-0.00108580303803,0.,0.,1.;                       4019P   3532
126,2,2,1,0,1,0,-0.,-0.,-0.,0.39269908169873,0.39269908169873,      4021P   3533
0.39269908169873,1.,1.,1.,0.32524253202711,0.91985004648022,0.,     4021P   3534
0.2785400028493,0.96800816195806,0.,0.21108618555979,               4021P   3535
0.99407114624506,0.,-0.,0.39269908169873,0.,0.,1.;                  4021P   3536
126,1,1,1,0,1,0,-0.00016766313427,-0.00016766313427,                4023P   3537
0.00040401842495,0.00040401842495,1.,1.,0.21108618555979,           4023P   3538
0.99407114624506,0.,0.00592885375494,0.67774285067211,0.,           4023P   3539
-0.00016766313427,0.00040401842495,0.,0.,1.;                        4023P   3540
126,1,1,1,0,1,0,-0.00156066017178,-0.00156066017178,                4025P   3541
-0.00017322929705,-0.00017322929705,1.,1.,0.00592885375494,         4025P   3542
0.67774285067211,0.,0.65743717134104,0.00592885375494,0.,           4025P   3543
-0.00156066017178,-0.00017322929705,0.,0.,1.;                       4025P   3544
126,2,2,1,0,1,0,-1.51362232571424,-1.51362232571424,                4027P   3545
-1.51362232571424,-1.19024913510508,-1.19024913510508,              4027P   3546
-1.19024913510508,1.,1.,1.,0.65743717134104,0.00592885375494,0.,    4027P   3547
0.82519566526894,0.12899287493574,0.,0.99407114624506,              4027P   3548
0.2301759280666,0.,-1.51362232571424,-1.19024913510508,0.,0.,1.;    4027P   3549
102,5,4019,4021,4023,4025,4027;                                     4029P   3550
110,1.15358983848622,10.34641016151378,2.66,0.14644660940673,       4031P   3551
11.35355339059327,2.66;                                             4031P   3552
124,0.60633906259083,-0.70710678118655,0.3638034375545,             4033P   3553
-0.20710678118655,0.60633906259083,0.70710678118655,                4033P   3554
0.3638034375545,11.,-0.51449575542753,0.,0.85749292571254,2.96;     4033P   3555
104,0.00000000000025,0.,0.00000000000034,0.,0.,                     4035P   3556
-0.00000000000009,0.,0.58309518948453,-0.,0.53870971107055,         4035P   3557
0.19134171618255;                                                   4035P   3558
110,-0.015765065004,11.46193976625564,2.68283614024661,             4037P   3559
-0.20710678118655,11.,2.96;                                         4037P   3560
110,-0.20710678118655,11.,2.96,0.77395499876294,                    4039P   3561
10.01893822005051,2.96;                                             4039P   3562
124,0.60633906259083,0.70710678118655,-0.3638034375545,             4041P   3563
1.08216417475341,0.60633906259083,-0.70710678118655,                4041P   3564
-0.3638034375545,9.58216417475341,-0.51449575542753,-0.,            4041P   3565
-0.85749292571254,3.01454545454545;                                 4041P   3566
104,0.00000000000028,0.,0.00000000000344,0.,0.,                     4043P   3567
-0.00000000000096,0.,0.106017307179,-0.52678268764264,              4043P   3568
0.68911249666353,-0.48989794855664;                                 4043P   3569
102,5,4031,4035,4037,4039,4043;                                     4045P   3570
142,1,4017,4029,4045,2;                                             4047P   3571
144,4017,1,0,4047;                                                  4049P   3572
110,1.21242987761759,10.01028021077328,4.84235585388794,            4051P   3573
-0.06369855489919,10.01028021077328,4.3009404129094;                4051P   3574
122,4051,0.98966957112884,11.47059777553287,5.36740693154591;       4053P   3575
126,1,1,1,0,1,0,-0.00247323391276,-0.00247323391276,                4055P   3576
-0.00108580303803,-0.00108580303803,1.,1.,0.34256282865896,         4055P   3577
0.00592885375494,0.,0.99407114624506,0.67774285067211,0.,           4055P   3578
-0.00247323391276,-0.00108580303803,0.,0.,1.;                       4055P   3579
126,1,1,1,0,1,0,-0.00095348348288,-0.00095348348288,                4057P   3580
-0.00038180192365,-0.00038180192365,1.,1.,0.99407114624506,         4057P   3581
0.67774285067211,0.,0.78891381444021,0.99407114624506,0.,           4057P   3582
-0.00095348348288,-0.00038180192365,0.,0.,1.;                       4057P   3583
126,2,2,1,0,1,0,2.74889357189106,2.74889357189106,                  4059P   3584
2.74889357189106,3.14159265358979,3.14159265358979,                 4059P   3585
3.14159265358979,1.,1.,1.,0.78891381444021,0.99407114624506,0.,     4059P   3586
0.7214599971507,0.96800816195806,0.,0.67475746797289,               4059P   3587
0.91985004648022,0.,2.74889357189106,3.14159265358979,0.,0.,1.;     4059P   3588
126,1,1,1,0,1,0,0.00108580303803,0.00108580303803,                  4061P   3589
0.00251011865185,0.00251011865185,1.,1.,0.67475746797289,           4061P   3590
0.91985004648022,0.,0.00592885375494,0.2301759280666,0.,            4061P   3591
0.00108580303803,0.00251011865185,0.,0.,1.;                         4061P   3592
126,2,2,1,0,1,0,-5.0929361720745,-5.0929361720745,                  4063P   3593
-5.0929361720745,-4.76956298146535,-4.76956298146535,               4063P   3594
-4.76956298146535,1.,1.,1.,0.00592885375494,0.2301759280666,0.,     4063P   3595
0.17480433473106,0.12899287493574,0.,0.34256282865896,              4063P   3596
0.00592885375494,0.,-5.0929361720745,-4.76956298146535,0.,0.,1.;    4063P   3597
102,5,4055,4057,4059,4061,4063;                                     4065P   3598
110,0.77395499876294,10.01893822005051,4.66,-0.20710678118655,      4067P   3599
11.,4.66;                                                           4067P   3600
110,-0.20710678118655,11.,4.66,-0.015765065004,                     4069P   3601
11.46193976625564,4.93716385975339;                                 4069P   3602
124,-0.60633906259083,-0.70710678118655,0.3638034375545,            4071P   3603
-0.20710678118655,-0.60633906259083,0.70710678118655,               4071P   3604
0.3638034375545,11.,-0.51449575542753,0.,-0.85749292571254,4.66;    4071P   3605
104,0.00000000000025,0.,0.00000000000034,0.,0.,                     4073P   3606
-0.00000000000009,0.,-0.53870971107055,0.19134171618255,            4073P   3607
-0.58309518948453,0.;                                               4073P   3608
110,0.14644660940673,11.35355339059327,4.96,1.15358983848623,       4075P   3609
10.34641016151377,4.96;                                             4075P   3610
124,0.60633906259083,-0.70710678118655,-0.3638034375545,            4077P   3611
1.08216417475341,0.60633906259083,0.70710678118655,                 4077P   3612
-0.3638034375545,9.58216417475341,0.51449575542753,-0.,             4077P   3613
0.85749292571254,4.60545454545455;                                  4077P   3614
104,0.00000000000028,0.,0.00000000000344,0.,0.,                     4079P   3615
-0.00000000000096,0.,0.68911249666353,0.48989794855663,             4079P   3616
0.106017307179,0.52678268764263;                                    4079P   3617
102,5,4067,4069,4073,4075,4079;                                     4081P   3618
142,1,4053,4065,4081,2;                                             4083P   3619
144,4053,1,0,4083;                                                  4085P   3620
S      2G      3D   4086P   3620                                        T      1
